PRTNUM,picked_qty,pick_lines,orders,cum_qty_pct,cum_sku_pct,ABC_vol,ABC_freq
10027530,35308,120,108,2.6,0.02,A,A
P000244283-001-001,33826,32,31,5.09,0.05,A,A
9125502501,23100,36,36,6.79,0.07,A,A
10027512,18878,104,95,8.18,0.09,A,A
A000303327,16009,144,130,9.36,0.11,A,A
9125534533,15380,3,3,10.49,0.14,A,B
9126404501,14870,34,34,11.59,0.16,A,A
10027538,14359,115,108,12.64,0.18,A,A
P000243720-001-001,13365,15,15,13.63,0.21,A,A
A000307030,12830,112,104,14.57,0.23,A,A
10027539,12684,114,104,15.5,0.25,A,A
9125502533,10741,211,211,16.3,0.28,A,A
10027505,10258,131,126,17.05,0.3,A,A
9126904501,9440,39,39,17.75,0.32,A,A
P000236306-001-005,9226,31,30,18.42,0.34,A,A
9126434533,7519,3,3,18.98,0.37,A,B
9125590530,7314,36,35,19.52,0.39,A,A
3714913005,7200,3,3,20.05,0.41,A,B
A000349459,6980,34,31,20.56,0.44,A,A
A000349472,6957,71,67,21.07,0.46,A,A
A000424591,6860,13,13,21.58,0.48,A,A
P000236306-001-006,6600,5,5,22.06,0.51,A,B
A000349465,6335,48,44,22.53,0.53,A,A
A000455435,5989,129,127,22.97,0.55,A,A
A000439936,5942,17,15,23.41,0.57,A,A
9125602500,5780,33,33,23.83,0.6,A,A
A000141082,5625,32,32,24.25,0.62,A,A
9125590550,5570,30,30,24.66,0.64,A,A
P000238100-001-001,5405,23,22,25.06,0.67,A,A
A000307022,5344,77,74,25.45,0.69,A,A
P001424375-001-001,5290,50,50,25.84,0.71,A,A
10027525,5197,51,45,26.22,0.73,A,A
A000349471,4935,31,30,26.58,0.76,A,A
9125502502,4790,10,10,26.94,0.78,A,A
9064990181,4710,33,33,27.28,0.8,A,A
9126404533,4372,148,148,27.61,0.83,A,A
A000180490,4350,15,15,27.93,0.85,A,A
9126690530,4233,42,42,28.24,0.87,A,A
9063590190,4040,38,38,28.53,0.9,A,A
9184604010,4025,1,1,28.83,0.92,A,C
9306000000,4025,1,1,29.13,0.94,A,C
9125583506,4000,2,2,29.42,0.96,A,B
9125583507,4000,2,2,29.72,0.99,A,B
9135590050,4000,36,36,30.01,1.01,A,A
A000431340,3990,7,7,30.3,1.03,A,B
9960207001,3856,46,46,30.59,1.06,A,A
A000367124,3810,17,15,30.87,1.08,A,A
9126994531,3638,155,155,31.14,1.1,A,A
A000071181,3633,27,27,31.4,1.13,A,A
A000349458,3488,20,19,31.66,1.15,A,A
10027523,3478,38,34,31.92,1.17,A,A
P000243788-001-001,3475,17,16,32.17,1.19,A,A
A000349476,3461,31,30,32.43,1.22,A,A
10034529,3447,125,119,32.68,1.24,A,A
A000391915,3410,14,13,32.93,1.26,A,A
A000493807,3377,273,263,33.18,1.29,A,A
9136690071,3330,49,48,33.43,1.31,A,A
9064990182,3280,22,22,33.67,1.33,A,A
9126404502,3280,9,9,33.91,1.36,A,A
P000236305-001-004,3265,23,23,34.15,1.38,A,A
P001342554-012-001,3240,81,81,34.39,1.4,A,A
P000238210-001-001,3240,24,24,34.63,1.42,A,A
10021438,3165,128,124,34.86,1.45,A,A
10027540,3084,29,27,35.09,1.47,A,A
9126604501,3080,26,26,35.31,1.49,A,A
9127917506,3050,10,10,35.54,1.52,A,A
9125536506,3050,4,4,35.76,1.54,A,B
9200112000,3030,42,42,35.99,1.56,A,A
A000349480,3012,29,27,36.21,1.58,A,A
9125536507,3000,3,3,36.43,1.61,A,B
P001417022-020-001,3000,3,3,36.65,1.63,A,B
P001417022-010-001,3000,3,3,36.87,1.65,A,B
9127990171,2960,24,24,37.09,1.68,A,A
P001112073-002-050,2950,10,8,37.3,1.7,A,A
A000349511,2932,23,23,37.52,1.72,A,A
9126494531,2925,122,122,37.74,1.75,A,A
A000391910,2921,10,9,37.95,1.77,A,A
P000244280-001-001,2900,15,15,38.16,1.79,A,A
A000349384,2818,21,21,38.37,1.81,A,A
A000431342,2800,7,7,38.58,1.84,A,A
9126904533,2795,89,89,38.78,1.86,A,A
9126904502,2790,13,13,38.99,1.88,A,A
9282809030,2788,136,136,39.19,1.91,A,A
9125690510,2770,18,18,39.4,1.93,A,A
A000349469,2757,22,22,39.6,1.95,A,A
A000463441,2754,23,20,39.8,1.98,A,A
9125502536,2750,5,5,40.01,2.0,A,B
A000391921,2736,13,12,40.21,2.02,A,A
A000431338,2716,7,7,40.41,2.04,A,A
A000401594,2713,176,169,40.61,2.07,A,A
9136690072,2710,39,38,40.81,2.09,A,A
A000307014,2709,67,66,41.01,2.11,A,A
P000047582-350-200,2707,112,112,41.21,2.14,A,A
P000238189-001-001,2701,9,9,41.4,2.16,A,A
9125590510,2700,22,22,41.6,2.18,A,A
A000303802,2659,43,39,41.8,2.2,A,A
9126690511,2631,110,110,41.99,2.23,A,A
9126690275,2630,41,41,42.19,2.25,A,A
A000423055,2607,14,12,42.38,2.27,A,A
P000243756-001-001,2600,10,10,42.57,2.3,A,A
A000455432,2590,59,54,42.76,2.32,A,A
9400090171,2590,54,54,42.95,2.34,A,A
P001094301-361-125,2575,19,18,43.14,2.37,A,A
A000349512,2558,23,23,43.33,2.39,A,A
A000493806,2551,254,243,43.52,2.41,A,A
3670000338,2516,7,7,43.7,2.43,A,A
A000367127,2510,13,13,43.89,2.46,A,A
P000243768-001-001,2505,27,27,44.07,2.48,A,A
P001112073-001-050,2500,9,8,44.26,2.5,A,A
9400090172,2480,48,48,44.44,2.53,A,A
A000349468,2479,27,27,44.62,2.55,A,A
A000349478,2479,30,30,44.8,2.57,A,A
9125590520,2450,21,21,44.98,2.6,A,A
A000303330,2444,54,49,45.16,2.62,A,A
P001501268-260-001,2440,13,13,45.34,2.64,A,A
3592828090,2400,2,2,45.52,2.66,A,B
9011109260,2379,17,17,45.69,2.69,A,A
A000307028,2377,40,36,45.87,2.71,A,A
9011109290,2355,94,94,46.04,2.73,A,A
9125517501,2310,22,22,46.21,2.76,A,A
P000243454-001-001,2298,18,18,46.38,2.78,A,A
A000421505,2284,10,10,46.55,2.8,A,A
A000349491,2270,42,40,46.72,2.82,A,A
10036211,2257,67,59,46.88,2.85,A,A
A000127134,2250,5,5,47.05,2.87,A,B
P000238212-001-001,2243,24,23,47.21,2.89,A,A
A000431341,2210,6,6,47.38,2.92,A,B
9410927506,2200,6,6,47.54,2.94,A,B
9411927507,2195,21,21,47.7,2.96,A,A
P000244285-001-001,2190,12,12,47.86,2.99,A,A
9125590511,2180,114,114,48.02,3.01,A,A
A000349484,2171,28,25,48.18,3.03,A,A
A000391463,2143,15,10,48.34,3.05,A,A
P000244289-001-001,2110,5,5,48.5,3.08,A,B
9125538533,2100,1,1,48.65,3.1,A,C
9400090176,2090,41,41,48.8,3.12,A,A
P000238152-001-001,2080,26,25,48.96,3.15,A,A
A000455436,2077,141,135,49.11,3.17,A,A
A000498166,2072,80,79,49.26,3.19,A,A
A000318038,2040,21,21,49.41,3.22,A,A
3591008300,2020,5,5,49.56,3.24,A,B
A000391906,2014,9,9,49.71,3.26,A,A
9126436507,2000,2,2,49.86,3.28,A,B
9126436506,2000,2,2,50.0,3.31,A,B
A000143324,2000,1,1,50.15,3.33,A,C
3624913020,2000,2,2,50.3,3.35,A,B
9125683505,2000,2,2,50.45,3.38,A,B
A000191169,2000,6,6,50.59,3.4,A,B
10027536,1961,34,34,50.74,3.42,A,A
A000521854,1954,6,6,50.88,3.45,A,B
A000493031,1947,275,268,51.02,3.47,A,A
9127990172,1940,17,17,51.17,3.49,A,A
A000141407,1930,14,14,51.31,3.51,A,A
A000349466,1928,33,32,51.45,3.54,A,A
A000349483,1924,39,36,51.59,3.56,A,A
9400090177,1920,42,36,51.73,3.58,A,A
9005500500,1900,33,32,51.87,3.61,A,A
10036435,1896,27,27,52.01,3.63,A,A
9126604533,1893,87,87,52.15,3.65,A,A
A000349460,1874,26,22,52.29,3.67,A,A
A000408925,1871,235,227,52.43,3.7,A,A
9135590051,1863,79,79,52.57,3.72,A,A
7225014,1860,16,16,52.7,3.74,A,A
9960507001,1830,34,32,52.84,3.77,A,A
9103623157,1800,8,7,52.97,3.79,A,A
9125596531,1795,71,71,53.1,3.81,A,A
9126690510,1790,20,20,53.23,3.84,A,A
A000349516,1751,19,19,53.36,3.86,A,A
A000127136,1750,4,4,53.49,3.88,A,B
A000303331,1747,24,20,53.62,3.9,A,A
9136690074,1738,82,82,53.75,3.93,A,A
9126934533,1680,1,1,53.87,3.95,A,C
9125634535,1680,1,1,54.0,3.97,A,C
9126634533,1680,1,1,54.12,4.0,A,C
A000422857,1680,5,5,54.24,4.02,A,B
P000238102-001-001,1667,16,16,54.37,4.04,A,A
P000238150-001-001,1662,23,23,54.49,4.07,A,A
9136690073,1655,66,66,54.61,4.09,A,A
A000394071,1636,14,14,54.73,4.11,A,A
9127917502,1630,18,17,54.85,4.13,A,A
A000307026,1625,50,46,54.97,4.16,A,A
A000071191,1603,31,29,55.09,4.18,A,A
9103623156,1600,9,7,55.21,4.2,A,A
9125502531,1600,24,24,55.32,4.23,A,A
A000395080,1595,7,7,55.44,4.25,A,A
P000236305-001-005,1575,3,3,55.56,4.27,A,B
P001284456-491-001,1570,27,27,55.67,4.29,A,A
A000307016,1570,4,3,55.79,4.32,A,B
P000238211-001-001,1560,9,9,55.9,4.34,A,A
A000366709,1550,15,13,56.02,4.36,A,A
P001501268-239-001,1545,5,5,56.13,4.39,A,B
A000460922,1542,107,104,56.24,4.41,A,A
9126917501,1540,16,16,56.36,4.43,A,A
P000238191-001-001,1523,21,21,56.47,4.46,A,A
9260004500,1520,34,34,56.58,4.48,A,A
A000366731,1515,13,11,56.69,4.5,A,A
A000344217,1512,8,7,56.8,4.52,A,A
P000047601-350-200,1510,75,75,56.92,4.55,A,A
A000131963,1500,2,2,57.03,4.57,A,B
A000132047,1500,1,1,57.14,4.59,A,C
A000131962,1500,5,5,57.25,4.62,A,B
A000422852,1500,5,5,57.36,4.64,A,B
P001469516-800-010,1498,1,1,57.47,4.66,A,C
9261004530,1457,71,71,57.57,4.69,A,A
9100890030,1450,5,5,57.68,4.71,A,B
A000318041,1440,25,25,57.79,4.73,A,A
A000431355,1408,12,12,57.89,4.75,A,A
P001094301-161-125,1400,8,8,57.99,4.78,A,A
A000349481,1392,11,11,58.1,4.8,A,A
P000238101-001-001,1380,19,19,58.2,4.82,A,A
A000421499,1377,21,19,58.3,4.85,A,A
A000395074,1374,6,6,58.4,4.87,A,B
A000460921,1372,124,120,58.5,4.89,A,A
9125517533,1350,109,109,58.6,4.92,A,A
9413917506,1350,6,6,58.7,4.94,A,B
A000349510,1336,16,16,58.8,4.96,A,A
7262215,1331,38,38,58.9,4.98,A,A
A000366769,1320,13,13,58.99,5.01,A,A
3591008400,1320,3,3,59.09,5.03,A,B
9261004500,1310,27,27,59.19,5.05,A,A
A000307021,1300,14,9,59.28,5.08,A,A
9125802500,1300,12,12,59.38,5.1,A,A
A000395077,1296,3,3,59.47,5.12,A,B
A000127664,1295,17,17,59.57,5.14,A,A
A000423130,1294,7,7,59.66,5.17,A,B
A000143339,1290,5,5,59.76,5.19,A,B
9135690050,1290,30,30,59.85,5.21,A,A
10036074,1288,23,23,59.95,5.24,A,A
9143500583,1274,64,64,60.04,5.26,A,A
9144400551,1272,29,29,60.14,5.28,A,A
A000303807,1268,7,6,60.23,5.31,A,B
3714923055,1263,15,15,60.32,5.33,A,A
9411927506,1250,12,12,60.42,5.35,A,A
P000244294-001-001,1250,3,3,60.51,5.37,A,B
9411917506,1250,8,8,60.6,5.4,A,A
9126904536,1250,4,4,60.69,5.42,A,B
P001284456-351-001,1242,22,22,60.78,5.44,A,A
A000349513,1233,16,16,60.87,5.47,A,A
A000306726,1226,17,17,60.96,5.49,A,A
P001459670-002-001,1225,12,12,61.05,5.51,A,A
P000243783-001-001,1225,4,3,61.14,5.54,A,B
A000349486,1225,22,19,61.23,5.56,A,A
A000395076,1217,10,9,61.32,5.58,A,A
A000421503,1202,7,7,61.41,5.6,A,A
10013726,1202,156,142,61.5,5.63,A,A
7302289,1200,9,9,61.59,5.65,A,A
A000423113,1200,2,2,61.68,5.67,A,C
9125631505,1200,6,6,61.77,5.7,A,B
3670000130,1200,2,2,61.85,5.72,A,C
A000422860,1200,4,4,61.94,5.74,A,B
P000238193-001-001,1191,11,11,62.03,5.76,A,A
A000431343,1188,5,5,62.12,5.79,A,B
10013728,1182,111,110,62.2,5.81,A,A
9056904531,1175,29,29,62.29,5.83,A,A
9127917531,1175,99,99,62.38,5.86,A,A
A000349487,1169,24,20,62.46,5.88,A,A
10034595,1164,6,6,62.55,5.9,A,B
A000431351,1150,12,12,62.63,5.93,A,A
P000238220-001-001,1150,11,10,62.72,5.95,A,A
3614911030,1150,2,2,62.8,5.97,A,C
A000349477,1149,14,14,62.89,5.99,A,A
A000366774,1140,10,10,62.97,6.02,A,A
P001501268-260-002,1140,10,10,63.06,6.04,A,A
P000243737-001-001,1138,8,8,63.14,6.06,A,A
P001017198-022-001,1125,26,26,63.22,6.09,A,A
9856049,1125,17,17,63.31,6.11,A,A
P000243786-001-001,1125,5,4,63.39,6.13,A,B
A000463440,1124,19,19,63.47,6.16,A,A
P000236128-001-001,1121,25,25,63.55,6.18,A,A
A000423034,1121,12,12,63.64,6.2,A,A
9260004530,1120,72,71,63.72,6.22,A,A
9126417501,1120,17,17,63.8,6.25,A,A
9063890190,1120,25,24,63.88,6.27,A,A
9011609260,1112,9,9,63.97,6.29,A,A
A000431354,1111,10,10,64.05,6.32,A,A
A000409856,1105,45,45,64.13,6.34,A,A
P000243175-001-001,1100,3,3,64.21,6.36,A,B
9009111700,1100,38,38,64.29,6.38,A,A
9176990900,1100,3,3,64.37,6.41,A,B
A000307018,1090,6,6,64.45,6.43,A,B
A000316173,1090,27,27,64.53,6.45,A,A
A000493354,1080,5,5,64.61,6.48,A,B
9856050,1078,22,22,64.69,6.5,A,A
7225122,1077,34,32,64.77,6.52,A,A
P000047616-350-100,1073,18,18,64.85,6.55,A,A
9000134050,1069,114,114,64.93,6.57,A,A
A000304122,1061,58,58,65.01,6.59,A,A
9126917531,1061,12,12,65.08,6.61,A,A
A000071180,1059,22,21,65.16,6.64,A,A
9011109051,1053,22,20,65.24,6.66,A,A
P000243767-001-001,1051,30,29,65.32,6.68,A,A
9009111730,1051,31,31,65.39,6.71,A,A
3670000029,1050,3,3,65.47,6.73,A,B
A000141083,1050,3,3,65.55,6.75,A,B
9200112001,1037,68,68,65.63,6.78,A,A
A000431344,1036,4,4,65.7,6.8,A,B
P000238085-001-001,1035,13,13,65.78,6.82,A,A
A000422862,1029,19,19,65.85,6.84,A,A
A000146317,1025,21,18,65.93,6.87,A,A
7326122,1020,8,8,66.0,6.89,A,A
9054990010,1020,25,18,66.08,6.91,A,A
A000463443,1017,17,17,66.15,6.94,A,A
A000391959,1016,10,10,66.23,6.96,A,A
10034530,1015,65,60,66.3,6.98,A,A
9064947651,1013,50,49,66.38,7.01,A,A
9011609290,1008,84,84,66.45,7.03,A,A
10034527,1002,54,53,66.53,7.05,A,A
9126484502,1000,1,1,66.6,7.07,A,C
3614913000,1000,2,2,66.67,7.1,A,C
3734913500,1000,1,1,66.75,7.12,A,C
3614913010,1000,4,4,66.82,7.14,A,B
3734913600,1000,1,1,66.89,7.17,A,C
9700231002,1000,2,2,66.97,7.19,A,C
P000243787-001-001,1000,12,12,67.04,7.21,A,A
9016390760,1000,1,1,67.11,7.23,A,C
9700231001,1000,1,1,67.19,7.26,A,C
9125636505,1000,2,2,67.26,7.28,A,C
P001469516-800-011,998,1,1,67.34,7.3,A,C
7381555,992,37,37,67.41,7.33,A,A
A000397319,990,15,15,67.48,7.35,A,A
P000243452-001-001,989,7,7,67.55,7.37,A,A
9340720590,988,20,20,67.63,7.4,A,A
A000316171,981,24,23,67.7,7.42,A,A
A000071259,980,14,11,67.77,7.44,A,A
9000734050,979,34,34,67.84,7.46,A,A
9307222506,977,9,9,67.92,7.49,A,A
P000244315-001-001,970,27,27,67.99,7.51,A,A
9144600551,970,9,9,68.06,7.53,A,A
A000349497,964,17,17,68.13,7.56,A,A
10013729,963,104,96,68.2,7.58,A,A
9135690051,960,55,55,68.27,7.6,A,A
P000243453-001-001,957,13,13,68.34,7.63,A,A
9152255001,955,8,8,68.41,7.65,A,A
10013881,955,160,152,68.48,7.67,A,A
A000402835,954,14,14,68.55,7.69,A,A
10037201,952,25,25,68.62,7.72,A,A
9021000400,950,26,24,68.69,7.74,A,A
9126694531,948,36,36,68.76,7.76,A,A
9064947652,948,47,47,68.83,7.79,A,A
P001031913-001-101,941,66,66,68.9,7.81,A,A
7266546,939,44,42,68.97,7.83,A,A
10013725,937,122,120,69.04,7.85,A,A
9000711150,930,26,25,69.11,7.88,A,A
A000349490,925,14,14,69.18,7.9,A,A
A000349505,922,28,28,69.24,7.92,A,A
A000397779,920,19,19,69.31,7.95,A,A
9144400583,913,56,56,69.38,7.97,A,A
A000316172,911,24,23,69.45,7.99,A,A
9125602535,911,79,79,69.51,8.02,A,A
9753010020,910,3,3,69.58,8.04,A,B
P000237467-001-001,908,8,8,69.65,8.06,A,A
A000321416,907,5,5,69.71,8.08,A,B
P000243083-001-001,902,15,15,69.78,8.11,A,A
A000423143,900,3,3,69.85,8.13,A,B
7225013,900,9,9,69.91,8.15,A,A
P000243794-001-001,894,13,13,69.98,8.18,A,A
9126917533,886,85,84,70.04,8.2,A,A
P001501268-260-003,885,6,6,70.11,8.22,A,B
A000521867,882,5,5,70.17,8.25,A,B
9000790100,880,23,23,70.24,8.27,A,A
A000455439,879,30,26,70.3,8.29,A,A
7225120,879,35,34,70.37,8.31,A,A
P000243731-001-001,875,5,5,70.43,8.34,A,B
9073517012,874,2,1,70.5,8.36,A,C
A000413949,870,11,11,70.56,8.38,A,A
A000431339,860,4,4,70.62,8.41,A,B
A000349461,858,12,12,70.69,8.43,A,A
10013732,854,118,112,70.75,8.45,A,A
9127917507,850,7,7,70.81,8.47,A,A
P000242696-001-001,850,3,3,70.87,8.5,A,B
9362490000,850,8,7,70.94,8.52,A,A
A000349482,840,13,12,71.0,8.54,A,A
A000304349,821,39,37,71.06,8.57,A,A
9127917501,820,11,11,71.12,8.59,A,A
A000427548,818,23,23,71.18,8.61,A,A
10034526,812,104,103,71.24,8.64,A,A
A000423120,810,4,4,71.3,8.66,A,B
P000047637-350-100,809,17,17,71.36,8.68,A,A
A000421498,807,12,10,71.42,8.7,A,A
P000236520-005-001,801,4,4,71.48,8.73,A,B
A000229447,800,5,4,71.54,8.75,A,B
P000243732-001-001,800,4,4,71.6,8.77,A,B
P000047617-010-512,800,1,1,71.65,8.8,A,C
P001112017-150-050,800,7,7,71.71,8.82,A,A
P001112017-100-050,800,5,5,71.77,8.84,A,B
P000238103-001-001,790,15,15,71.83,8.87,A,A
A000423047,789,8,8,71.89,8.89,A,A
9144600583,787,48,48,71.95,8.91,A,A
A000141401,784,20,19,72.0,8.93,A,A
A000391464,784,7,7,72.06,8.96,A,A
9126417533,781,81,81,72.12,8.98,A,A
7170222,780,2,2,72.18,9.0,A,C
7328201,780,7,7,72.23,9.03,A,A
A000421743,771,12,10,72.29,9.05,A,A
9960090170,771,28,27,72.35,9.07,A,A
A000349464,766,5,5,72.4,9.1,A,B
9964107000,765,39,38,72.46,9.12,A,A
P001421481-001-001,765,60,60,72.52,9.14,A,A
A000423048,765,7,6,72.57,9.16,A,A
A000307017,760,18,16,72.63,9.19,A,A
9422827500,754,31,31,72.68,9.21,A,A
A000349457,753,15,14,72.74,9.23,A,A
9100800580,750,3,3,72.79,9.26,A,B
9125502506,750,11,11,72.85,9.28,A,A
P000236363-001-001,750,23,22,72.91,9.3,A,A
3733981190,750,2,2,72.96,9.32,A,C
9126404536,750,2,2,73.02,9.35,A,C
A000423077,748,22,18,73.07,9.37,A,A
A000460919,746,137,134,73.13,9.39,A,A
9125517502,740,13,13,73.18,9.42,A,A
9126404531,739,19,19,73.23,9.44,A,A
9174209005,737,9,9,73.29,9.46,A,A
9100800480,734,61,61,73.34,9.49,A,A
A000304120,734,71,67,73.4,9.51,A,A
P000047582-350-100,730,21,21,73.45,9.53,A,A
P000242842-001-001,730,3,3,73.5,9.55,A,B
7302287,720,9,9,73.56,9.58,A,A
P000242542-001-001,720,5,5,73.61,9.6,A,B
A000306730,719,7,7,73.66,9.62,A,A
P000243715-001-001,718,22,22,73.72,9.65,A,A
A000307012,717,20,20,73.77,9.67,A,A
P000236293-001-001,710,15,15,73.82,9.69,A,A
3670000364,710,3,3,73.87,9.72,A,B
9005500530,709,9,9,73.93,9.74,A,A
10034525,709,49,47,73.98,9.76,A,A
9014209260,706,8,8,74.03,9.78,A,A
A000304353,703,42,42,74.08,9.81,A,A
P001094301-561-125,700,9,9,74.13,9.83,A,A
A000145973,689,8,8,74.18,9.85,A,A
A000349456,684,21,21,74.23,9.88,A,A
9422817500,683,36,36,74.28,9.9,A,A
9000111220,680,31,30,74.33,9.92,A,A
A000521855,679,5,5,74.38,9.94,A,B
A000455447,677,27,27,74.43,9.97,A,A
P000243780-001-001,675,7,3,74.48,9.99,A,A
A000349492,673,20,20,74.53,10.01,A,A
9492302551,672,53,53,74.58,10.04,A,A
A000141409,672,9,9,74.63,10.06,A,A
A000143347,670,3,3,74.68,10.08,A,B
A000349489,668,16,16,74.73,10.11,A,A
A000349467,665,19,19,74.78,10.13,A,A
P000047601-350-100,665,23,23,74.83,10.15,A,A
A000497983,661,118,114,74.88,10.17,A,A
A000463439,661,21,21,74.93,10.2,A,A
9126917502,660,13,13,74.97,10.22,A,A
9154355001,660,3,3,75.02,10.24,A,B
A000349485,659,24,22,75.07,10.27,A,A
9011109296,651,40,40,75.12,10.29,A,A
P000236522-001-001,650,3,3,75.17,10.31,A,B
9279004000,650,6,6,75.22,10.34,A,B
9282600005,650,4,4,75.26,10.36,A,B
9126404506,650,6,6,75.31,10.38,A,B
P001112017-250-050,650,7,7,75.36,10.4,A,A
3734923900,650,2,2,75.41,10.43,A,C
A000321417,650,4,4,75.45,10.45,A,B
A000455438,649,82,80,75.5,10.47,A,A
A000391715,646,77,74,75.55,10.5,A,A
9126904531,643,20,20,75.6,10.52,A,A
P000238221-001-001,634,8,8,75.64,10.54,A,A
9011109302,633,9,9,75.69,10.56,A,A
A000460923,633,79,77,75.74,10.59,A,A
9190121655,631,7,6,75.78,10.61,A,A
9011109293,622,68,68,75.83,10.63,A,A
A000127587,620,42,35,75.88,10.66,A,A
9174290040,615,6,6,75.92,10.68,A,B
9411927502,613,21,21,75.97,10.7,A,A
9143500551,610,20,20,76.01,10.73,A,A
3684923030,610,3,3,76.06,10.75,A,B
3714926055,606,4,4,76.1,10.77,A,B
9413917531,606,95,95,76.14,10.79,A,A
9016390820,605,4,3,76.19,10.82,A,B
P000242781-001-001,603,6,6,76.23,10.84,A,B
A000395073,601,10,9,76.28,10.86,A,A
P000242840-001-001,600,2,2,76.32,10.89,A,C
3614917010,600,3,3,76.37,10.91,A,B
9174909012,600,3,3,76.41,10.93,A,B
P000238099-001-001,600,10,10,76.45,10.96,A,A
P000242843-001-001,600,2,2,76.5,10.98,A,C
P000242782-001-001,600,3,3,76.54,11.0,A,B
9009111735,600,3,3,76.59,11.02,A,B
A000146153,600,1,1,76.63,11.05,A,C
A000146154,600,1,1,76.68,11.07,A,C
9753050002,600,7,7,76.72,11.09,A,A
9205012180,600,14,14,76.76,11.12,A,A
9180608010,600,3,3,76.81,11.14,A,B
9276304000,600,5,5,76.85,11.16,A,B
A000455441,594,34,34,76.9,11.19,A,A
P000047616-350-200,592,80,80,76.94,11.21,A,A
P000243451-001-001,590,13,13,76.98,11.23,A,A
10034686,589,52,51,77.03,11.25,A,A
10027524,585,17,17,77.07,11.28,A,A
9960107001,582,97,97,77.11,11.3,A,A
9180602000,580,30,30,77.15,11.32,A,A
A000423119,580,2,2,77.2,11.35,A,C
9960307001,576,81,81,77.24,11.37,A,A
9173903005,575,7,7,77.28,11.39,A,A
3614913050,570,4,4,77.32,11.41,A,B
P000236306-001-001,570,21,21,77.37,11.44,A,A
9411917531,570,54,54,77.41,11.46,A,A
9126604502,570,13,13,77.45,11.48,A,A
7962062,570,11,11,77.49,11.51,A,A
P001112017-150-010,570,8,8,77.53,11.53,A,A
A000229568,569,6,6,77.58,11.55,A,B
9001683220,568,35,34,77.62,11.58,A,A
A000349502,568,15,15,77.66,11.6,A,A
A000349479,564,18,17,77.7,11.62,A,A
9014209290,563,77,77,77.74,11.64,A,A
9063590210,560,7,7,77.78,11.67,A,A
9491590145,560,8,8,77.82,11.69,A,A
P000238192-001-001,558,12,12,77.87,11.71,A,A
A000461042,556,51,47,77.91,11.74,A,A
A000403998,552,14,13,77.95,11.76,A,A
9011109011,551,4,4,77.99,11.78,A,B
P000243723-001-001,550,3,3,78.03,11.81,A,B
P000242698-001-001,550,2,2,78.07,11.83,A,C
9126431507,550,3,3,78.11,11.85,A,B
9074917091,550,8,8,78.15,11.87,A,A
P000244295-001-001,550,2,2,78.19,11.9,A,C
P000243595-001-001,549,9,9,78.23,11.92,A,A
9302300000,547,31,30,78.27,11.94,A,A
A000405056,547,13,11,78.31,11.97,A,A
9005500535,547,61,61,78.35,11.99,A,A
A000349517,547,17,17,78.39,12.01,A,A
7225121,545,13,13,78.43,12.03,A,A
10013885,544,92,85,78.47,12.06,A,A
9000790000,540,12,12,78.51,12.08,A,A
A000141402,540,6,6,78.55,12.1,A,B
9020390012,538,5,5,78.59,12.13,A,B
P000238219-001-001,533,9,9,78.63,12.15,A,A
7280990000,531,1,1,78.67,12.17,A,C
9010609260,529,15,12,78.71,12.2,A,A
P000243727-001-001,527,3,3,78.75,12.22,A,B
10037889,527,47,45,78.79,12.24,A,A
A000404240,526,14,14,78.82,12.26,A,A
A000431349,525,9,9,78.86,12.29,A,A
9174909001,523,6,6,78.9,12.31,A,B
P000243742-001-001,520,19,19,78.94,12.33,A,A
A000142206,520,9,9,78.98,12.36,A,A
A000042046,519,1,1,79.02,12.38,A,C
9411927501,516,11,11,79.05,12.4,A,A
7266545,515,61,61,79.09,12.43,A,A
10013735,514,46,46,79.13,12.45,A,A
9400090187,510,20,20,79.17,12.47,A,A
9305104005,510,5,5,79.21,12.49,A,B
P001031913-001-102,503,48,48,79.24,12.52,A,A
A000391833,503,18,18,79.28,12.54,A,A
3614913040,500,4,4,79.32,12.56,A,B
9205012160,500,9,9,79.35,12.59,A,A
9283009010,500,19,18,79.39,12.61,A,A
9260004280,500,48,47,79.43,12.63,A,A
3670000316,500,1,1,79.46,12.66,A,C
P000243814-001-001,500,6,6,79.5,12.68,A,B
3733991900,500,1,1,79.54,12.7,A,C
3614913030,500,3,3,79.57,12.72,A,B
P001094301-460-825,500,1,1,79.61,12.75,A,C
3670000336,500,1,1,79.65,12.77,A,C
3614913020,500,5,5,79.68,12.79,A,B
P001469516-800-012,500,1,1,79.72,12.82,A,C
9016390860,500,1,1,79.76,12.84,A,C
9126604536,500,2,2,79.79,12.86,A,C
P001469516-800-013,500,1,1,79.83,12.88,A,C
A000422943,500,5,5,79.87,12.91,A,B
A000455933,498,69,62,79.91,12.93,A,A
9126604531,497,19,19,79.94,12.95,A,A
9173929000,494,41,40,79.98,12.98,A,A
P000243761-001-001,492,18,18,80.01,13.0,B,A
A000423122,490,5,5,80.05,13.02,B,B
A000349506,490,13,12,80.09,13.05,B,A
9260004380,490,55,54,80.12,13.07,B,A
7170373,489,12,12,80.16,13.09,B,A
P000243775-001-001,488,20,20,80.19,13.11,B,A
A000302254,482,15,15,80.23,13.14,B,A
A000409855,480,35,35,80.27,13.16,B,A
3670000327,480,2,2,80.3,13.18,B,C
3724918000,480,2,2,80.34,13.21,B,C
A000367125,480,8,7,80.37,13.23,B,A
A000229448,480,10,9,80.41,13.25,B,A
7262535,479,35,35,80.44,13.28,B,A
9176946651,477,16,16,80.48,13.3,B,A
P000236128-001-002,475,6,6,80.51,13.32,B,B
P000236523-001-001,473,4,4,80.55,13.34,B,B
10013769,473,75,73,80.58,13.37,B,A
10037200,471,11,10,80.62,13.39,B,A
9143600550,470,19,19,80.65,13.41,B,A
P001112017-100-010,470,6,6,80.69,13.44,B,B
10037191,468,12,10,80.72,13.46,B,A
9175929000,461,44,43,80.75,13.48,B,A
A000366807,460,11,11,80.79,13.5,B,A
9175906001,460,2,2,80.82,13.53,B,C
A000423032,460,4,4,80.86,13.55,B,B
10001821,455,36,36,80.89,13.57,B,A
P000237467-004-001,454,5,4,80.92,13.6,B,B
A000431345,454,3,3,80.96,13.62,B,B
A000431348,453,5,5,80.99,13.64,B,B
P001112017-200-050,450,5,5,81.02,13.67,B,B
3684923130,450,2,2,81.06,13.69,B,C
A000349470,450,6,6,81.09,13.71,B,B
P000243771-001-001,450,5,5,81.12,13.73,B,B
9422890175,450,10,10,81.15,13.76,B,A
9144400552,450,14,13,81.19,13.78,B,A
9126604496,450,8,7,81.22,13.8,B,A
A000191172,450,5,4,81.25,13.83,B,B
A000349496,448,15,15,81.29,13.85,B,A
9173946000,447,21,16,81.32,13.87,B,A
A000316167,445,20,20,81.35,13.9,B,A
9064990470,444,22,21,81.39,13.92,B,A
A000349474,444,5,5,81.42,13.94,B,B
9125690530,442,10,10,81.45,13.96,B,A
10029577,442,44,43,81.48,13.99,B,A
A000455434,441,27,27,81.52,14.01,B,A
9064990201,440,15,14,81.55,14.03,B,A
P000244311-001-001,440,11,11,81.58,14.06,B,A
P001017198-020-001,440,6,6,81.61,14.08,B,B
A000313701,440,3,3,81.65,14.1,B,B
P001112073-002-010,440,11,11,81.68,14.12,B,A
9415402002,439,66,66,81.71,14.15,B,A
9291602000,439,23,23,81.74,14.17,B,A
A000391711,439,98,97,81.77,14.19,B,A
A000303329,438,25,23,81.81,14.22,B,A
10000476,434,47,47,81.84,14.24,B,A
9020390013,434,6,6,81.87,14.26,B,B
P001284456-492-001,434,25,24,81.9,14.29,B,A
A000461044,433,48,46,81.93,14.31,B,A
A000313671,432,4,4,81.97,14.33,B,B
P001284456-441-001,431,13,13,82.0,14.35,B,A
P000030454-001-023,431,47,46,82.03,14.38,B,A
9120080010,430,12,12,82.06,14.4,B,A
A000307024,430,11,11,82.09,14.42,B,A
9260390000,430,20,20,82.12,14.45,B,A
9960308301,429,18,16,82.16,14.47,B,A
9751660006,426,5,5,82.19,14.49,B,B
3614917040,426,4,4,82.22,14.52,B,B
9964127000,425,2,2,82.25,14.54,B,C
A000304124,425,10,10,82.28,14.56,B,A
9411917501,424,13,12,82.31,14.58,B,A
A000349462,422,10,9,82.34,14.61,B,A
A000145980,422,6,6,82.38,14.63,B,B
9422890001,421,9,9,82.41,14.65,B,A
7225123,420,13,13,82.44,14.68,B,A
9400090186,420,19,19,82.47,14.7,B,A
P000242780-001-001,420,4,4,82.5,14.72,B,B
9125505533,417,24,24,82.53,14.75,B,A
A000349488,410,16,16,82.56,14.77,B,A
A000141411,410,5,5,82.59,14.79,B,B
A000409930,410,20,20,82.62,14.81,B,A
9063517651,410,14,14,82.65,14.84,B,A
9176946652,408,14,14,82.68,14.86,B,A
P001031913-001-103,407,40,39,82.71,14.88,B,A
9056904533,405,78,78,82.74,14.91,B,A
9011109304,401,3,3,82.77,14.93,B,B
A000366802,400,4,4,82.8,14.95,B,B
9103423116,400,4,3,82.83,14.97,B,B
9125531507,400,5,5,82.86,15.0,B,B
3624923020,400,3,3,82.89,15.02,B,B
P001094301-461-125,400,5,5,82.92,15.04,B,B
P000236761-001-001,400,4,4,82.95,15.07,B,B
9492302553,400,15,15,82.98,15.09,B,A
9174909011,400,2,2,83.01,15.11,B,C
P000243177-001-001,400,2,2,83.03,15.14,B,C
A000127006,400,2,2,83.06,15.16,B,C
A000127007,400,2,2,83.09,15.18,B,C
9126904506,400,5,5,83.12,15.2,B,B
A000302987,400,2,2,83.15,15.23,B,C
P001017198-012-001,400,1,1,83.18,15.25,B,C
9103423117,400,3,3,83.21,15.27,B,B
9125531506,400,5,5,83.24,15.3,B,B
9282909010,398,6,5,83.27,15.32,B,B
A000394073,397,10,9,83.3,15.34,B,A
9011109303,396,7,7,83.33,15.37,B,A
A000326900,396,17,13,83.36,15.39,B,A
A000461055,394,30,27,83.39,15.41,B,A
9416918251,392,77,77,83.42,15.43,B,A
A000423076,392,12,11,83.44,15.46,B,A
A000423039,390,6,4,83.47,15.48,B,B
9100800483,390,56,56,83.5,15.5,B,A
9126690270,390,15,15,83.53,15.53,B,A
9967308202,390,7,6,83.56,15.55,B,A
A000409928,390,15,15,83.59,15.57,B,A
10025468,387,81,77,83.62,15.59,B,A
P000243762-001-001,387,14,14,83.64,15.62,B,A
9341720790,387,20,20,83.67,15.64,B,A
9125690550,385,12,12,83.7,15.66,B,A
A000146313,382,13,13,83.73,15.69,B,A
A000071190,380,17,16,83.76,15.71,B,A
A000316164,380,13,13,83.79,15.73,B,A
10037199,380,5,5,83.81,15.76,B,B
A000414589,380,8,8,83.84,15.78,B,A
P000047637-350-200,379,57,57,83.87,15.8,B,A
7262013,378,21,18,83.9,15.82,B,A
A000391462,378,4,4,83.93,15.85,B,B
P000243716-001-001,378,16,16,83.95,15.87,B,A
A000187334,376,23,21,83.98,15.89,B,A
P000243722-001-001,375,2,2,84.01,15.92,B,C
A000391976,373,23,23,84.04,15.94,B,A
10025469,371,80,80,84.06,15.96,B,A
9006602531,371,53,52,84.09,15.99,B,A
9400090181,370,34,34,84.12,16.01,B,A
P000243167-001-001,370,3,3,84.14,16.03,B,B
9492602551,370,70,69,84.17,16.05,B,A
A000421501,367,14,14,84.2,16.08,B,A
9000734051,366,58,58,84.23,16.1,B,A
A000306728,366,5,5,84.25,16.12,B,B
9126417531,366,8,8,84.28,16.15,B,A
P000243174-001-001,365,4,4,84.31,16.17,B,B
9341720590,365,13,13,84.33,16.19,B,A
9200190000,365,8,8,84.36,16.21,B,A
9001387220,365,43,43,84.39,16.24,B,A
9126617531,362,9,9,84.41,16.26,B,A
9125638535,360,1,1,84.44,16.28,B,C
A000349495,360,7,7,84.47,16.31,B,A
A000127008,360,60,60,84.49,16.33,B,A
A000315888,360,3,3,84.52,16.35,B,B
9100800583,360,2,2,84.55,16.38,B,C
A000409929,360,11,11,84.57,16.4,B,A
A000349515,359,16,15,84.6,16.42,B,A
9180200020,358,16,15,84.63,16.44,B,A
9014209303,354,7,7,84.65,16.47,B,A
9014209302,354,7,7,84.68,16.49,B,A
9270504500,351,28,28,84.7,16.51,B,A
9056904501,350,29,29,84.73,16.54,B,A
9103423156,350,4,4,84.76,16.56,B,B
P000243798-001-001,350,12,12,84.78,16.58,B,A
P000244313-001-001,350,13,13,84.81,16.61,B,A
A000422927,350,11,11,84.83,16.63,B,A
P000244439-001-001,350,3,3,84.86,16.65,B,B
9260004350,350,19,19,84.88,16.67,B,A
9176902001,350,3,3,84.91,16.7,B,B
A000131997,350,2,2,84.94,16.72,B,C
9006602532,349,41,41,84.96,16.74,B,A
9415402001,348,61,61,84.99,16.77,B,A
A000395070,347,5,5,85.01,16.79,B,B
10027533,347,13,11,85.04,16.81,B,A
9967308201,345,11,10,85.06,16.84,B,A
9000790200,345,21,21,85.09,16.86,B,A
A000391963,344,11,11,85.11,16.88,B,A
A000395079,344,5,5,85.14,16.9,B,B
9011090001,344,42,42,85.17,16.93,B,A
A000455437,343,53,51,85.19,16.95,B,A
A000431347,342,3,3,85.22,16.97,B,B
9422817600,342,33,33,85.24,17.0,B,A
A000316169,341,14,14,85.27,17.02,B,A
9422890000,340,3,3,85.29,17.04,B,B
A000366801,340,8,8,85.32,17.06,B,A
9125594531,340,11,11,85.34,17.09,B,A
9064990202,340,15,15,85.37,17.11,B,A
A000304359,339,24,24,85.39,17.13,B,A
A000127409,337,8,8,85.42,17.16,B,A
A000326903,336,8,8,85.44,17.18,B,A
P000030463-001-022,333,38,38,85.46,17.2,B,A
7225108,332,11,11,85.49,17.23,B,A
9413927502,331,26,26,85.51,17.25,B,A
A000127009,331,58,58,85.54,17.27,B,A
9204090010,330,5,5,85.56,17.29,B,B
9014209296,330,49,49,85.59,17.32,B,A
9410927502,330,9,9,85.61,17.34,B,A
10040747,330,3,3,85.64,17.36,B,B
P000911524-020-001,329,2,2,85.66,17.39,B,C
9415402501,329,11,11,85.68,17.41,B,A
P000243755-001-001,325,6,6,85.71,17.43,B,B
9037910251,325,3,3,85.73,17.46,B,B
A000180491,325,7,7,85.76,17.48,B,B
9415402502,324,12,12,85.78,17.5,B,A
A000422850,324,8,8,85.8,17.52,B,A
A000423073,324,8,7,85.83,17.55,B,A
3683981050,322,2,2,85.85,17.57,B,C
A000455440,322,32,32,85.87,17.59,B,A
9000711151,322,51,51,85.9,17.62,B,A
9204017000,322,20,20,85.92,17.64,B,A
A000318043,320,13,13,85.95,17.66,B,A
9144900551,320,16,16,85.97,17.68,B,A
P000238087-001-001,320,6,6,85.99,17.71,B,B
7225106,319,3,3,86.02,17.73,B,B
P000243791-001-001,315,15,15,86.04,17.75,B,A
A000422849,315,13,12,86.06,17.78,B,A
A000405059,315,9,9,86.09,17.8,B,A
A000391714,314,63,62,86.11,17.82,B,A
A000326899,314,9,9,86.13,17.85,B,A
P000244296-001-001,312,3,3,86.15,17.87,B,B
A000304326,312,24,23,86.18,17.89,B,A
9856097,311,12,12,86.2,17.91,B,A
9063590080,310,17,17,86.22,17.94,B,A
A000423147,310,4,3,86.25,17.96,B,B
A000421745,307,5,5,86.27,17.98,B,B
A000422846,307,5,5,86.29,18.01,B,B
10013772,306,44,37,86.31,18.03,B,A
A000316165,306,10,10,86.34,18.05,B,A
P000243172-001-001,305,3,3,86.36,18.08,B,B
9192121005,305,3,3,86.38,18.1,B,B
10013892,305,70,67,86.4,18.12,B,A
9125517531,304,7,7,86.43,18.14,B,B
A000147172,302,11,11,86.45,18.17,B,A
9950090120,301,5,5,86.47,18.19,B,B
A000307029,300,15,15,86.49,18.21,B,A
3592830090,300,1,1,86.51,18.24,B,C
7962063,300,5,5,86.54,18.26,B,B
A000303307,300,2,2,86.56,18.28,B,C
P000047557-010-512,300,1,1,86.58,18.31,B,C
9411917536,300,3,3,86.6,18.33,B,B
9074937012,300,2,2,86.63,18.35,B,C
9011090080,300,2,2,86.65,18.37,B,C
A000422926,300,11,11,86.67,18.4,B,A
P001112017-350-050,300,2,2,86.69,18.42,B,C
9413917536,300,3,3,86.71,18.44,B,B
A000145812,300,3,3,86.74,18.47,B,B
9103423157,300,3,3,86.76,18.49,B,B
P000243718-001-001,300,3,3,86.78,18.51,B,B
A000366811,300,11,11,86.8,18.53,B,A
A000132021,300,1,1,86.82,18.56,B,C
A000367126,300,9,8,86.85,18.58,B,A
A000321418,300,2,2,86.87,18.6,B,C
P000244391-001-001,300,4,4,86.89,18.63,B,B
P000238115-001-001,300,7,7,86.91,18.65,B,A
7410990121,300,1,1,86.93,18.67,B,C
9000111151,298,19,19,86.96,18.7,B,A
A000326906,297,6,6,86.98,18.72,B,B
9856098,297,15,15,87.0,18.74,B,A
10013879,296,66,62,87.02,18.76,B,A
A000391716,295,83,81,87.04,18.79,B,A
9064937652,293,21,21,87.07,18.81,B,A
9421917602,292,38,38,87.09,18.83,B,A
P000238088-001-001,291,6,6,87.11,18.86,B,B
9120080050,290,6,6,87.13,18.88,B,B
3724923000,290,2,2,87.15,18.9,B,C
9054904502,290,28,27,87.17,18.93,B,A
9341520790,289,12,12,87.19,18.95,B,A
A000427670,287,8,7,87.21,18.97,B,A
P000236292-001-001,287,11,11,87.24,18.99,B,A
A000355571,286,15,14,87.26,19.02,B,A
9064937651,286,26,26,87.28,19.04,B,A
9010609290,285,24,24,87.3,19.06,B,A
9183642000,285,5,5,87.32,19.09,B,B
9413927501,284,26,26,87.34,19.11,B,A
9154355002,284,6,6,87.36,19.13,B,B
P000243782-001-001,283,6,6,87.38,19.15,B,B
10034528,282,40,37,87.4,19.18,B,A
A000145978,282,3,3,87.42,19.2,B,B
9020200200,281,25,25,87.44,19.22,B,A
9144600552,280,13,13,87.47,19.25,B,A
P001112073-102-010,280,9,8,87.49,19.27,B,A
A000142934,280,2,2,87.51,19.29,B,C
A000307034,279,18,18,87.53,19.32,B,A
9180700020,278,34,34,87.55,19.34,B,A
9869114351,278,27,27,87.57,19.36,B,A
9967308001,277,10,10,87.59,19.38,B,A
3684923080,277,1,1,87.61,19.41,B,C
9020200225,276,20,20,87.63,19.43,B,A
A000145876,276,27,27,87.65,19.45,B,A
P000243895-001-001,275,4,4,87.67,19.48,B,B
A000132067,275,3,3,87.69,19.5,B,B
P000243765-001-001,275,3,3,87.71,19.52,B,B
9074917056,275,1,1,87.73,19.55,B,C
9413917501,275,9,8,87.75,19.57,B,A
A000145878,274,33,33,87.77,19.59,B,A
10001788,273,30,30,87.79,19.61,B,A
A000525847,272,3,3,87.81,19.64,B,B
10016783,272,22,19,87.83,19.66,B,A
9126617533,272,58,58,87.85,19.68,B,A
A000461043,271,46,46,87.87,19.71,B,A
9005500600,270,16,16,87.89,19.73,B,A
P000244316-001-001,270,13,13,87.91,19.75,B,A
9064990172,270,14,14,87.93,19.77,B,A
P001112017-200-010,270,8,8,87.95,19.8,B,A
A000126955,269,7,7,87.97,19.82,B,A
A000462635,268,56,54,87.99,19.84,B,A
9000111221,267,56,56,88.01,19.87,B,A
10013841,267,89,89,88.03,19.89,B,A
9011109297,266,78,78,88.05,19.91,B,A
9014209293,266,51,51,88.07,19.94,B,A
A000423121,265,12,12,88.09,19.96,B,A
P001017198-013-001,262,4,4,88.11,19.98,B,B
9063590180,260,16,16,88.13,20.0,B,A
9001311250,260,28,28,88.15,20.03,B,A
3614913060,260,3,3,88.16,20.05,B,B
10000266,260,3,3,88.18,20.07,B,B
P000243169-001-001,260,2,2,88.2,20.1,B,C
A000145994,259,15,15,88.22,20.12,B,A
9074917012,259,2,2,88.24,20.14,B,C
A000463442,257,18,18,88.26,20.17,B,A
P000243801-001-001,256,3,3,88.28,20.19,B,B
A000391967,255,22,22,88.3,20.21,B,A
9340720790,255,15,15,88.32,20.23,B,A
A000395071,254,6,6,88.33,20.26,B,B
9184605005,254,5,5,88.35,20.28,B,B
7170345,253,15,15,88.37,20.3,B,A
A000355566,253,14,14,88.39,20.33,B,A
A000497982,253,22,22,88.41,20.35,B,A
A000398552,253,24,24,88.43,20.37,B,A
A000497981,251,31,31,88.45,20.4,B,A
A000522206,251,6,6,88.47,20.42,B,B
9126690170,250,1,1,88.48,20.44,B,C
9063590090,250,12,12,88.5,20.46,B,A
P000242839-001-001,250,2,2,88.52,20.49,B,C
P000236535-001-001,250,1,1,88.54,20.51,B,C
P000244317-001-001,250,11,11,88.56,20.53,B,A
A000145811,250,3,3,88.58,20.56,B,B
9413927506,250,3,3,88.59,20.58,B,B
9413927507,250,4,4,88.61,20.6,B,B
9064917652,250,20,20,88.63,20.62,B,A
A000423038,250,4,3,88.65,20.65,B,B
P000244318-001-001,250,10,10,88.67,20.67,B,A
9492312556,250,3,3,88.69,20.69,B,B
A000084801,250,2,2,88.7,20.72,B,C
3670000092,250,1,1,88.72,20.74,B,C
9125502521,250,15,15,88.74,20.76,B,A
A000133396,250,4,3,88.76,20.79,B,B
A000313710,250,3,3,88.78,20.81,B,B
P000243717-001-001,250,1,1,88.8,20.83,B,C
9125592700,250,1,1,88.81,20.85,B,C
A000131936,250,4,4,88.83,20.88,B,B
P001031913-015-101,250,11,11,88.85,20.9,B,A
P000243790-001-001,250,11,11,88.87,20.92,B,A
3706632500,248,1,1,88.89,20.95,B,C
P001017198-010-001,246,5,5,88.91,20.97,B,B
A000187335,246,11,11,88.92,20.99,B,A
3684923100,244,2,2,88.94,21.02,B,B
9176956651,244,7,7,88.96,21.04,B,B
P000236347-001-001,244,8,8,88.98,21.06,B,A
A000313431,242,8,7,89.0,21.08,B,A
10010637,241,38,37,89.01,21.11,B,A
9064990082,240,9,9,89.03,21.13,B,A
A000313712,240,2,2,89.05,21.15,B,B
P001529440-103-001,240,36,36,89.07,21.18,B,A
A000460977,240,88,86,89.08,21.2,B,A
3670000302,240,2,2,89.1,21.22,B,B
9126417502,240,10,10,89.12,21.24,B,A
A000349493,240,11,11,89.14,21.27,B,A
10013862,239,17,17,89.16,21.29,B,A
A000304362,239,6,6,89.17,21.31,B,B
A000190524,235,10,10,89.19,21.34,B,A
A000401593,235,39,39,89.21,21.36,B,A
9184200100,234,5,5,89.22,21.38,B,B
A000422851,234,4,4,89.24,21.41,B,B
9421917601,234,35,35,89.26,21.43,B,A
P000243820-001-001,233,4,4,89.28,21.45,B,B
9176936652,233,11,10,89.29,21.47,B,A
A000313696,232,9,9,89.31,21.5,B,A
A000455433,231,12,12,89.33,21.52,B,A
P000243795-001-001,231,20,20,89.34,21.54,B,A
A000366732,230,9,8,89.36,21.57,B,A
P001112073-101-010,230,5,5,89.38,21.59,B,B
9143500552,230,6,6,89.4,21.61,B,B
9341520590,230,11,11,89.41,21.64,B,A
A000366814,230,10,10,89.43,21.66,B,A
9282600000,230,9,9,89.45,21.68,B,A
9411917502,229,14,14,89.46,21.7,B,A
A000343297,228,6,6,89.48,21.73,B,B
A000145870,228,23,23,89.5,21.75,B,A
P000243763-001-001,227,13,13,89.51,21.77,B,A
A000460975,227,75,73,89.53,21.8,B,A
9413917502,226,10,10,89.55,21.82,B,A
9074937011,225,1,1,89.56,21.84,B,C
9073817090,225,1,1,89.58,21.86,B,C
P000243171-001-001,225,3,3,89.6,21.89,B,B
A000357312,225,1,1,89.61,21.91,B,C
10042928,225,15,14,89.63,21.93,B,A
A000357308,225,1,1,89.65,21.96,B,C
9176903001,225,5,5,89.66,21.98,B,B
P000243770-001-001,225,4,3,89.68,22.0,B,B
P000238104-001-001,223,8,8,89.7,22.03,B,A
A000326887,223,11,11,89.71,22.05,B,A
A000423112,223,14,14,89.73,22.07,B,A
A000391977,223,11,11,89.74,22.09,B,A
A000424239,222,85,77,89.76,22.12,B,A
A000455445,221,19,18,89.78,22.14,B,A
9967307201,221,6,5,89.79,22.16,B,B
A000141403,220,4,4,89.81,22.19,B,B
A000366813,220,10,10,89.83,22.21,B,A
P000236526-001-001,220,4,4,89.84,22.23,B,B
3670000334,220,1,1,89.86,22.26,B,C
P000244290-001-001,220,2,2,89.87,22.28,B,C
9120080020,220,9,9,89.89,22.3,B,A
A000366773,220,5,5,89.91,22.32,B,B
A000307025,219,12,11,89.92,22.35,B,A
P000243734-001-001,218,8,8,89.94,22.37,B,A
9020390016,216,5,5,89.96,22.39,B,B
9001611300,216,24,24,89.97,22.42,B,A
A000460974,216,39,38,89.99,22.44,B,A
A000229214,216,17,16,90.0,22.46,B,A
9858023,215,23,23,90.02,22.49,B,A
9002290100,214,6,6,90.03,22.51,B,B
9751620001,213,4,4,90.05,22.53,B,B
A000313703,211,4,2,90.07,22.55,B,B
9054904501,210,24,24,90.08,22.58,B,A
9063890180,210,5,5,90.1,22.6,B,B
A000143330,210,3,3,90.11,22.62,B,B
9064990081,210,14,14,90.13,22.65,B,A
P000243792-001-001,210,11,11,90.14,22.67,B,A
3733981910,210,2,2,90.16,22.69,B,C
9411927531,210,56,56,90.17,22.71,B,A
P000242741-001-001,210,2,2,90.19,22.74,B,C
10028046,209,31,31,90.2,22.76,B,A
A000142208,209,5,5,90.22,22.78,B,B
10035554,208,13,12,90.24,22.81,B,A
10034716,208,13,13,90.25,22.83,B,A
A000461049,207,46,41,90.27,22.85,B,A
P001284456-381-001,206,15,15,90.28,22.88,B,A
9660090000,206,4,3,90.3,22.9,B,B
10049531,206,5,5,90.31,22.92,B,B
9006602502,205,17,17,90.33,22.94,B,A
9185160010,205,15,14,90.34,22.97,B,A
9416918301,202,39,39,90.36,22.99,B,A
A000325615,202,14,14,90.37,23.01,B,A
P000243777-001-001,202,8,8,90.39,23.04,B,A
9000734080,201,7,7,90.4,23.06,B,A
3675541000,200,1,1,90.42,23.08,B,C
3683893040,200,2,2,90.43,23.11,B,C
3670000110,200,2,2,90.45,23.13,B,C
A000229565,200,2,2,90.46,23.15,B,C
3714109171,200,1,1,90.47,23.17,B,C
P000243825-001-001,200,3,3,90.49,23.2,B,B
3683893060,200,2,2,90.5,23.22,B,C
A000349507,200,8,8,90.52,23.24,B,A
9074917057,200,1,1,90.53,23.27,B,C
3733983940,200,2,2,90.55,23.29,B,C
P000236535-002-001,200,2,2,90.56,23.31,B,C
3733983920,200,2,2,90.58,23.33,B,C
9511590010,200,2,2,90.59,23.36,B,C
P000243170-001-001,200,2,2,90.61,23.38,B,C
A000438071,200,2,2,90.62,23.4,B,C
9000190000,200,8,8,90.64,23.43,B,A
9091290606,200,1,1,90.65,23.45,B,C
P000244312-001-001,200,9,9,90.67,23.47,B,A
9009812000,200,7,7,90.68,23.5,B,A
A000133626,200,3,3,90.7,23.52,B,B
A000318042,200,13,13,90.71,23.54,B,A
A000319522,200,1,1,90.72,23.56,B,C
P000244320-001-001,200,11,11,90.74,23.59,B,A
9126487501,200,1,1,90.75,23.61,B,C
P000244095-001-001,200,2,2,90.77,23.63,B,C
9410927507,200,1,1,90.78,23.66,B,C
A000146130,200,2,2,90.8,23.68,B,C
A000146102,200,1,1,90.81,23.7,B,C
P000238223-001-001,200,2,2,90.83,23.73,B,C
3684913080,200,1,1,90.84,23.75,B,C
9176936651,199,8,8,90.86,23.77,B,A
A000521861,198,4,4,90.87,23.79,B,B
9126405533,198,14,14,90.89,23.82,B,A
9040452000,198,14,14,90.9,23.84,B,A
10004490,197,38,35,90.92,23.86,B,A
9341721700,197,30,30,90.93,23.89,B,A
10046438,197,12,12,90.94,23.91,B,A
9021000435,196,66,66,90.96,23.93,B,A
9751620004,195,3,2,90.97,23.95,B,B
A000430902,195,41,41,90.99,23.98,B,A
9176957651,195,3,3,91.0,24.0,B,B
P000243772-001-001,195,7,6,91.02,24.02,B,A
9056904502,195,25,25,91.03,24.05,B,A
A000325609,195,24,24,91.05,24.07,B,A
10026571,194,29,27,91.06,24.09,B,A
9014209304,194,5,5,91.07,24.12,B,B
A000521789,193,13,13,91.09,24.14,B,A
A000304361,193,17,16,91.1,24.16,B,A
9176956652,193,11,9,91.12,24.18,B,A
9410927501,193,10,10,91.13,24.21,B,A
A000240524,193,11,11,91.14,24.23,B,A
A000145609,193,11,11,91.16,24.25,B,A
A000439935,192,5,5,91.17,24.28,B,B
A000423033,192,7,7,91.19,24.3,B,A
9186000000,192,6,6,91.2,24.32,B,B
P000243721-001-001,192,8,8,91.22,24.35,B,A
A000423124,190,2,2,91.23,24.37,B,C
9064990091,190,11,11,91.24,24.39,B,A
9967307202,190,4,4,91.26,24.41,B,B
9006602501,190,15,15,91.27,24.44,B,A
A000229569,190,6,6,91.29,24.46,B,B
A000143342,190,7,7,91.3,24.48,B,A
P001112017-250-010,190,5,5,91.31,24.51,B,B
9013209260,189,5,5,91.33,24.53,B,B
P001529440-152-001,189,32,32,91.34,24.55,B,A
9869114402,188,28,28,91.36,24.58,B,A
A000440936,188,42,41,91.37,24.6,B,A
10031264,188,58,55,91.38,24.62,B,A
9857024,186,44,40,91.4,24.64,B,A
A000423140,186,16,15,91.41,24.67,B,A
A000349508,186,6,6,91.42,24.69,B,B
P000236351-005-001,185,9,9,91.44,24.71,B,A
9205012181,185,25,25,91.45,24.74,B,A
9127690220,185,6,6,91.46,24.76,B,B
A000423046,185,5,5,91.48,24.78,B,B
P000243307-001-001,184,6,6,91.49,24.8,B,B
A000423118,183,13,12,91.51,24.83,B,A
A000398553,183,16,16,91.52,24.85,B,A
9020200230,182,10,10,91.53,24.87,B,A
9491590005,182,7,7,91.55,24.9,B,B
9125602530,182,8,8,91.56,24.92,B,A
10018964,181,26,26,91.57,24.94,B,A
9869114401,181,44,44,91.59,24.97,B,A
A000313705,180,3,3,91.6,24.99,B,B
A000313699,180,3,3,91.61,25.01,B,B
P000236335-002-001,180,3,1,91.63,25.03,B,B
A000423123,180,6,6,91.64,25.06,B,B
A000143346,180,6,6,91.65,25.08,B,B
9962307001,180,18,18,91.67,25.1,B,A
A000141404,180,2,2,91.68,25.13,B,C
P001529440-203-001,180,36,36,91.69,25.15,B,A
10004491,179,47,41,91.7,25.17,B,A
9857021,178,15,14,91.72,25.2,B,A
9857023,177,35,33,91.73,25.22,B,A
A000423075,177,5,5,91.74,25.24,B,B
A000455934,176,55,50,91.76,25.26,B,A
10026598,176,29,27,91.77,25.29,B,A
P000236306-001-002,175,2,2,91.78,25.31,B,C
9073517091,175,5,5,91.8,25.33,B,B
A000404241,175,4,4,91.81,25.36,B,B
A000135790,175,1,1,91.82,25.38,B,C
10010982,175,15,15,91.83,25.4,B,A
P000238109-001-001,174,6,6,91.85,25.42,B,B
A000307020,174,9,8,91.86,25.45,B,A
A000146294,174,7,7,91.87,25.47,B,B
A000461054,173,47,45,91.89,25.49,B,A
P000236344-001-001,172,8,8,91.9,25.52,B,A
9120090001,172,50,50,91.91,25.54,B,A
P000243311-001-001,172,6,6,91.92,25.56,B,B
P001529440-303-001,171,35,35,91.94,25.59,B,A
A000493370,171,5,5,91.95,25.61,B,B
A000391962,171,11,11,91.96,25.63,B,A
10025013,171,18,18,91.97,25.65,B,A
P000236649-001-002,170,7,7,91.99,25.68,B,B
9126937501,170,11,10,92.0,25.7,B,A
9260004250,170,14,14,92.01,25.72,B,A
9260304280,170,31,30,92.02,25.75,B,A
9180900020,170,11,11,92.04,25.77,B,A
9176957652,170,5,5,92.05,25.79,B,B
9125590270,170,7,7,92.06,25.82,B,B
9120080040,170,8,8,92.07,25.84,B,A
A000316166,169,13,13,92.09,25.86,B,A
9420817500,169,16,16,92.1,25.88,B,A
A000313693,168,9,9,92.11,25.91,B,A
A000142221,165,4,4,92.12,25.93,B,B
A000340880,165,5,5,92.14,25.95,B,B
P000243168-001-001,165,3,3,92.15,25.98,B,B
A000461052,164,36,35,92.16,26.0,B,A
P000243082-001-001,163,6,6,92.17,26.02,B,B
P001529440-251-001,163,31,31,92.18,26.05,B,A
A000326907,162,4,4,92.2,26.07,B,B
9960407001,162,30,30,92.21,26.09,B,A
9511590030,162,32,30,92.22,26.11,B,A
9416918351,162,38,38,92.23,26.14,B,A
9001390200,162,12,12,92.24,26.16,B,A
7962057,161,28,28,92.26,26.18,B,A
10010295,161,17,17,92.27,26.21,B,A
10026600,161,31,16,92.28,26.23,B,A
P000242604-001-001,161,9,9,92.29,26.25,B,A
A000423145,160,1,1,92.3,26.27,B,C
A000143385,160,4,4,92.31,26.3,B,B
A000423155,160,8,8,92.33,26.32,B,A
10037195,160,2,1,92.34,26.34,B,C
9062490010,160,13,13,92.35,26.37,B,A
9064990171,160,8,8,92.36,26.39,B,A
P000244314-001-001,160,9,9,92.37,26.41,B,A
P000243827-001-001,160,10,10,92.38,26.44,B,A
A000430897,160,38,38,92.4,26.46,B,A
9856054,160,12,12,92.41,26.48,B,A
P000243743-001-001,159,6,6,92.42,26.5,B,B
A000497697,159,1,1,92.43,26.53,B,C
A000142209,159,8,8,92.44,26.55,B,A
9422827600,159,12,12,92.46,26.57,B,A
9063502652,158,8,8,92.47,26.6,B,A
9562500000,158,6,6,92.48,26.62,B,B
7262018,157,6,6,92.49,26.64,B,B
P000243781-001-001,157,6,6,92.5,26.67,B,B
A000461050,157,24,23,92.51,26.69,B,A
7962059,157,27,26,92.52,26.71,B,A
9964227000,156,4,3,92.54,26.73,B,B
10034222,156,6,3,92.55,26.76,B,B
P000236363-002-001,155,11,11,92.56,26.78,B,A
9325102000,155,5,5,92.57,26.8,B,B
P000238111-001-001,155,9,9,92.58,26.83,B,A
9060500400,155,10,10,92.59,26.85,B,A
10020802,155,26,26,92.6,26.87,B,A
9341720700,154,37,37,92.62,26.89,B,A
A000405058,154,6,6,92.63,26.92,B,B
P000243081-001-001,154,12,12,92.64,26.94,B,A
9135590130,154,4,4,92.65,26.96,B,B
9442927552,153,22,22,92.66,26.99,B,A
9064417671,153,10,10,92.67,27.01,B,A
10037204,152,3,3,92.68,27.03,B,B
A000421502,151,16,16,92.69,27.06,B,A
P000243747-001-001,151,6,5,92.71,27.08,B,B
9184257000,150,1,1,92.72,27.1,B,C
P000236538-002-001,150,2,2,92.73,27.12,B,C
3733983930,150,2,2,92.74,27.15,B,C
9176922652,150,3,3,92.75,27.17,B,B
9126917521,150,12,12,92.76,27.19,B,A
10003663,150,31,31,92.77,27.22,B,A
A000131950,150,3,3,92.78,27.24,B,B
10003665,150,24,24,92.79,27.26,B,A
A000315967,150,3,3,92.81,27.29,B,B
A000422946,150,2,2,92.82,27.31,B,C
A000131994,150,1,1,92.83,27.33,B,C
P000236150-001-017,150,2,2,92.84,27.35,B,C
P000242848-001-001,150,1,1,92.85,27.38,B,C
P000242846-001-001,150,1,1,92.86,27.4,B,C
9411917507,150,2,2,92.87,27.42,B,C
7574010,150,1,1,92.88,27.45,B,C
P000237467-008-001,150,6,6,92.89,27.47,B,B
A000423160,150,9,9,92.9,27.49,B,A
9126904507,150,3,3,92.92,27.51,B,B
A000422871,150,3,3,92.93,27.54,B,B
A000146104,150,2,1,92.94,27.56,B,C
9125502507,150,3,3,92.95,27.58,B,B
A000325259,150,2,2,92.96,27.61,B,C
9011109021,150,2,2,92.97,27.63,B,C
P000242772-001-001,150,2,2,92.98,27.65,B,C
9126604497,150,2,2,92.99,27.68,B,C
7492690000,150,2,2,93.0,27.7,B,C
A000422944,150,3,3,93.02,27.72,B,B
9382390550,150,1,1,93.03,27.74,B,C
A000134182,150,2,2,93.04,27.77,B,C
P000243951-001-001,150,1,1,93.05,27.79,B,C
10004895,150,2,2,93.06,27.81,B,C
A000135509,149,1,1,93.07,27.84,B,C
A000460924,149,30,28,93.08,27.86,B,A
7170234,149,20,20,93.09,27.88,B,A
A000461047,149,4,4,93.1,27.91,B,B
A000391713,148,34,34,93.11,27.93,B,A
A000349494,148,7,7,93.13,27.95,B,A
P000243784-001-001,148,4,4,93.14,27.97,B,B
P000243615-001-001,147,7,6,93.15,28.0,B,A
P000243538-001-001,147,9,9,93.16,28.02,B,A
A000521863,147,4,4,93.17,28.04,B,B
7326052,147,20,20,93.18,28.07,B,A
P001529440-351-001,147,32,32,93.19,28.09,B,A
7272215,147,17,17,93.2,28.11,B,A
10038248,146,11,11,93.21,28.14,B,A
P000236600-001-007,146,14,14,93.22,28.16,B,A
A000462634,145,20,20,93.23,28.18,B,A
A000422834,145,8,7,93.24,28.2,B,A
A000391712,145,45,45,93.25,28.23,B,A
P000243769-001-001,145,9,9,93.27,28.25,B,A
10035558,145,3,3,93.28,28.27,B,B
7273215,144,15,15,93.29,28.3,B,A
A000521852,144,2,2,93.3,28.32,B,C
10049416,144,5,5,93.31,28.34,B,B
9442927551,143,26,26,93.32,28.36,B,A
P000242684-001-001,142,7,6,93.33,28.39,B,A
9009812030,142,9,9,93.34,28.41,B,A
A000423129,142,10,10,93.35,28.43,B,A
A000409931,142,14,14,93.36,28.46,B,A
A000391706,142,24,24,93.37,28.48,B,A
7170379,141,10,10,93.38,28.5,B,A
9751620013,141,3,3,93.39,28.53,B,B
A000460978,141,30,29,93.4,28.55,B,A
P000243759-001-001,141,11,9,93.41,28.57,B,A
9120080030,140,5,5,93.42,28.59,B,B
9271004500,140,10,10,93.43,28.62,B,A
A000423157,140,5,4,93.44,28.64,B,B
P001112017-350-010,140,6,6,93.45,28.66,B,B
9125590500,140,7,7,93.46,28.69,B,A
9125617500,140,8,8,93.47,28.71,B,A
9282600031,140,8,8,93.48,28.73,B,A
A000423221,140,6,6,93.49,28.76,B,B
10003680,138,6,5,93.5,28.78,B,B
10034751,137,9,9,93.51,28.8,B,A
A000344430,137,32,30,93.52,28.82,B,A
A000349499,137,9,9,93.53,28.85,B,A
A000325612,137,11,11,93.54,28.87,B,A
P000243736-001-001,137,7,7,93.55,28.89,B,A
A000146315,137,4,4,93.57,28.92,B,B
9014209297,137,10,10,93.58,28.94,B,A
P000236278-001-001,136,10,10,93.59,28.96,B,A
9412818250,136,21,21,93.6,28.98,B,A
A000521858,135,3,3,93.61,29.01,B,B
9180709000,135,2,2,93.62,29.03,B,C
10000342,134,4,4,93.62,29.05,B,B
9856053,134,11,11,93.63,29.08,B,A
7170389,134,17,17,93.64,29.1,B,A
P000238184-001-001,134,4,4,93.65,29.12,B,B
A000133023,134,6,6,93.66,29.15,B,B
7272535,134,17,17,93.67,29.17,B,A
9260090050,133,27,27,93.68,29.19,B,A
A000423069,132,1,1,93.69,29.21,B,C
A000142204,132,6,6,93.7,29.24,B,B
9349921022,132,28,28,93.71,29.26,B,A
A000455446,132,22,22,93.72,29.28,B,A
9341720500,132,50,50,93.73,29.31,B,A
A000330723,131,8,8,93.74,29.33,B,A
10003698,131,29,29,93.75,29.35,B,A
9750130000,131,7,7,93.76,29.38,B,A
A000463438,131,16,16,93.77,29.4,B,A
9174909002,130,6,6,93.78,29.42,B,B
A000143350,130,7,7,93.79,29.44,B,A
P000238188-001-001,130,3,3,93.8,29.47,B,B
P000244319-001-001,130,6,6,93.81,29.49,B,B
A000143354,130,6,6,93.82,29.51,B,B
9126617502,130,5,5,93.83,29.54,B,B
9064990122,130,5,5,93.84,29.56,B,B
A000343302,130,9,9,93.85,29.58,B,A
9126604581,130,3,3,93.86,29.6,B,B
A000463437,130,11,11,93.87,29.63,B,A
A000367123,130,5,5,93.88,29.65,B,B
10045574,130,22,21,93.89,29.67,B,A
9125517521,130,10,10,93.9,29.7,B,A
P000236004-001-001,129,14,14,93.91,29.72,B,A
9610917200,128,4,3,93.91,29.74,B,B
9751500003,127,4,4,93.92,29.77,B,B
3684923070,127,1,1,93.93,29.79,B,C
A000461056,126,30,30,93.94,29.81,B,A
P000243773-001-001,126,3,3,93.95,29.83,B,B
9074417012,126,1,1,93.96,29.86,B,C
7273535,126,27,27,93.97,29.88,B,A
A000142941,126,2,2,93.98,29.9,B,C
9180800020,126,9,9,93.99,29.93,B,A
9020202210,125,6,6,94.0,29.95,B,B
A000134180,125,3,3,94.01,29.97,B,B
10049384,125,4,4,94.02,30.0,B,B
A000142233,125,3,3,94.03,30.02,B,B
7225016,125,4,4,94.03,30.04,B,B
A000343293,125,4,4,94.04,30.06,B,B
A000131992,125,4,3,94.05,30.09,B,B
P000243799-001-001,125,6,6,94.06,30.11,B,B
A000135754,125,1,1,94.07,30.13,B,C
9073517092,125,5,5,94.08,30.16,B,B
9074917092,125,4,4,94.09,30.18,B,B
P000243173-001-001,125,3,3,94.1,30.2,B,B
A000135506,125,1,1,94.11,30.23,B,C
P000243766-001-001,125,2,2,94.12,30.25,B,C
A000343305,123,9,9,94.13,30.27,B,A
9341520700,123,57,57,94.14,30.29,B,A
A000505871,123,9,9,94.14,30.32,B,A
P000243455-001-001,122,16,16,94.15,30.34,B,A
9283117030,122,6,6,94.16,30.36,B,B
A000330722,122,7,7,94.17,30.39,B,B
3684923060,122,1,1,94.18,30.41,B,C
9410917531,122,8,8,94.19,30.43,B,A
A000308703,122,1,1,94.2,30.45,B,C
A000142216,122,4,4,94.21,30.48,B,B
A000422859,122,6,6,94.22,30.5,B,B
A000522203,121,4,4,94.23,30.52,B,B
A000461045,121,33,33,94.23,30.55,B,A
A000130633,120,1,1,94.24,30.57,B,C
9492602553,120,6,6,94.25,30.59,B,B
A000423153,120,2,2,94.26,30.62,B,C
A000143379,120,3,3,94.27,30.64,B,B
A000313708,120,2,2,94.28,30.66,B,C
P000236600-001-002,120,15,15,94.29,30.68,B,A
9125817500,120,10,10,94.3,30.71,B,A
7348433,120,2,2,94.31,30.73,B,C
A000366734,120,3,3,94.31,30.75,B,B
9126904521,120,8,8,94.32,30.78,B,A
A000423111,120,2,2,94.33,30.8,B,C
9421927601,120,15,15,94.34,30.82,B,A
9413927531,120,21,21,94.35,30.85,B,A
A000313711,120,2,2,94.36,30.87,B,C
A000330735,120,1,1,94.37,30.89,B,C
9064990452,120,8,8,94.38,30.91,B,A
9260304250,120,8,8,94.38,30.94,B,A
9120080000,120,2,2,94.39,30.96,B,C
P000243823-001-001,119,5,5,94.4,30.98,B,B
9172321001,118,5,5,94.41,31.01,B,B
P000243793-001-001,118,13,13,94.42,31.03,B,A
9068917650,118,22,22,94.43,31.05,B,A
A000325608,118,15,15,94.44,31.07,B,A
10014242,118,14,14,94.45,31.1,B,A
10017343,116,30,29,94.45,31.12,B,A
10037670,116,4,3,94.46,31.14,B,B
10001595,116,7,7,94.47,31.17,B,B
9260090055,116,13,13,94.48,31.19,B,A
A000423227,115,2,2,94.49,31.21,B,C
A000341289,115,5,5,94.5,31.24,B,B
9325116720,115,12,11,94.51,31.26,B,A
A000405057,115,7,7,94.51,31.28,B,B
A000130255,114,7,6,94.52,31.3,B,B
9066946652,114,12,12,94.53,31.33,B,A
10035758,114,20,20,94.54,31.35,B,A
A000308694,114,18,8,94.55,31.37,B,A
P000243740-001-001,113,6,6,94.56,31.4,B,B
9440217552,113,16,16,94.56,31.42,B,A
9869114352,112,34,34,94.57,31.44,B,A
P000236600-001-008,112,16,16,94.58,31.47,B,A
A000441318,112,12,12,94.59,31.49,B,A
P000236600-001-009,112,13,13,94.6,31.51,B,A
9000734053,112,12,12,94.61,31.53,B,A
9751500004,112,7,5,94.61,31.56,B,B
9341521700,112,37,37,94.62,31.58,B,A
9064917651,111,18,18,94.63,31.6,B,A
A000146285,111,26,26,94.64,31.63,B,A
10000258,111,8,7,94.65,31.65,B,A
9750290000,111,16,16,94.65,31.67,B,A
A000071193,110,7,7,94.66,31.69,B,B
10013755,110,34,34,94.67,31.72,B,A
9180200080,110,4,4,94.68,31.74,B,B
A000421497,110,4,4,94.69,31.76,B,B
A000493445,110,2,2,94.69,31.79,B,C
9060805400,110,16,16,94.7,31.81,B,A
9751690001,110,2,2,94.71,31.83,B,C
A000229566,110,5,4,94.72,31.86,B,B
9000111150,110,6,6,94.73,31.88,B,B
9066990000,110,6,6,94.74,31.9,B,B
A000318039,110,8,8,94.74,31.92,B,A
9204317000,110,2,2,94.75,31.95,B,C
A000304656,109,7,7,94.76,31.97,B,B
9280900110,109,10,10,94.77,31.99,B,A
9063517652,109,4,4,94.78,32.02,B,B
A000423074,108,4,4,94.78,32.04,B,B
7262435,108,25,25,94.79,32.06,B,A
10048592,108,51,49,94.8,32.09,B,A
9064417672,108,10,10,94.81,32.11,B,A
P000236150-001-018,107,3,2,94.82,32.13,B,B
7262531,106,23,23,94.82,32.15,B,A
A000423125,106,7,7,94.83,32.18,B,B
10037009,106,12,11,94.84,32.2,B,A
A000303348,106,8,8,94.85,32.22,B,A
9341521790,106,9,9,94.85,32.25,B,A
7268570,106,22,22,94.86,32.27,B,A
9066946651,106,17,17,94.87,32.29,B,A
P000238149-001-001,105,4,4,94.88,32.32,B,B
9127990702,105,6,6,94.89,32.34,B,B
A000308709,105,8,8,94.89,32.36,B,A
A000341291,105,5,5,94.9,32.38,B,B
9180200200,105,2,2,94.91,32.41,B,C
9751410012,105,3,3,94.92,32.43,B,B
A000130270,105,2,2,94.92,32.45,B,C
9416918451,104,27,27,94.93,32.48,B,A
A000127721,104,7,7,94.94,32.5,B,B
A000328339,103,14,14,94.95,32.52,B,A
9064946652,103,21,21,94.95,32.54,B,A
A000143030,103,3,3,94.96,32.57,B,B
P000236278-002-001,103,9,9,94.97,32.59,B,A
A000422856,102,1,1,94.98,32.61,B,C
10037671,102,4,4,94.98,32.64,B,B
A000393701,102,17,13,94.99,32.66,B,A
P001150170-001-001,102,2,2,95.0,32.68,B,C
A000343353,102,3,3,95.01,32.71,C,B
A000423049,102,7,7,95.01,32.73,C,B
P000243815-001-001,102,5,5,95.02,32.75,C,B
10031265,102,38,34,95.03,32.77,C,A
A000193071,102,2,2,95.04,32.8,C,C
9021000430,102,4,4,95.04,32.82,C,B
9190521406,101,2,2,95.05,32.84,C,C
P001031913-001-104,101,4,4,95.06,32.87,C,B
7268572,101,24,24,95.07,32.89,C,A
10035757,101,19,19,95.07,32.91,C,A
10035559,101,5,5,95.08,32.94,C,B
9869131401,101,19,18,95.09,32.96,C,A
9325316720,101,20,20,95.1,32.98,C,A
A000232185,101,4,4,95.1,33.0,C,B
A000355565,101,14,14,95.11,33.03,C,A
A000175972,100,2,2,95.12,33.05,C,C
P000236522-001-004,100,2,2,95.13,33.07,C,C
P000236529-001-001,100,3,3,95.13,33.1,C,B
9176922651,100,2,2,95.14,33.12,C,C
9176903002,100,4,4,95.15,33.14,C,B
A000141410,100,1,1,95.16,33.16,C,C
A000146127,100,1,1,95.16,33.19,C,C
P000243176-001-001,100,3,2,95.17,33.21,C,B
A000135760,100,1,1,95.18,33.23,C,C
P000244372-001-001,100,1,1,95.19,33.26,C,C
9388190015,100,1,1,95.19,33.28,C,C
10049385,100,7,7,95.2,33.3,C,B
P000243816-001-001,100,1,1,95.21,33.33,C,C
A000313707,100,3,3,95.21,33.35,C,B
9211012180,100,8,8,95.22,33.37,C,A
3684913140,100,1,1,95.23,33.39,C,C
A000134181,100,1,1,95.24,33.42,C,C
7225125,100,1,1,95.24,33.44,C,C
P000243764-001-001,100,1,1,95.25,33.46,C,C
9006602602,100,14,14,95.26,33.49,C,A
A000135778,100,2,2,95.27,33.51,C,C
A000135513,100,2,2,95.27,33.53,C,C
A000180492,100,2,2,95.28,33.56,C,C
P001094301-260-125,100,4,4,95.29,33.58,C,B
A000438069,100,1,1,95.3,33.6,C,C
A000422868,100,2,2,95.3,33.62,C,C
A000422865,100,1,1,95.31,33.65,C,C
9127690120,100,3,3,95.32,33.67,C,B
9126617501,100,6,6,95.33,33.69,C,B
A000422942,100,2,2,95.33,33.72,C,C
A000229209,100,1,1,95.34,33.74,C,C
A000229215,100,3,3,95.35,33.76,C,B
A000229384,100,2,2,95.35,33.79,C,C
9126404521,100,6,6,95.36,33.81,C,B
9751610002,100,4,3,95.37,33.83,C,B
P000242841-001-001,100,2,1,95.38,33.85,C,C
P000242832-001-001,100,2,2,95.38,33.88,C,C
9422890170,100,6,6,95.39,33.9,C,B
9413917507,100,2,2,95.4,33.92,C,C
A000330730,100,5,5,95.41,33.95,C,B
P000243506-001-001,100,1,1,95.41,33.97,C,C
A000135803,100,2,2,95.42,33.99,C,C
10010963,100,13,13,95.43,34.01,C,A
9125602495,100,2,2,95.44,34.04,C,C
P000243809-001-001,100,1,1,95.44,34.06,C,C
A000131984,100,3,3,95.45,34.08,C,B
A000145997,100,6,6,95.46,34.11,C,B
P000244321-001-001,100,8,8,95.47,34.13,C,A
10024997,100,11,11,95.47,34.15,C,A
P001112017-300-010,100,3,3,95.48,34.18,C,B
9180300020,100,2,2,95.49,34.2,C,C
P001453418-015-001,100,1,1,95.49,34.22,C,C
P000238159-001-001,100,4,4,95.5,34.24,C,B
P000236600-001-003,100,15,15,95.51,34.27,C,A
A000321419,100,1,1,95.52,34.29,C,C
3671754000,100,1,1,95.52,34.31,C,C
A000127127,100,1,1,95.53,34.34,C,C
P000236600-001-001,99,13,13,95.54,34.36,C,A
A000525836,99,4,4,95.55,34.38,C,B
A000135822,99,3,3,95.55,34.41,C,B
A000355563,99,7,7,95.56,34.43,C,B
9440217551,99,10,10,95.57,34.45,C,A
P000242881-001-001,99,2,2,95.58,34.47,C,C
A000135516,99,1,1,95.58,34.5,C,C
10034685,99,7,7,95.59,34.52,C,B
A000135775,99,1,1,95.6,34.54,C,C
9266104030,98,19,19,95.6,34.57,C,A
9421927602,98,24,24,95.61,34.59,C,A
10049907,98,13,13,95.62,34.61,C,A
3683893030,98,1,1,95.63,34.63,C,C
9967208201,98,7,7,95.63,34.66,C,B
9344121100,97,29,29,95.64,34.68,C,A
A000343332,96,7,7,95.65,34.7,C,A
P000243796-001-001,96,6,6,95.65,34.73,C,B
9020390116,96,2,2,95.66,34.75,C,C
10025023,96,16,15,95.67,34.77,C,A
9869114251,96,27,27,95.68,34.8,C,A
10010282,96,13,13,95.68,34.82,C,A
A000326895,96,2,2,95.69,34.84,C,C
9061800250,95,12,12,95.7,34.86,C,A
A000431346,95,7,7,95.7,34.89,C,A
9751620009,95,2,2,95.71,34.91,C,C
A000424588,95,9,9,95.72,34.93,C,A
10001823,95,16,15,95.72,34.96,C,A
9492301553,95,15,15,95.73,34.98,C,A
9858022,94,13,13,95.74,35.0,C,A
9554100000,94,6,6,95.75,35.03,C,B
P000047584-350-200,93,28,28,95.75,35.05,C,A
7266445,93,25,25,95.76,35.07,C,A
10037203,93,7,7,95.77,35.09,C,A
9325302000,93,19,19,95.77,35.12,C,A
10027531,92,8,8,95.78,35.14,C,A
A000349475,92,6,6,95.79,35.16,C,B
P000236336-001-001,92,11,10,95.79,35.19,C,A
P000236608-001-004,92,19,19,95.8,35.21,C,A
A000461048,92,34,31,95.81,35.23,C,A
A000391930,92,8,8,95.81,35.25,C,A
P000243760-001-001,92,5,5,95.82,35.28,C,B
9967507001,91,7,7,95.83,35.3,C,A
9341721590,91,9,9,95.83,35.32,C,A
A000130459,91,8,8,95.84,35.35,C,A
9173936000,91,18,16,95.85,35.37,C,A
9963507001,91,16,16,95.85,35.39,C,A
P000244324-001-001,90,7,7,95.86,35.42,C,A
A000143329,90,2,2,95.87,35.44,C,C
9176990660,90,4,4,95.87,35.46,C,B
A000493351,90,1,1,95.88,35.48,C,C
9063890090,90,7,7,95.89,35.51,C,A
A000423138,90,3,3,95.89,35.53,C,B
9064990121,90,4,4,95.9,35.55,C,B
9126690501,90,6,6,95.91,35.58,C,B
9176924652,90,11,11,95.91,35.6,C,A
7962070,90,3,3,95.92,35.62,C,B
9341521590,90,7,7,95.93,35.65,C,A
9125590501,90,4,4,95.93,35.67,C,B
9341521500,89,32,32,95.94,35.69,C,A
10013898,89,18,17,95.95,35.71,C,A
A000343318,88,8,8,95.95,35.74,C,A
A000453937,88,15,15,95.96,35.76,C,A
9125617535,88,22,22,95.97,35.78,C,A
9176924651,88,15,11,95.97,35.81,C,A
A000431350,88,3,3,95.98,35.83,C,B
P000237147-001-001,88,6,6,95.99,35.85,C,B
A000344433,87,25,22,95.99,35.88,C,A
9340520590,87,8,8,96.0,35.9,C,A
A000131999,87,5,5,96.0,35.92,C,B
9341721790,87,8,8,96.01,35.94,C,A
A000333604,87,3,3,96.02,35.97,C,B
P001464384-326-033,87,7,7,96.02,35.99,C,A
P000243776-001-001,87,7,7,96.03,36.01,C,A
P000236582-001-002,86,14,14,96.04,36.04,C,A
A000316168,86,12,12,96.04,36.06,C,A
9969307000,86,12,10,96.05,36.08,C,A
7962053,86,8,8,96.06,36.1,C,A
A000431371,86,3,3,96.06,36.13,C,B
A000329541,86,4,4,96.07,36.15,C,B
10001593,86,19,19,96.07,36.17,C,A
9000711221,86,20,20,96.08,36.2,C,A
A000455448,86,15,15,96.09,36.22,C,A
9009911600,86,13,13,96.09,36.24,C,A
9349920022,86,20,20,96.1,36.27,C,A
P000236582-001-008,86,12,12,96.11,36.29,C,A
9960407011,85,4,4,96.11,36.31,C,B
P001119046-001-001,85,11,10,96.12,36.33,C,A
7962016,85,19,19,96.12,36.36,C,A
9006602601,85,14,14,96.13,36.38,C,A
9751410011,85,3,3,96.14,36.4,C,B
9190521407,85,3,3,96.14,36.43,C,B
A000422831,85,19,19,96.15,36.45,C,A
A000145982,85,4,4,96.16,36.47,C,B
9351720700,85,3,3,96.16,36.5,C,B
9341721500,85,31,31,96.17,36.52,C,A
9344120100,84,3,3,96.17,36.54,C,B
A000308697,84,15,9,96.18,36.56,C,A
9416918401,84,25,25,96.19,36.59,C,A
9176977651,84,10,8,96.19,36.61,C,A
A000308698,84,8,8,96.2,36.63,C,A
9344121190,83,26,26,96.21,36.66,C,A
A000422830,83,11,10,96.21,36.68,C,A
10037695,82,8,7,96.22,36.7,C,A
A000143028,82,4,4,96.22,36.72,C,B
A000461051,82,18,17,96.23,36.75,C,A
9307100000,82,5,5,96.24,36.77,C,B
9001690200,82,7,7,96.24,36.79,C,A
P000243758-001-001,82,8,8,96.25,36.82,C,A
9013209303,81,3,3,96.25,36.84,C,B
A000423149,81,6,6,96.26,36.86,C,B
9282600030,81,2,2,96.27,36.89,C,C
10005293,81,2,2,96.27,36.91,C,C
9064946651,81,14,14,96.28,36.93,C,A
A000525825,81,4,4,96.28,36.95,C,B
A000307027,81,9,9,96.29,36.98,C,A
9960308001,81,5,4,96.3,37.0,C,B
10003716,81,24,24,96.3,37.02,C,A
P000236150-001-015,81,7,7,96.31,37.05,C,A
A000423051,80,2,2,96.31,37.07,C,C
A000143334,80,5,5,96.32,37.09,C,B
9064990092,80,4,4,96.33,37.12,C,B
9068990170,80,7,7,96.33,37.14,C,A
A000330637,80,6,6,96.34,37.16,C,B
9700290175,80,2,2,96.34,37.18,C,C
7267535,80,18,18,96.35,37.21,C,A
A000403996,80,2,1,96.35,37.23,C,C
9260304180,80,4,4,96.36,37.25,C,B
A000146126,80,2,2,96.37,37.28,C,C
A000423141,80,2,2,96.37,37.3,C,C
P000238242-001-001,80,1,1,96.38,37.32,C,C
A000423132,80,2,2,96.38,37.34,C,C
9400090182,80,7,7,96.39,37.37,C,A
A000145869,79,4,4,96.4,37.39,C,B
P000236305-001-001,79,4,4,96.4,37.41,C,B
9964207000,79,16,15,96.41,37.44,C,A
7962006,79,15,10,96.41,37.46,C,A
A000395082,79,6,6,96.42,37.48,C,B
10037698,79,3,3,96.42,37.51,C,B
9362290000,78,4,4,96.43,37.53,C,B
A000423028,78,6,6,96.44,37.55,C,B
9967507202,78,12,10,96.44,37.57,C,A
9120090000,78,1,1,96.45,37.6,C,C
9432817600,78,12,12,96.45,37.62,C,A
A000306729,78,3,3,96.46,37.64,C,B
10001414,77,13,13,96.46,37.67,C,A
9172321002,77,3,3,96.47,37.69,C,B
A000303822,77,16,16,96.48,37.71,C,A
A000454274,77,4,4,96.48,37.74,C,B
P000242683-001-001,77,3,3,96.49,37.76,C,B
9304104608,76,5,5,96.49,37.78,C,B
10025024,76,12,12,96.5,37.8,C,A
A000344429,76,28,24,96.5,37.83,C,A
P000328192-001-001,76,3,3,96.51,37.85,C,B
A000190357,75,3,2,96.52,37.87,C,B
P000236582-001-001,75,11,11,96.52,37.9,C,A
9964307000,75,9,9,96.53,37.92,C,A
A000190362,75,3,2,96.53,37.94,C,B
A000323463,75,1,1,96.54,37.97,C,C
A000191388,75,19,19,96.54,37.99,C,A
A000132070,75,1,1,96.55,38.01,C,C
P000236582-001-007,75,10,10,96.55,38.03,C,A
P000243811-001-001,75,1,1,96.56,38.06,C,C
A000521887,75,3,3,96.57,38.08,C,B
A000133803,75,1,1,96.57,38.1,C,C
9751500002,75,4,2,96.58,38.13,C,B
A000437522,75,3,2,96.58,38.15,C,B
A000454278,75,2,2,96.59,38.17,C,C
9422817630,75,24,24,96.59,38.19,C,A
A000133630,75,1,1,96.6,38.22,C,C
A000135776,75,2,2,96.6,38.24,C,C
A000135833,75,2,2,96.61,38.26,C,C
A000135504,75,1,1,96.61,38.29,C,C
A000135756,75,1,1,96.62,38.31,C,C
9410990007,75,2,2,96.63,38.33,C,C
9341520500,75,29,29,96.63,38.36,C,A
A000132073,75,1,1,96.64,38.38,C,C
A000344431,74,16,15,96.64,38.4,C,A
10034750,74,14,13,96.65,38.42,C,A
7962003,74,17,17,96.65,38.45,C,A
9349920024,74,15,15,96.66,38.47,C,A
10037188,73,1,1,96.66,38.49,C,C
A000322659,73,7,7,96.67,38.52,C,A
A000325613,73,9,9,96.67,38.54,C,A
10003418,73,10,10,96.68,38.56,C,A
A000192268,73,18,18,96.69,38.59,C,A
A000130225,73,2,2,96.69,38.61,C,C
9126690505,73,9,8,96.7,38.63,C,A
A000145991,73,3,3,96.7,38.65,C,B
9325316550,73,5,5,96.71,38.68,C,B
10010280,73,23,23,96.71,38.7,C,A
9062917650,73,17,17,96.72,38.72,C,A
9280900000,73,15,15,96.72,38.75,C,A
9024800090,73,8,8,96.73,38.77,C,A
P000238172-001-001,73,2,2,96.73,38.79,C,C
P000236150-001-016,73,4,4,96.74,38.81,C,B
A000423043,72,6,6,96.74,38.84,C,B
A000349463,72,1,1,96.75,38.86,C,C
9344221100,72,22,22,96.76,38.88,C,A
9291902000,72,13,13,96.76,38.91,C,A
A000514781,71,6,6,96.77,38.93,C,B
A000423116,71,9,9,96.77,38.95,C,A
10013767,71,30,30,96.78,38.98,C,A
9869114302,71,22,22,96.78,39.0,C,A
9000490010,71,5,5,96.79,39.02,C,B
P000236608-001-001,70,17,17,96.79,39.04,C,A
10029225,70,6,6,96.8,39.07,C,B
A000423144,70,4,4,96.8,39.09,C,B
P000238194-001-001,70,2,2,96.81,39.11,C,C
P000238170-001-001,70,3,3,96.81,39.14,C,B
A000336242,70,4,4,96.82,39.16,C,B
9000711220,70,7,7,96.82,39.18,C,A
A000423127,70,2,2,96.83,39.21,C,C
9364001000,70,6,6,96.83,39.23,C,B
A000423044,70,1,1,96.84,39.25,C,C
9068800550,70,19,19,96.84,39.27,C,A
9064990462,70,7,7,96.85,39.3,C,A
A000143348,70,3,3,96.85,39.32,C,B
A000402439,70,20,20,96.86,39.34,C,A
A000229398,70,2,2,96.86,39.37,C,C
9125690270,70,3,3,96.87,39.39,C,B
9126937502,70,7,7,96.87,39.41,C,A
A000391717,70,30,30,96.88,39.44,C,A
9126417521,70,7,7,96.88,39.46,C,A
7170113,70,4,4,96.89,39.48,C,B
A000130416,70,1,1,96.89,39.5,C,C
A000323668,70,9,9,96.9,39.53,C,A
10049767,70,4,4,96.91,39.55,C,B
10013815,69,32,32,96.91,39.57,C,A
A000521888,69,4,4,96.92,39.6,C,B
10013743,69,18,18,96.92,39.62,C,A
10041615,69,10,10,96.93,39.64,C,A
7962026,68,6,6,96.93,39.66,C,B
9020204210,68,4,4,96.94,39.69,C,B
A000343324,68,6,6,96.94,39.71,C,B
A000393752,68,7,7,96.95,39.73,C,B
9879114251,68,22,22,96.95,39.76,C,A
9325216720,68,14,14,96.96,39.78,C,A
A000255149,67,7,4,96.96,39.8,C,B
A000424682,67,4,4,96.97,39.83,C,B
10026599,67,14,14,96.97,39.85,C,A
9126905533,67,8,8,96.98,39.87,C,A
9125590540,67,11,11,96.98,39.89,C,A
A000521883,67,4,4,96.99,39.92,C,B
9869114252,67,28,27,96.99,39.94,C,A
A000441314,67,7,7,97.0,39.96,C,B
10037697,66,10,10,97.0,39.99,C,A
A000325616,66,18,18,97.0,40.01,C,A
9013209304,66,3,3,97.01,40.03,C,B
P000236582-001-009,65,10,10,97.01,40.06,C,A
9967307001,65,12,12,97.02,40.08,C,A
A000141100,65,2,2,97.02,40.1,C,C
9011407261,65,13,13,97.03,40.12,C,A
9492312553,65,3,3,97.03,40.15,C,B
9125505531,65,9,9,97.04,40.17,C,A
A000127627,65,8,8,97.04,40.19,C,A
A000342735,65,1,1,97.05,40.22,C,C
10045576,65,10,10,97.05,40.24,C,A
A000313714,64,4,4,97.06,40.26,C,B
P000242870-001-001,64,2,2,97.06,40.28,C,C
9611995177,64,2,1,97.07,40.31,C,C
P000242871-001-001,64,1,1,97.07,40.33,C,C
9176977652,64,7,5,97.08,40.35,C,B
10036060,64,10,9,97.08,40.38,C,A
9874114251,64,8,8,97.09,40.4,C,A
A000514782,63,6,5,97.09,40.42,C,B
10003659,63,7,6,97.1,40.45,C,B
P000243746-001-001,63,3,3,97.1,40.47,C,B
9260006530,63,7,7,97.1,40.49,C,A
9180301000,63,5,4,97.11,40.51,C,B
P000236243-001-009,63,11,11,97.11,40.54,C,A
A000343309,63,3,3,97.12,40.56,C,B
9153355001,62,7,7,97.12,40.58,C,B
A000393719,62,16,16,97.13,40.61,C,A
A000462157,62,10,10,97.13,40.63,C,A
9967507201,62,8,7,97.14,40.65,C,A
A000313704,62,7,7,97.14,40.68,C,A
9325202000,62,8,8,97.15,40.7,C,A
9304104606,62,10,10,97.15,40.72,C,A
P001284456-352-001,61,9,9,97.15,40.74,C,A
A000313506,61,2,2,97.16,40.77,C,C
10035553,61,5,5,97.16,40.79,C,B
A000255147,61,13,10,97.17,40.81,C,A
10013889,61,15,14,97.17,40.84,C,A
10037687,61,33,33,97.18,40.86,C,A
10003697,61,11,11,97.18,40.88,C,A
9493801651,61,3,2,97.19,40.9,C,B
9493801652,61,5,4,97.19,40.93,C,B
A000423213,60,2,1,97.19,40.95,C,C
A000422899,60,3,3,97.2,40.97,C,B
A000423126,60,5,5,97.2,41.0,C,B
9260006500,60,6,6,97.21,41.02,C,B
P000236243-001-010,60,13,13,97.21,41.04,C,A
P000236649-001-001,60,4,4,97.22,41.07,C,B
P000238116-001-001,60,3,3,97.22,41.09,C,B
9351721700,60,1,1,97.23,41.11,C,C
P000238222-001-001,60,1,1,97.23,41.13,C,C
P000237469-001-001,60,1,1,97.23,41.16,C,C
10000253,60,3,3,97.24,41.18,C,B
9063890080,60,3,3,97.24,41.2,C,B
9063590121,60,3,3,97.25,41.23,C,B
A000330734,60,7,7,97.25,41.25,C,A
9660231001,60,2,2,97.26,41.27,C,C
9610717200,60,2,2,97.26,41.3,C,C
10037196,60,4,4,97.27,41.32,C,B
A000421750,60,2,2,97.27,41.34,C,C
A000395081,60,1,1,97.27,41.36,C,C
9351520700,60,2,2,97.28,41.39,C,C
P000243733-001-001,60,6,6,97.28,41.41,C,B
10027526,60,9,9,97.29,41.43,C,A
A000423217,60,3,3,97.29,41.46,C,B
9492690010,60,1,1,97.3,41.48,C,C
10018317,60,2,2,97.3,41.5,C,C
9442917552,60,9,9,97.31,41.53,C,A
A000307011,60,3,3,97.31,41.55,C,B
A000423211,60,4,4,97.31,41.57,C,B
10027507,59,13,13,97.32,41.59,C,A
10013843,59,30,30,97.32,41.62,C,A
9344120190,59,16,16,97.33,41.64,C,A
10010549,59,7,6,97.33,41.66,C,A
9962507001,58,5,5,97.34,41.69,C,B
10037871,58,12,10,97.34,41.71,C,A
A000191384,58,19,17,97.34,41.73,C,A
A000521853,58,4,4,97.35,41.75,C,B
10001768,58,18,18,97.35,41.78,C,A
9304104106,58,10,10,97.36,41.8,C,A
10037890,57,5,5,97.36,41.82,C,B
A000336039,57,8,8,97.37,41.85,C,A
9064904652,57,3,3,97.37,41.87,C,B
P000712889-001-001,57,6,6,97.37,41.89,C,B
10013858,56,35,34,97.38,41.92,C,A
P000237467-003-001,56,3,3,97.38,41.94,C,B
P000243340-001-001,56,4,4,97.39,41.96,C,B
P000243774-001-001,56,2,2,97.39,41.98,C,C
10026601,56,14,14,97.39,42.01,C,A
9013209290,56,12,12,97.4,42.03,C,A
10017344,56,12,12,97.4,42.05,C,A
P000236347-001-004,56,6,5,97.41,42.08,C,B
7170057,56,2,2,97.41,42.1,C,C
9966207000,56,10,10,97.42,42.12,C,A
9199500000,56,9,9,97.42,42.15,C,A
P001552590-001-010,55,4,4,97.42,42.17,C,B
P000236559-001-002,55,7,7,97.43,42.19,C,A
P000236363-001-003,55,3,3,97.43,42.21,C,B
9176990172,55,4,4,97.44,42.24,C,B
P000236582-001-003,55,11,11,97.44,42.26,C,A
10013738,55,19,19,97.44,42.28,C,A
P000236664-001-005,55,7,7,97.45,42.31,C,A
P001031913-005-101,55,6,6,97.45,42.33,C,B
10000251,55,9,9,97.46,42.35,C,A
P000243785-001-001,55,4,4,97.46,42.37,C,B
A000308713,55,6,6,97.46,42.4,C,B
A000329560,55,6,6,97.47,42.42,C,B
A000403999,54,3,3,97.47,42.44,C,B
10026572,54,5,5,97.48,42.47,C,B
A000454282,54,4,4,97.48,42.49,C,B
9176990171,54,5,5,97.48,42.51,C,B
A000142230,54,9,8,97.49,42.54,C,A
10025011,54,11,11,97.49,42.56,C,A
7263535,54,13,13,97.5,42.58,C,A
A000431352,53,8,8,97.5,42.6,C,A
10036065,53,5,5,97.5,42.63,C,B
9180206000,53,2,2,97.51,42.65,C,C
9127990701,53,11,11,97.51,42.67,C,A
10019854,53,27,27,97.52,42.7,C,A
9270504530,53,11,11,97.52,42.72,C,A
9180701000,53,2,2,97.52,42.74,C,C
A000325617,53,10,10,97.53,42.77,C,A
A000330720,52,9,9,97.53,42.79,C,A
A000145872,52,13,13,97.53,42.81,C,A
A000135770,52,2,2,97.54,42.83,C,C
A000329991,52,6,6,97.54,42.86,C,B
P000330563-001-001,52,2,2,97.55,42.88,C,C
9963307001,52,12,12,97.55,42.9,C,A
10049480,52,2,2,97.55,42.93,C,C
A000141405,52,6,3,97.56,42.95,C,B
P000243616-001-001,52,4,4,97.56,42.97,C,B
10027110,52,2,2,97.57,42.99,C,C
10013840,52,32,32,97.57,43.02,C,A
9126605533,52,4,4,97.57,43.04,C,B
A000131041,52,8,7,97.58,43.06,C,A
9293102720,52,3,3,97.58,43.09,C,B
9126405531,52,15,15,97.58,43.11,C,A
A000304897,52,10,10,97.59,43.13,C,A
A000525818,51,2,2,97.59,43.16,C,C
9175926656,51,4,4,97.6,43.18,C,B
10002130,51,14,14,97.6,43.2,C,A
A000142210,51,3,3,97.6,43.22,C,B
P000236608-001-002,51,13,13,97.61,43.25,C,A
7275535,51,24,24,97.61,43.27,C,A
A000131042,51,9,9,97.61,43.29,C,A
9020203210,51,3,3,97.62,43.32,C,B
10038869,51,15,15,97.62,43.34,C,A
10025967,51,4,4,97.63,43.36,C,B
9344220190,51,10,10,97.63,43.39,C,A
9967407001,51,7,6,97.63,43.41,C,A
10027535,51,15,15,97.64,43.43,C,A
P000236664-001-007,51,7,7,97.64,43.45,C,A
10014213,51,2,2,97.64,43.48,C,C
P000243594-001-001,51,5,5,97.65,43.5,C,B
P001112073-001-010,50,1,1,97.65,43.52,C,C
P000243804-001-001,50,1,1,97.66,43.55,C,C
P001112017-300-050,50,1,1,97.66,43.57,C,C
P000243819-001-001,50,1,1,97.66,43.59,C,C
P000236664-001-008,50,1,1,97.67,43.62,C,C
A000319414,50,2,2,97.67,43.64,C,C
10034793,50,1,1,97.67,43.66,C,C
P000243754-001-001,50,1,1,97.68,43.68,C,C
A000131976,50,2,2,97.68,43.71,C,C
P000244322-001-001,50,4,4,97.69,43.73,C,B
P000237467-006-001,50,1,1,97.69,43.75,C,C
3706602310,50,1,1,97.69,43.78,C,C
A000493372,50,1,1,97.7,43.8,C,C
9126404507,50,1,1,97.7,43.82,C,C
A000133402,50,1,1,97.7,43.84,C,C
9720090176,50,3,3,97.71,43.87,C,B
9751620010,50,3,3,97.71,43.89,C,B
P000244092-001-001,50,1,1,97.71,43.91,C,C
10034081,50,6,6,97.72,43.94,C,B
A000423216,50,2,2,97.72,43.96,C,C
P000242975-001-001,50,5,5,97.73,43.98,C,B
P000244421-001-001,50,1,1,97.73,44.01,C,C
P000236336-001-005,50,1,1,97.73,44.03,C,C
A000131935,50,2,2,97.74,44.05,C,C
A000423154,50,1,1,97.74,44.07,C,C
10010453,50,2,2,97.74,44.1,C,C
9073817055,50,1,1,97.75,44.12,C,C
9172990030,50,2,2,97.75,44.14,C,C
A000422867,50,1,1,97.76,44.17,C,C
A000422869,50,1,1,97.76,44.19,C,C
A000438061,50,5,4,97.76,44.21,C,B
A000141480,50,3,3,97.77,44.24,C,B
A000131615,50,4,4,97.77,44.26,C,B
P000244323-001-001,50,3,3,97.77,44.28,C,B
9421990176,50,4,4,97.78,44.3,C,B
A000427761,50,2,2,97.78,44.33,C,C
9492302556,50,1,1,97.78,44.35,C,C
P000243812-001-001,50,1,1,97.79,44.37,C,C
A000422870,50,1,1,97.79,44.4,C,C
9074417092,50,1,1,97.8,44.42,C,C
9127990182,50,3,3,97.8,44.44,C,B
9073517056,50,1,1,97.8,44.46,C,C
A000141423,50,1,1,97.81,44.49,C,C
P000236521-001-001,50,1,1,97.81,44.51,C,C
A000423152,50,3,3,97.81,44.53,C,B
10036084,50,5,5,97.82,44.56,C,B
9126917506,50,1,1,97.82,44.58,C,C
9126917507,50,1,1,97.82,44.6,C,C
A000135812,50,2,2,97.83,44.63,C,C
9410990006,50,1,1,97.83,44.65,C,C
P000243779-001-001,50,1,1,97.84,44.67,C,C
9751180002,50,1,1,97.84,44.69,C,C
9126431506,50,1,1,97.84,44.72,C,C
A000510517,50,4,4,97.85,44.74,C,B
9125802505,50,1,1,97.85,44.76,C,C
A000133801,50,1,1,97.85,44.79,C,C
A000134183,50,1,1,97.86,44.81,C,C
A000135773,50,1,1,97.86,44.83,C,C
10034085,50,5,5,97.87,44.86,C,B
A000146129,50,2,2,97.87,44.88,C,C
9388190005,50,1,1,97.87,44.9,C,C
P000242697-001-001,50,1,1,97.88,44.92,C,C
A000130948,50,2,2,97.88,44.95,C,C
A000130949,50,2,2,97.88,44.97,C,C
A000141080,50,1,1,97.89,44.99,C,C
10045575,49,3,3,97.89,45.02,C,B
10035837,49,25,25,97.89,45.04,C,A
A000130452,49,2,1,97.9,45.06,C,C
A000135507,49,2,2,97.9,45.08,C,C
9011407262,49,18,18,97.91,45.11,C,A
A000313528,49,1,1,97.91,45.13,C,C
A000422874,49,8,8,97.91,45.15,C,A
A000323530,49,15,8,97.92,45.18,C,A
A000130558,49,5,5,97.92,45.2,C,B
A000343464,49,5,5,97.92,45.22,C,B
10013757,49,11,10,97.93,45.25,C,A
A000133174,48,4,4,97.93,45.27,C,B
9751500005,48,2,2,97.93,45.29,C,C
P001469516-800-020,48,1,1,97.94,45.31,C,C
10035840,48,19,19,97.94,45.34,C,A
9064990900,48,7,7,97.94,45.36,C,A
10001129,47,3,3,97.95,45.38,C,B
A000349514,47,4,4,97.95,45.41,C,B
P000237467-009-001,47,3,3,97.96,45.43,C,B
A000521886,47,7,7,97.96,45.45,C,A
A000343367,47,8,8,97.96,45.48,C,A
P000236600-001-011,47,14,14,97.97,45.5,C,A
A000142219,47,2,2,97.97,45.52,C,C
9001690000,47,6,6,97.97,45.54,C,B
9069931002,47,18,18,97.98,45.57,C,A
A000525845,47,4,4,97.98,45.59,C,B
10045577,47,2,2,97.98,45.61,C,C
A000326380,46,21,17,97.99,45.64,C,A
A000130543,46,4,4,97.99,45.66,C,B
A000423078,46,5,5,97.99,45.68,C,B
9064904651,46,2,2,98.0,45.71,C,C
A000307688,46,19,19,98.0,45.73,C,A
10010293,46,6,6,98.0,45.75,C,B
10025026,46,12,11,98.01,45.77,C,A
A000343361,46,5,5,98.01,45.8,C,B
10001790,46,12,12,98.01,45.82,C,A
A000423056,46,4,4,98.02,45.84,C,B
10013795,46,14,14,98.02,45.87,C,A
A000421747,46,4,4,98.02,45.89,C,B
A000521787,46,2,2,98.03,45.91,C,C
A000341283,46,7,7,98.03,45.93,C,A
P000243828-001-001,45,1,1,98.03,45.96,C,C
A000326395,45,6,6,98.04,45.98,C,B
A000461053,45,17,17,98.04,46.0,C,A
A000461046,45,18,18,98.04,46.03,C,A
A000343350,45,4,4,98.05,46.05,C,B
9063502651,45,5,5,98.05,46.07,C,B
A000343312,45,4,4,98.05,46.1,C,B
10037688,45,12,12,98.06,46.12,C,A
9410918531,44,9,9,98.06,46.14,C,A
10001278,44,8,8,98.06,46.16,C,A
A000330998,44,4,4,98.07,46.19,C,B
A000505813,44,5,5,98.07,46.21,C,B
A000493356,44,2,2,98.07,46.23,C,C
A000313698,44,5,5,98.08,46.26,C,B
9001390000,44,5,5,98.08,46.28,C,B
9001390100,44,8,8,98.08,46.3,C,A
A000422864,44,7,7,98.09,46.33,C,B
10049908,44,5,5,98.09,46.35,C,B
10049035,43,14,14,98.09,46.37,C,A
10029903,43,4,4,98.1,46.39,C,B
7170347,43,6,6,98.1,46.42,C,B
10013722,43,7,7,98.1,46.44,C,B
A000145873,43,12,12,98.11,46.46,C,A
9969207000,43,6,4,98.11,46.49,C,B
A000431353,42,3,2,98.11,46.51,C,B
10034717,42,6,6,98.11,46.53,C,B
10035552,42,5,5,98.12,46.55,C,B
P000244093-001-001,42,1,1,98.12,46.58,C,C
10029904,42,3,3,98.12,46.6,C,B
9153355002,42,6,6,98.13,46.62,C,B
A000145874,42,10,10,98.13,46.65,C,A
7262011,42,13,13,98.13,46.67,C,A
9420817530,41,12,12,98.14,46.69,C,A
P000243668-001-001,41,7,7,98.14,46.72,C,B
P000238106-001-001,41,4,4,98.14,46.74,C,B
A000427745,41,3,3,98.15,46.76,C,B
A000421749,41,7,7,98.15,46.78,C,B
9362490010,41,3,3,98.15,46.81,C,B
10036216,41,10,10,98.15,46.83,C,A
A000308758,41,16,16,98.16,46.85,C,A
9062417650,41,19,19,98.16,46.88,C,A
A000330716,41,7,7,98.16,46.9,C,B
9174947002,41,5,5,98.17,46.92,C,B
9013109260,41,5,5,98.17,46.95,C,B
9869190112,40,5,5,98.17,46.97,C,B
P000242831-001-001,40,2,2,98.18,46.99,C,C
A000329303,40,8,8,98.18,47.01,C,A
9967208202,40,5,4,98.18,47.04,C,B
P000238086-001-001,40,4,4,98.18,47.06,C,B
9869114301,40,15,15,98.19,47.08,C,A
9751500001,40,2,2,98.19,47.11,C,C
A000313702,40,1,1,98.19,47.13,C,C
P000238215-001-001,40,3,3,98.2,47.15,C,B
9720090177,40,4,4,98.2,47.18,C,B
9750240000,40,6,5,98.2,47.2,C,B
A000313700,40,1,1,98.2,47.22,C,C
A000313695,40,2,2,98.21,47.24,C,C
9293002720,40,3,3,98.21,47.27,C,B
P001284456-442-001,40,9,9,98.21,47.29,C,A
10001609,40,1,1,98.22,47.31,C,C
P001017198-021-001,40,1,1,98.22,47.34,C,C
A000328818,40,4,4,98.22,47.36,C,B
A000330523,40,6,6,98.23,47.38,C,B
A000143025,40,3,3,98.23,47.4,C,B
A000142882,40,2,2,98.23,47.43,C,C
P000244328-001-001,40,1,1,98.23,47.45,C,C
P000244325-001-001,40,2,2,98.24,47.47,C,C
P000236005-001-001,40,5,5,98.24,47.5,C,B
P000238186-001-001,40,4,4,98.24,47.52,C,B
A000330718,40,7,7,98.25,47.54,C,B
9020390113,40,4,4,98.25,47.57,C,B
A000143029,40,2,2,98.25,47.59,C,C
A000454276,40,6,6,98.25,47.61,C,B
A000313713,40,2,2,98.26,47.63,C,C
A000427700,40,1,1,98.26,47.66,C,C
A000141479,40,3,3,98.26,47.68,C,B
9440117552,40,13,13,98.27,47.7,C,A
P000242960-001-001,40,1,1,98.27,47.73,C,C
9491502653,40,7,7,98.27,47.75,C,B
10017451,40,4,4,98.28,47.77,C,B
9127990181,40,2,2,98.28,47.8,C,C
10049397,40,2,2,98.28,47.82,C,C
9069931001,40,11,11,98.28,47.84,C,A
A000143441,40,1,1,98.29,47.86,C,C
A000423146,40,2,2,98.29,47.89,C,B
9363004090,40,1,1,98.29,47.91,C,C
A000408340,40,4,4,98.3,47.93,C,B
10013882,40,9,8,98.3,47.96,C,A
A000229383,40,2,2,98.3,47.98,C,B
9126905531,40,9,9,98.3,48.0,C,A
A000071258,40,4,4,98.31,48.02,C,B
9126605531,40,9,9,98.31,48.05,C,A
9204117000,40,3,3,98.31,48.07,C,B
9192921656,40,4,4,98.32,48.09,C,B
P000238168-001-001,40,1,1,98.32,48.12,C,C
7170382,39,3,3,98.32,48.14,C,B
A000525824,39,5,5,98.33,48.16,C,B
A000330834,39,2,2,98.33,48.19,C,B
A000330714,39,2,2,98.33,48.21,C,B
10035838,39,28,28,98.33,48.23,C,A
A000398910,39,5,5,98.34,48.25,C,B
10036123,39,18,17,98.34,48.28,C,A
A000130233,39,8,7,98.34,48.3,C,A
10001240,39,9,9,98.35,48.32,C,A
A000330767,39,7,7,98.35,48.35,C,B
9962207001,39,15,14,98.35,48.37,C,A
9492601553,39,7,7,98.35,48.39,C,B
10024999,39,5,5,98.36,48.42,C,B
A000304352,39,8,8,98.36,48.44,C,A
A000343321,38,2,2,98.36,48.46,C,B
P000243597-001-001,38,7,7,98.37,48.48,C,B
A000422882,38,2,2,98.37,48.51,C,B
A000522202,38,1,1,98.37,48.53,C,C
10037891,37,13,11,98.37,48.55,C,A
A000427750,37,3,3,98.38,48.58,C,B
A000423072,37,2,2,98.38,48.6,C,B
9064404672,37,8,8,98.38,48.62,C,A
10019849,37,14,13,98.38,48.64,C,A
10037886,37,8,8,98.39,48.67,C,A
A000199793,37,6,6,98.39,48.69,C,B
9442917551,37,6,6,98.39,48.71,C,B
A000343402,37,4,4,98.4,48.74,C,B
P000236608-001-006,37,10,10,98.4,48.76,C,A
7170344,37,6,6,98.4,48.78,C,B
P000242605-001-001,37,6,6,98.4,48.81,C,B
A000422932,36,2,2,98.41,48.83,C,B
9967407202,36,7,6,98.41,48.85,C,B
10038871,36,12,11,98.41,48.87,C,A
A000423067,36,1,1,98.41,48.9,C,C
P000243713-001-001,36,7,7,98.42,48.92,C,B
A000349509,36,6,6,98.42,48.94,C,B
A000343364,36,6,6,98.42,48.97,C,B
9066904652,36,8,8,98.42,48.99,C,A
7226832,36,4,4,98.43,49.01,C,B
A000329221,36,3,3,98.43,49.04,C,B
A000331003,36,5,5,98.43,49.06,C,B
A000175944,36,3,3,98.44,49.08,C,B
9751670007,36,3,3,98.44,49.1,C,B
P000236305-001-008,35,2,2,98.44,49.13,C,B
P000236582-003-005,35,4,4,98.44,49.15,C,B
A000313432,35,2,2,98.45,49.17,C,B
9962107001,35,10,10,98.45,49.2,C,A
P000243611-001-001,35,4,2,98.45,49.22,C,B
A000422936,35,7,7,98.45,49.24,C,B
9554100030,35,2,2,98.46,49.27,C,B
9960208301,35,3,3,98.46,49.29,C,B
A000328340,35,14,14,98.46,49.31,C,A
P000243797-001-001,35,4,4,98.46,49.33,C,B
P000236128-001-005,35,2,2,98.47,49.36,C,B
9063566651,34,7,7,98.47,49.38,C,B
9857025,34,14,13,98.47,49.4,C,A
10034718,34,10,10,98.47,49.43,C,A
A000397704,34,4,4,98.48,49.45,C,B
9063566652,34,8,8,98.48,49.47,C,A
9173927000,34,11,11,98.48,49.49,C,A
P000236243-001-011,34,7,7,98.48,49.52,C,B
10003684,34,12,12,98.49,49.54,C,A
10003655,34,10,10,98.49,49.56,C,A
P000236582-001-012,34,6,6,98.49,49.59,C,B
9874114252,34,8,8,98.49,49.61,C,A
7226833,34,6,6,98.5,49.63,C,B
P000236664-001-009,33,5,5,98.5,49.66,C,B
P000236600-001-010,33,7,7,98.5,49.68,C,B
A000342741,33,1,1,98.5,49.7,C,C
A000130012,33,4,4,98.51,49.72,C,B
A000525827,33,2,2,98.51,49.75,C,B
7262320,33,8,8,98.51,49.77,C,A
7266604,33,4,4,98.51,49.79,C,B
9869190111,33,7,7,98.52,49.82,C,A
10036122,33,14,14,98.52,49.84,C,A
A000130406,33,4,4,98.52,49.86,C,B
9100800450,33,10,10,98.52,49.89,C,A
10003303,33,7,7,98.53,49.91,C,A
A000325611,33,7,7,98.53,49.93,C,A
A000323531,33,10,10,98.53,49.95,C,A
P000243662-001-001,33,3,3,98.53,49.98,C,B
10037693,33,12,10,98.54,50.0,C,A
9064404671,32,11,11,98.54,50.02,C,A
10002745,32,5,5,98.54,50.05,C,B
9325116550,32,8,8,98.54,50.07,C,A
10026606,32,7,7,98.54,50.09,C,A
A000422930,32,3,3,98.55,50.11,C,B
9144690200,32,2,2,98.55,50.14,C,B
A000400292,32,2,2,98.55,50.16,C,B
9064946654,32,13,13,98.55,50.18,C,A
A000336239,32,7,7,98.56,50.21,C,A
9968107000,32,3,3,98.56,50.23,C,B
10044464,32,2,2,98.56,50.25,C,B
A000328341,32,8,8,98.56,50.28,C,A
9325222722,32,9,9,98.57,50.3,C,A
10001789,32,13,13,98.57,50.32,C,A
P000236608-003-001,31,5,5,98.57,50.34,C,B
P000236608-001-005,31,5,5,98.57,50.37,C,B
A000326382,31,16,12,98.57,50.39,C,A
9180404000,31,2,2,98.58,50.41,C,B
A000521864,31,2,2,98.58,50.44,C,B
P001017198-014-001,31,3,3,98.58,50.46,C,B
9005304462,31,2,2,98.58,50.48,C,B
A000521865,31,2,2,98.59,50.51,C,B
7962001,31,9,9,98.59,50.53,C,A
A000422908,31,5,5,98.59,50.55,C,B
A000400296,31,1,1,98.59,50.57,C,C
A000403986,31,5,5,98.6,50.6,C,B
9173951000,31,2,2,98.6,50.62,C,B
10037193,31,2,2,98.6,50.64,C,B
A000424568,31,3,3,98.6,50.67,C,B
9064946653,31,11,11,98.6,50.69,C,A
P000242687-001-001,31,5,5,98.61,50.71,C,B
9440217601,31,6,6,98.61,50.73,C,B
10034753,31,7,6,98.61,50.76,C,A
10034084,31,2,2,98.61,50.78,C,B
P000238161-001-001,30,2,2,98.62,50.8,C,B
P000236582-002-005,30,2,2,98.62,50.83,C,B
A000127605,30,1,1,98.62,50.85,C,C
P000238200-001-001,30,1,1,98.62,50.87,C,C
P000236243-001-013,30,7,7,98.62,50.9,C,A
9004990350,30,2,2,98.63,50.92,C,B
P001017198-023-001,30,7,7,98.63,50.94,C,A
A000084787,30,7,7,98.63,50.96,C,A
P000236150-001-005,30,3,3,98.63,50.99,C,B
P000236559-001-003,30,6,6,98.64,51.01,C,B
P000236582-001-005,30,6,6,98.64,51.03,C,B
10037700,30,13,13,98.64,51.06,C,A
P000243601-001-001,30,2,2,98.64,51.08,C,B
A000404008,30,2,2,98.64,51.1,C,B
A000423131,30,2,2,98.65,51.13,C,B
A000427762,30,3,3,98.65,51.15,C,B
A000427760,30,2,2,98.65,51.17,C,B
A000423215,30,3,3,98.65,51.19,C,B
A000423042,30,2,2,98.66,51.22,C,B
9066977652,30,1,1,98.66,51.24,C,C
9962407001,30,7,7,98.66,51.26,C,A
P000357822-001-001,30,4,4,98.66,51.29,C,B
9144900552,30,2,2,98.66,51.31,C,B
10036954,30,2,2,98.67,51.33,C,B
10013773,30,6,5,98.67,51.36,C,B
A000366800,30,1,1,98.67,51.38,C,C
9126604571,30,2,2,98.67,51.4,C,B
9180703000,30,3,3,98.68,51.42,C,B
A000333525,30,3,3,98.68,51.45,C,B
A000240512,30,2,2,98.68,51.47,C,B
9340520790,30,3,3,98.68,51.49,C,B
A000318040,30,3,3,98.68,51.52,C,B
A000313709,30,1,1,98.69,51.54,C,C
9282600034,30,6,6,98.69,51.56,C,B
9356520720,30,4,4,98.69,51.58,C,B
A000178957,30,4,4,98.69,51.61,C,B
A000191945,30,12,12,98.7,51.63,C,A
9492301653,30,2,2,98.7,51.65,C,B
P000244327-001-001,30,2,2,98.7,51.68,C,B
P000244326-001-001,30,2,2,98.7,51.7,C,B
A000143343,30,2,2,98.7,51.72,C,B
A000143340,30,3,3,98.71,51.75,C,B
P000328171-012-001,30,3,3,98.71,51.77,C,B
A000146287,30,15,15,98.71,51.79,C,A
9362490020,30,4,4,98.71,51.81,C,B
9347701700,30,4,4,98.72,51.84,C,B
9751500009,30,1,1,98.72,51.86,C,C
A000141478,30,2,2,98.72,51.88,C,B
A000141481,30,3,3,98.72,51.91,C,B
A000132026,30,4,4,98.72,51.93,C,B
A000132531,30,1,1,98.73,51.95,C,C
P000238169-001-001,30,2,2,98.73,51.98,C,B
P001469516-800-021,30,1,1,98.73,52.0,C,C
7266805,29,5,5,98.73,52.02,C,B
A000187296,29,1,1,98.74,52.04,C,C
A000178752,29,3,3,98.74,52.07,C,B
10026585,29,2,2,98.74,52.09,C,B
9152355002,29,6,5,98.74,52.11,C,B
10013816,29,10,10,98.74,52.14,C,A
A000429757,29,1,1,98.75,52.16,C,C
P000236150-001-011,29,4,4,98.75,52.18,C,B
10002675,29,19,18,98.75,52.2,C,A
A000130414,29,5,5,98.75,52.23,C,B
A000514778,28,7,7,98.75,52.25,C,A
A000132460,28,6,6,98.76,52.27,C,B
10028937,28,13,13,98.76,52.3,C,A
9967207001,28,10,10,98.76,52.32,C,A
P000236600-001-005,28,7,7,98.76,52.34,C,A
10035551,28,5,5,98.76,52.37,C,B
A000145875,28,9,9,98.77,52.39,C,A
10002678,28,14,13,98.77,52.41,C,A
A000142873,28,4,4,98.77,52.43,C,B
P000243592-001-001,28,4,4,98.77,52.46,C,B
9340721590,28,7,7,98.77,52.48,C,A
P000328214-001-001,28,2,2,98.78,52.5,C,B
A000492909,28,4,4,98.78,52.53,C,B
9174937002,28,3,3,98.78,52.55,C,B
10013842,28,19,19,98.78,52.57,C,A
9491702652,27,12,12,98.79,52.6,C,A
7273435,27,7,7,98.79,52.62,C,A
9325322632,27,5,5,98.79,52.64,C,B
P000243738-001-001,27,2,2,98.79,52.66,C,B
A000178941,27,5,5,98.79,52.69,C,B
10037689,27,18,17,98.8,52.71,C,A
P000244396-001-001,27,3,3,98.8,52.73,C,B
A000349473,27,3,3,98.8,52.76,C,B
A000331918,27,2,2,98.8,52.78,C,B
P000243660-001-001,27,4,4,98.8,52.8,C,B
A000521921,27,4,4,98.8,52.82,C,B
A000147326,27,2,2,98.81,52.85,C,B
7266446,27,7,7,98.81,52.87,C,B
9013209297,27,4,4,98.81,52.89,C,B
10029578,27,8,8,98.81,52.92,C,A
10037887,27,6,6,98.81,52.94,C,B
7272435,27,10,9,98.82,52.96,C,A
10026576,27,8,7,98.82,52.99,C,A
A000130249,26,1,1,98.82,53.01,C,C
10032064,26,6,6,98.82,53.03,C,B
P000236243-001-005,26,5,5,98.82,53.05,C,B
A000334849,26,1,1,98.83,53.08,C,C
A000334838,26,2,2,98.83,53.1,C,B
P000236608-001-003,26,5,5,98.83,53.12,C,B
9440117551,26,10,9,98.83,53.15,C,A
A000454275,26,4,3,98.83,53.17,C,B
P000236351-001-001,26,4,4,98.84,53.19,C,B
10021315,26,10,10,98.84,53.22,C,A
10014069,26,17,17,98.84,53.24,C,A
10037725,26,16,16,98.84,53.26,C,A
9413990173,26,2,2,98.84,53.28,C,B
10036217,26,10,9,98.85,53.31,C,A
9960208001,26,2,2,98.85,53.33,C,B
10038260,26,10,9,98.85,53.35,C,A
10027528,26,3,3,98.85,53.38,C,B
9066904651,26,8,8,98.85,53.4,C,A
A000521859,26,3,3,98.86,53.42,C,B
A000340883,25,6,6,98.86,53.45,C,B
A000135503,25,1,1,98.86,53.47,C,C
P001190334-104-001,25,1,1,98.86,53.49,C,C
7972001,25,8,8,98.86,53.51,C,A
9963407001,25,6,6,98.86,53.54,C,B
A000133628,25,1,1,98.87,53.56,C,C
9176923652,25,10,10,98.87,53.58,C,A
P001552590-001-020,25,2,2,98.87,53.61,C,B
P000715771-014-001,25,1,1,98.87,53.63,C,C
A000132022,25,1,1,98.87,53.65,C,C
A000132016,25,1,1,98.88,53.67,C,C
A000132046,25,1,1,98.88,53.7,C,C
P000236243-001-002,25,7,6,98.88,53.72,C,B
A000133632,25,1,1,98.88,53.74,C,C
A000521895,25,7,7,98.88,53.77,C,B
A000319416,25,1,1,98.88,53.79,C,C
3592830060,25,1,1,98.89,53.81,C,C
A000422940,25,15,15,98.89,53.84,C,A
9307222500,25,11,10,98.89,53.86,C,A
9422827760,25,1,1,98.89,53.88,C,C
A000343388,25,4,4,98.89,53.9,C,B
P000236305-001-012,25,1,1,98.9,53.93,C,C
P000358856-001-001,25,2,2,98.9,53.95,C,B
P000236243-001-006,25,4,4,98.9,53.97,C,B
9013209296,25,8,8,98.9,54.0,C,A
A000308711,25,3,3,98.9,54.02,C,B
P000243817-001-001,25,1,1,98.9,54.04,C,C
P000243813-001-001,25,1,1,98.91,54.07,C,C
9100800452,25,11,11,98.91,54.09,C,A
9751500000,25,1,1,98.91,54.11,C,C
A000326383,25,6,6,98.91,54.13,C,B
P000236306-001-010,25,1,1,98.91,54.16,C,C
9069800550,25,15,15,98.92,54.18,C,A
P000243619-001-001,25,4,4,98.92,54.2,C,B
P000243808-001-001,25,1,1,98.92,54.23,C,C
A000307015,25,3,3,98.92,54.25,C,B
10037879,25,6,6,98.92,54.27,C,B
P000236582-002-004,25,2,2,98.93,54.29,C,B
9960408001,25,1,1,98.93,54.32,C,C
7962044,25,5,5,98.93,54.34,C,B
10037874,25,4,4,98.93,54.36,C,B
P000243752-001-001,25,1,1,98.93,54.39,C,C
P000243750-001-001,25,1,1,98.93,54.41,C,C
10035839,25,14,14,98.94,54.43,C,A
A000231891,25,1,1,98.94,54.46,C,C
10025025,25,4,4,98.94,54.48,C,B
A000304329,25,7,7,98.94,54.5,C,A
7264615,25,13,13,98.94,54.52,C,A
3670000084,25,1,1,98.95,54.55,C,C
A000392280,25,8,8,98.95,54.57,C,A
9001690100,25,5,5,98.95,54.59,C,B
A000525830,25,2,2,98.95,54.62,C,B
A000211665,25,1,1,98.95,54.64,C,C
10037872,25,12,12,98.95,54.66,C,A
A000427703,24,7,7,98.96,54.69,C,A
A000135788,24,1,1,98.96,54.71,C,C
10003685,24,5,5,98.96,54.73,C,B
9020290010,24,1,1,98.96,54.75,C,C
9348001700,24,5,5,98.96,54.78,C,B
9192921657,24,2,2,98.97,54.8,C,B
7266905,24,14,14,98.97,54.82,C,A
A000192842,24,4,4,98.97,54.85,C,B
A000196315,24,3,3,98.97,54.87,C,B
P000236600-001-004,24,6,6,98.97,54.89,C,B
7326050,24,11,10,98.97,54.92,C,A
A000342743,24,1,1,98.98,54.94,C,C
9175902550,24,4,3,98.98,54.96,C,B
A000343469,24,2,2,98.98,54.98,C,B
P000236582-001-014,24,4,4,98.98,55.01,C,B
P001104651-001-001,24,14,14,98.98,55.03,C,A
10013814,24,13,10,98.98,55.05,C,A
A000342781,24,4,4,98.99,55.08,C,B
A000145987,24,1,1,98.99,55.1,C,C
10033921,24,5,5,98.99,55.12,C,B
10019770,24,9,9,98.99,55.14,C,A
10025628,24,1,1,98.99,55.17,C,C
P000238202-001-001,23,2,1,99.0,55.19,C,B
9325222721,23,8,8,99.0,55.21,C,A
P000236582-001-004,23,5,5,99.0,55.24,C,B
10037727,23,6,6,99.0,55.26,C,B
A000455935,23,5,5,99.0,55.28,C,B
10019780,23,7,7,99.0,55.31,C,A
P000243577-001-001,23,4,4,99.01,55.33,C,B
10037712,23,4,4,99.01,55.35,C,B
10013845,23,16,16,99.01,55.37,C,A
10032063,23,6,6,99.01,55.4,C,B
A000342804,23,4,4,99.01,55.42,C,B
P000705471-001-001,23,5,5,99.01,55.44,C,B
9412818300,23,8,8,99.02,55.47,C,A
9176923651,23,9,9,99.02,55.49,C,A
A000342739,23,2,2,99.02,55.51,C,B
7170233,23,7,7,99.02,55.54,C,A
A000410400,23,11,11,99.02,55.56,C,A
A000521856,23,1,1,99.02,55.58,C,C
9064966652,23,8,8,99.03,55.6,C,A
9857026,23,9,9,99.03,55.63,C,A
9091200632,23,1,1,99.03,55.65,C,C
10034786,23,4,4,99.03,55.67,C,B
9491702651,23,11,11,99.03,55.7,C,A
10042927,22,8,6,99.03,55.72,C,A
A000143331,22,2,2,99.04,55.74,C,B
A000313694,22,4,4,99.04,55.76,C,B
9260390040,22,4,4,99.04,55.79,C,B
P000236243-001-004,22,4,4,99.04,55.81,C,B
9325216550,22,8,8,99.04,55.83,C,A
9020390112,22,3,3,99.04,55.86,C,B
A000334990,22,2,2,99.05,55.88,C,B
7266551,22,5,5,99.05,55.9,C,B
A000143022,22,3,3,99.05,55.93,C,B
A000343421,22,4,4,99.05,55.95,C,B
10034691,22,2,2,99.05,55.97,C,B
P000238183-001-001,22,3,3,99.05,55.99,C,B
P000243757-001-001,22,3,3,99.06,56.02,C,B
A000331867,22,4,4,99.06,56.04,C,B
9062977650,22,11,11,99.06,56.06,C,A
P001284456-692-001,22,9,9,99.06,56.09,C,A
9967208001,22,3,3,99.06,56.11,C,B
10027532,22,4,4,99.06,56.13,C,B
10010901,22,2,2,99.06,56.16,C,B
10013742,22,10,10,99.07,56.18,C,A
A000439256,22,2,2,99.07,56.2,C,B
9491802652,22,4,4,99.07,56.22,C,B
9175926657,22,2,2,99.07,56.25,C,B
P000236582-001-010,22,5,5,99.07,56.27,C,B
9270504600,22,4,4,99.07,56.29,C,B
10016784,22,1,1,99.08,56.32,C,C
9127690170,21,2,2,99.08,56.34,C,B
9005390020,21,6,6,99.08,56.36,C,B
9152355001,21,4,3,99.08,56.38,C,B
A000142217,21,2,2,99.08,56.41,C,B
9280900140,21,4,4,99.08,56.43,C,B
10046001,21,6,6,99.09,56.45,C,B
10037726,21,12,12,99.09,56.48,C,A
A000307013,21,2,2,99.09,56.5,C,B
P001284456-461-001,21,5,3,99.09,56.52,C,B
P000238110-001-001,21,2,2,99.09,56.55,C,B
7225107,21,8,8,99.09,56.57,C,A
A000341480,21,6,6,99.09,56.59,C,B
A000341486,21,4,4,99.1,56.61,C,B
10036953,21,2,2,99.1,56.64,C,B
A000197273,21,5,5,99.1,56.66,C,B
10027506,21,7,7,99.1,56.68,C,A
P000236559-001-004,21,4,4,99.1,56.71,C,B
A000344038,21,2,2,99.1,56.73,C,B
A000493361,21,2,2,99.11,56.75,C,B
9491802651,21,3,3,99.11,56.78,C,B
9184602010,21,9,9,99.11,56.8,C,A
9066977651,21,2,2,99.11,56.82,C,B
A000514783,21,5,5,99.11,56.84,C,B
A000514780,21,2,2,99.11,56.87,C,B
A000130090,21,4,3,99.11,56.89,C,B
A000514779,21,2,2,99.12,56.91,C,B
P000236582-001-011,21,4,4,99.12,56.94,C,B
10005292,21,2,2,99.12,56.96,C,B
10003660,20,6,6,99.12,56.98,C,B
P000238101-001-100,20,1,1,99.12,57.01,C,C
P001464384-306-131,20,1,1,99.12,57.03,C,C
P000238108-001-001,20,2,2,99.13,57.05,C,B
A000309875,20,2,2,99.13,57.07,C,B
P000243710-001-001,20,6,6,99.13,57.1,C,B
3670000112,20,1,1,99.13,57.12,C,C
A000203785,20,1,1,99.13,57.14,C,C
9260204530,20,2,2,99.13,57.17,C,B
9064990192,20,2,2,99.13,57.19,C,B
9064990451,20,2,2,99.14,57.21,C,B
9200117000,20,2,2,99.14,57.23,C,B
A000439263,20,2,2,99.14,57.26,C,B
10037710,20,1,1,99.14,57.28,C,C
P000237148-001-001,20,2,2,99.14,57.3,C,B
10049894,20,2,2,99.14,57.33,C,B
9751500007,20,1,1,99.14,57.35,C,C
A000424684,20,1,1,99.15,57.37,C,C
10011222,20,9,9,99.15,57.4,C,A
A000326392,20,2,2,99.15,57.42,C,B
A000329941,20,1,1,99.15,57.44,C,C
10013754,20,13,13,99.15,57.46,C,A
A000130210,20,1,1,99.15,57.49,C,C
A000329938,20,3,3,99.15,57.51,C,B
9126617521,20,2,2,99.16,57.53,C,B
A000366799,20,1,1,99.16,57.56,C,C
9126604521,20,2,2,99.16,57.58,C,B
9006602534,20,4,4,99.16,57.6,C,B
P000242978-001-001,20,2,2,99.16,57.63,C,B
A000454293,20,1,1,99.16,57.65,C,C
10015452,20,1,1,99.17,57.67,C,C
9491501653,20,1,1,99.17,57.69,C,C
P000238195-001-001,20,1,1,99.17,57.72,C,C
P000238173-001-001,20,1,1,99.17,57.74,C,C
9349920151,20,3,3,99.17,57.76,C,B
9967407201,20,5,5,99.17,57.79,C,B
A000333526,20,2,2,99.17,57.81,C,B
A000308715,20,4,4,99.18,57.83,C,B
P000243730-001-001,20,4,4,99.18,57.85,C,B
A000441313,20,2,2,99.18,57.88,C,B
A000343399,20,2,2,99.18,57.9,C,B
9011407272,20,5,5,99.18,57.92,C,B
A000143376,20,1,1,99.18,57.95,C,C
9879114302,20,11,11,99.18,57.97,C,A
A000146125,20,1,1,99.19,57.99,C,C
10018917,20,2,2,99.19,58.02,C,B
P000236582-001-015,20,4,4,99.19,58.04,C,B
10049895,20,2,2,99.19,58.06,C,B
10041684,20,4,4,99.19,58.08,C,B
9064990461,20,2,2,99.19,58.11,C,B
9063590122,20,1,1,99.19,58.13,C,C
A000427732,20,1,1,99.2,58.15,C,C
9064990191,20,2,2,99.2,58.18,C,B
A000131998,20,3,3,99.2,58.2,C,B
9879114252,20,6,6,99.2,58.22,C,B
9967207201,20,2,2,99.2,58.25,C,B
A000330745,20,9,9,99.2,58.27,C,A
A000341370,20,5,5,99.2,58.29,C,B
A000330725,20,4,4,99.21,58.31,C,B
A000341280,20,4,4,99.21,58.34,C,B
A000191891,20,5,5,99.21,58.36,C,B
P000243729-001-001,20,3,3,99.21,58.38,C,B
A000341372,20,4,4,99.21,58.41,C,B
P000243735-001-001,20,2,2,99.21,58.43,C,B
A000229564,20,2,2,99.22,58.45,C,B
A000229208,20,1,1,99.22,58.47,C,C
P000244135-001-001,20,1,1,99.22,58.5,C,C
A000493359,20,1,1,99.22,58.52,C,C
A000438062,20,2,2,99.22,58.54,C,B
A000400740,20,12,12,99.22,58.57,C,A
P000236582-001-021,20,3,3,99.22,58.59,C,B
A000141482,20,2,2,99.23,58.61,C,B
P000236608-003-003,20,2,2,99.23,58.64,C,B
10013733,20,6,6,99.23,58.66,C,B
9176932652,20,2,2,99.23,58.68,C,B
A000427763,20,2,2,99.23,58.7,C,B
P000236582-001-026,20,4,4,99.23,58.73,C,B
A000130254,20,3,3,99.23,58.75,C,B
A000190732,20,1,1,99.24,58.77,C,C
A000307019,20,2,2,99.24,58.8,C,B
A000328937,20,4,4,99.24,58.82,C,B
A000427740,20,1,1,99.24,58.84,C,C
10029905,20,1,1,99.24,58.87,C,C
P000047710-512-001,20,1,1,99.24,58.89,C,C
P000236065-001-001,20,1,1,99.24,58.91,C,C
P000236333-002-001,20,1,1,99.25,58.93,C,C
9442927702,19,10,8,99.25,58.96,C,A
10039561,19,6,6,99.25,58.98,C,B
9442927701,19,12,11,99.25,59.0,C,A
10046004,19,5,5,99.25,59.03,C,B
10037694,19,16,16,99.25,59.05,C,A
10037675,19,7,7,99.25,59.07,C,B
10013856,19,10,8,99.26,59.1,C,A
9340721790,19,6,6,99.26,59.12,C,B
7170372,19,3,2,99.26,59.14,C,B
7266603,19,4,4,99.26,59.16,C,B
P000236582-001-020,19,5,5,99.26,59.19,C,B
A000146316,19,5,5,99.26,59.21,C,B
A000343396,19,4,4,99.26,59.23,C,B
10041735,19,6,6,99.27,59.26,C,B
A000393708,19,6,6,99.27,59.28,C,B
A000454277,19,3,3,99.27,59.3,C,B
A000336243,19,5,5,99.27,59.32,C,B
9400090110,19,6,6,99.27,59.35,C,B
A000132474,19,4,4,99.27,59.37,C,B
A000330748,19,2,2,99.27,59.39,C,B
9968307000,19,10,10,99.28,59.42,C,A
9189923000,19,3,3,99.28,59.44,C,B
9062477650,19,12,12,99.28,59.46,C,A
10001765,19,5,5,99.28,59.49,C,B
A000423174,19,9,9,99.28,59.51,C,A
A000307032,18,3,3,99.28,59.53,C,B
A000392281,18,7,7,99.28,59.55,C,B
A000334864,18,3,3,99.29,59.58,C,B
10003722,18,7,7,99.29,59.6,C,B
A000191946,18,4,4,99.29,59.62,C,B
A000330030,18,6,6,99.29,59.65,C,B
P000236664-001-004,18,4,4,99.29,59.67,C,B
10024987,18,4,3,99.29,59.69,C,B
A000395078,18,2,2,99.29,59.72,C,B
A000234697,18,1,1,99.29,59.74,C,C
P000375380-001-001,18,2,2,99.3,59.76,C,B
10016778,18,2,2,99.3,59.78,C,B
9965507000,18,1,1,99.3,59.81,C,C
A000335550,18,3,3,99.3,59.83,C,B
10045510,18,4,4,99.3,59.85,C,B
A000349500,18,3,3,99.3,59.88,C,B
9291402000,18,6,6,99.3,59.9,C,B
9012609260,18,10,10,99.3,59.92,C,A
A000399315,18,5,5,99.31,59.94,C,B
10038271,18,8,8,99.31,59.97,C,A
9874114302,17,6,6,99.31,59.99,C,B
A000510524,17,1,1,99.31,60.01,C,C
9325312000,17,3,3,99.31,60.04,C,B
P000236243-001-003,17,4,4,99.31,60.06,C,B
9750240001,17,7,7,99.31,60.08,C,A
P000236375-001-003,17,4,4,99.32,60.11,C,B
P000236342-001-001,17,3,3,99.32,60.13,C,B
A000143605,17,4,4,99.32,60.15,C,B
7266601,17,5,5,99.32,60.17,C,B
P000236243-001-008,17,5,5,99.32,60.2,C,B
A000145880,17,5,5,99.32,60.22,C,B
9172921650,17,6,6,99.32,60.24,C,B
10037708,17,7,6,99.32,60.27,C,A
9001311251,17,3,3,99.33,60.29,C,B
A000130265,17,3,3,99.33,60.31,C,B
A000146137,17,4,3,99.33,60.34,C,B
P000243628-001-001,17,3,3,99.33,60.36,C,B
A000510520,17,7,7,99.33,60.38,C,A
10039564,17,12,5,99.33,60.4,C,A
A000127032,17,1,1,99.33,60.43,C,C
9969207100,17,4,4,99.33,60.45,C,B
9968507000,17,4,4,99.34,60.47,C,B
10002673,17,10,10,99.34,60.5,C,A
P000235854-001-002,17,3,2,99.34,60.52,C,B
P000236582-002-001,17,6,6,99.34,60.54,C,B
P000242686-001-001,17,2,2,99.34,60.56,C,B
3670000339,16,2,2,99.34,60.59,C,B
9325106552,16,2,2,99.34,60.61,C,B
A000307023,16,3,3,99.34,60.63,C,B
A000191950,16,6,5,99.34,60.66,C,B
P000243807-001-001,16,1,1,99.35,60.68,C,C
A000330526,16,4,4,99.35,60.7,C,B
A000340902,16,3,3,99.35,60.73,C,B
10027511,16,4,4,99.35,60.75,C,B
10019778,16,2,2,99.35,60.77,C,B
P000236344-001-002,16,4,4,99.35,60.79,C,B
10015341,16,3,3,99.35,60.82,C,B
9174935002,16,3,3,99.35,60.84,C,B
A000333651,16,1,1,99.36,60.86,C,C
A000333611,16,3,3,99.36,60.89,C,B
P000236600-001-012,16,6,6,99.36,60.91,C,B
10013818,16,12,10,99.36,60.93,C,A
A000421504,16,6,6,99.36,60.96,C,B
10032057,16,5,5,99.36,60.98,C,B
P000705472-001-001,16,7,7,99.36,61.0,C,B
A000140327,16,9,9,99.36,61.02,C,A
10002674,16,12,12,99.36,61.05,C,A
10027529,16,3,3,99.37,61.07,C,B
10025000,16,6,6,99.37,61.09,C,B
10003657,16,5,5,99.37,61.12,C,B
9064966651,15,7,7,99.37,61.14,C,B
10037729,15,1,1,99.37,61.16,C,C
P001501268-260-004,15,2,2,99.37,61.19,C,B
9411990337,15,2,2,99.37,61.21,C,B
7962039,15,3,3,99.37,61.23,C,B
P000236540-001-001,15,3,3,99.37,61.25,C,B
10001579,15,11,11,99.38,61.28,C,A
A000341876,15,4,4,99.38,61.3,C,B
A000341287,15,5,5,99.38,61.32,C,B
9351521700,15,1,1,99.38,61.35,C,C
A000414607,15,6,6,99.38,61.37,C,B
10003395,15,6,6,99.38,61.39,C,B
A000326394,15,3,3,99.38,61.41,C,B
9351720500,15,1,1,99.38,61.44,C,C
A000335483,15,3,3,99.38,61.46,C,B
A000497679,15,4,4,99.39,61.48,C,B
P000236582-001-006,15,3,3,99.39,61.51,C,B
A000329233,15,3,3,99.39,61.53,C,B
A000329127,15,5,5,99.39,61.55,C,B
9304104826,15,4,4,99.39,61.58,C,B
P000328210-002-001,15,2,2,99.39,61.6,C,B
10021476,15,5,5,99.39,61.62,C,B
7266608,15,8,8,99.39,61.64,C,A
A000427754,15,4,4,99.39,61.67,C,B
A000430900,15,7,7,99.4,61.69,C,B
P000236306-001-008,15,2,2,99.4,61.71,C,B
9180306000,15,1,1,99.4,61.74,C,C
9491302553,15,3,3,99.4,61.76,C,B
9491301553,15,3,3,99.4,61.78,C,B
A000521875,15,2,2,99.4,61.81,C,B
A000203823,15,3,2,99.4,61.83,C,B
10021345,15,8,8,99.4,61.85,C,A
10037699,15,11,9,99.4,61.87,C,A
A000308710,15,1,1,99.41,61.9,C,C
9283006010,15,3,3,99.41,61.92,C,B
7266606,15,7,7,99.41,61.94,C,A
A000454280,15,2,2,99.41,61.97,C,B
A000525828,15,2,2,99.41,61.99,C,B
7264614,15,7,7,99.41,62.01,C,A
P000238112-001-001,15,4,4,99.41,62.03,C,B
P000238113-001-001,14,3,3,99.41,62.06,C,B
A000307531,14,10,10,99.41,62.08,C,A
10048861,14,3,3,99.42,62.1,C,B
9060500500,14,4,4,99.42,62.13,C,B
10003420,14,4,3,99.42,62.15,C,B
10013844,14,5,5,99.42,62.17,C,B
A000521891,14,6,6,99.42,62.2,C,B
A000521882,14,2,2,99.42,62.22,C,B
P000330961-001-001,14,3,3,99.42,62.24,C,B
A000521791,14,8,8,99.42,62.26,C,A
10049776,14,3,3,99.42,62.29,C,B
A000304630,14,4,4,99.42,62.31,C,B
P000238204-001-001,14,1,1,99.43,62.33,C,C
10001578,14,4,4,99.43,62.36,C,B
A000343155,14,3,3,99.43,62.38,C,B
A000525848,14,1,1,99.43,62.4,C,C
10001820,14,5,4,99.43,62.43,C,B
9325206721,14,6,6,99.43,62.45,C,B
9325322631,14,4,4,99.43,62.47,C,B
9965307000,14,2,2,99.43,62.49,C,B
10028484,14,2,2,99.43,62.52,C,B
9013209302,14,2,2,99.44,62.54,C,B
A000131126,14,2,2,99.44,62.56,C,B
10039562,14,3,3,99.44,62.59,C,B
A000084804,14,2,2,99.44,62.61,C,B
9174947001,14,3,3,99.44,62.63,C,B
A000142369,14,1,1,99.44,62.66,C,C
A000333650,14,4,4,99.44,62.68,C,B
10026577,14,4,4,99.44,62.7,C,B
A000440166,14,3,3,99.44,62.72,C,B
10038261,14,5,4,99.44,62.75,C,B
10036082,14,3,3,99.45,62.77,C,B
A000493442,14,2,2,99.45,62.79,C,B
P000243751-001-001,14,1,1,99.45,62.82,C,C
10037877,14,4,4,99.45,62.84,C,B
7225524,14,8,7,99.45,62.86,C,A
P000243648-001-001,14,5,5,99.45,62.88,C,B
A000398867,13,3,3,99.45,62.91,C,B
P000724236-002-002,13,6,6,99.45,62.93,C,B
10013796,13,5,5,99.45,62.95,C,B
9063602650,13,3,3,99.45,62.98,C,B
A000521860,13,2,2,99.46,63.0,C,B
P000236027-001-001,13,3,3,99.46,63.02,C,B
9440217602,13,3,3,99.46,63.05,C,B
A000306969,13,9,7,99.46,63.07,C,A
9363004120,13,3,3,99.46,63.09,C,B
10001585,13,6,6,99.46,63.11,C,B
A000341467,13,3,3,99.46,63.14,C,B
10035469,13,2,2,99.46,63.16,C,B
10032058,13,3,3,99.46,63.18,C,B
10001584,13,5,5,99.46,63.21,C,B
P001284456-662-001,13,5,5,99.47,63.23,C,B
A000400295,13,2,2,99.47,63.25,C,B
A000196314,13,2,2,99.47,63.28,C,B
10014181,13,4,4,99.47,63.3,C,B
A000131159,13,4,4,99.47,63.32,C,B
9325322722,13,6,6,99.47,63.34,C,B
9011407271,13,3,3,99.47,63.37,C,B
9969307100,13,3,3,99.47,63.39,C,B
P000236243-001-012,13,3,2,99.47,63.41,C,B
10037696,13,10,10,99.47,63.44,C,A
A000522208,13,1,1,99.47,63.46,C,C
10003409,13,5,5,99.48,63.48,C,B
7266554,13,2,2,99.48,63.5,C,B
A000441311,13,2,2,99.48,63.53,C,B
10046909,13,10,10,99.48,63.55,C,A
10014917,13,3,3,99.48,63.57,C,B
A000334852,13,6,6,99.48,63.6,C,B
P000242880-001-001,13,1,1,99.48,63.62,C,C
10034079,13,2,2,99.48,63.64,C,B
A000393751,13,3,3,99.48,63.67,C,B
7264604,13,6,6,99.48,63.69,C,B
9193600000,13,4,4,99.49,63.71,C,B
P000243605-001-001,13,7,6,99.49,63.73,C,B
10041652,13,3,2,99.49,63.76,C,B
10037683,13,3,3,99.49,63.78,C,B
9190117655,13,4,2,99.49,63.8,C,B
A000336047,13,7,7,99.49,63.83,C,B
A000510585,13,5,5,99.49,63.85,C,B
7225109,13,11,11,99.49,63.87,C,A
A000341124,13,3,3,99.49,63.9,C,B
A000510521,13,4,4,99.49,63.92,C,B
7264601,13,2,2,99.49,63.94,C,C
P000238211-101-001,12,3,3,99.5,63.96,C,B
10037880,12,3,3,99.5,63.99,C,B
A000135819,12,1,1,99.5,64.01,C,C
10003411,12,6,6,99.5,64.03,C,B
A000493444,12,1,1,99.5,64.06,C,C
A000179785,12,3,3,99.5,64.08,C,B
10013756,12,11,11,99.5,64.1,C,A
10039693,12,5,5,99.5,64.12,C,B
10019766,12,10,10,99.5,64.15,C,A
7962002,12,3,3,99.5,64.17,C,B
10037711,12,1,1,99.5,64.19,C,C
7262093,12,10,10,99.51,64.22,C,A
10013887,12,8,8,99.51,64.24,C,A
9357702720,12,1,1,99.51,64.26,C,C
10013783,12,7,7,99.51,64.29,C,B
A000145853,12,1,1,99.51,64.31,C,C
10041738,12,6,6,99.51,64.33,C,B
A000342811,12,3,3,99.51,64.35,C,B
A000342779,12,2,2,99.51,64.38,C,B
10004608,12,5,5,99.51,64.4,C,B
A000493360,12,2,2,99.51,64.42,C,C
A000341498,12,1,1,99.51,64.45,C,C
9267004000,12,2,2,99.52,64.47,C,C
9964407000,12,5,5,99.52,64.49,C,B
A000201071,12,1,1,99.52,64.52,C,C
10021213,12,4,4,99.52,64.54,C,B
A000145852,12,1,1,99.52,64.56,C,C
A000145839,12,1,1,99.52,64.58,C,C
A000514784,12,5,5,99.52,64.61,C,B
7264600,12,4,4,99.52,64.63,C,B
9879114301,12,11,10,99.52,64.65,C,A
A000510586,12,7,7,99.52,64.68,C,A
A000423045,12,2,2,99.52,64.7,C,C
10044463,12,3,3,99.52,64.72,C,B
9176908652,12,2,2,99.53,64.75,C,C
A000350358,12,1,1,99.53,64.77,C,C
7225124,12,2,2,99.53,64.79,C,C
A000522204,12,6,6,99.53,64.81,C,B
10014248,12,1,1,99.53,64.84,C,C
A000510416,12,2,2,99.53,64.86,C,C
A000143345,12,2,2,99.53,64.88,C,C
7262117,12,3,3,99.53,64.91,C,B
A000143506,12,4,3,99.53,64.93,C,B
P000381561-001-001,12,3,3,99.53,64.95,C,B
A000131149,12,2,2,99.53,64.97,C,C
10019855,11,4,4,99.54,65.0,C,B
P000236559-001-001,11,3,3,99.54,65.02,C,B
A000392283,11,5,5,99.54,65.04,C,B
10013817,11,6,6,99.54,65.07,C,B
A000393715,11,4,4,99.54,65.09,C,B
A000131993,11,2,2,99.54,65.11,C,C
10003397,11,4,4,99.54,65.14,C,B
P000243712-001-001,11,3,3,99.54,65.16,C,B
A000331724,11,1,1,99.54,65.18,C,C
10028938,11,2,2,99.54,65.2,C,C
9283117000,11,2,2,99.54,65.23,C,C
10045148,11,1,1,99.54,65.25,C,C
P000243719-001-001,11,3,3,99.54,65.27,C,B
A000525840,11,1,1,99.55,65.3,C,C
A000510421,11,3,3,99.55,65.32,C,B
7264605,11,5,5,99.55,65.34,C,B
A000130423,11,3,3,99.55,65.37,C,B
A000130415,11,2,2,99.55,65.39,C,C
P000244091-001-001,11,1,1,99.55,65.41,C,C
9967207202,11,2,2,99.55,65.43,C,C
P000328769-001-001,11,2,2,99.55,65.46,C,C
A000460525,11,4,4,99.55,65.48,C,B
A000142207,11,2,2,99.55,65.5,C,C
A000344106,11,2,2,99.55,65.53,C,C
9184502000,11,2,2,99.55,65.55,C,C
A000133399,11,4,4,99.56,65.57,C,B
A000130003,11,6,6,99.56,65.59,C,B
A000142232,11,3,3,99.56,65.62,C,B
P000236582-001-029,11,3,3,99.56,65.64,C,B
9738003720,11,4,4,99.56,65.66,C,B
P000243818-001-001,11,2,2,99.56,65.69,C,C
A000398864,11,3,3,99.56,65.71,C,B
10013903,11,8,8,99.56,65.73,C,A
A000398970,11,4,4,99.56,65.76,C,B
9411990336,11,1,1,99.56,65.78,C,C
9411990331,11,2,2,99.56,65.8,C,C
A000455936,11,4,4,99.56,65.82,C,B
P000381675-001-001,11,2,2,99.57,65.85,C,C
10001100,11,1,1,99.57,65.87,C,C
9204017030,11,2,2,99.57,65.89,C,C
A000131158,11,3,3,99.57,65.92,C,B
10013771,11,8,8,99.57,65.94,C,A
A000343510,11,2,2,99.57,65.96,C,C
10031979,11,2,2,99.57,65.99,C,C
9325306722,11,4,4,99.57,66.01,C,B
A000521870,11,1,1,99.57,66.03,C,C
A000143637,10,2,2,99.57,66.05,C,C
A000143466,10,1,1,99.57,66.08,C,C
9431990102,10,1,1,99.57,66.1,C,C
9431990101,10,1,1,99.57,66.12,C,C
A000143023,10,1,1,99.58,66.15,C,C
P000242746-001-001,10,1,1,99.58,66.17,C,C
P000242744-001-001,10,1,1,99.58,66.19,C,C
9009890040,10,1,1,99.58,66.21,C,C
9009890010,10,1,1,99.58,66.24,C,C
9009190020,10,1,1,99.58,66.26,C,C
A000366772,10,1,1,99.58,66.28,C,C
10013878,10,6,6,99.58,66.31,C,B
10013861,10,6,6,99.58,66.33,C,B
10003360,10,6,6,99.58,66.35,C,B
A000427699,10,1,1,99.58,66.38,C,C
A000424594,10,1,1,99.58,66.4,C,C
A000308705,10,1,1,99.58,66.42,C,C
A000313697,10,1,1,99.58,66.44,C,C
9266104000,10,1,1,99.59,66.47,C,C
9180608000,10,1,1,99.59,66.49,C,C
9300011750,10,1,1,99.59,66.51,C,C
A000459652,10,1,1,99.59,66.54,C,C
9054990120,10,1,1,99.59,66.56,C,C
A000130177,10,1,1,99.59,66.58,C,C
P000242976-001-001,10,1,1,99.59,66.61,C,C
A000307542,10,4,4,99.59,66.63,C,B
P000330288-003-001,10,1,1,99.59,66.65,C,C
P000243663-001-001,10,3,2,99.59,66.67,C,B
A000335481,10,4,4,99.59,66.7,C,B
P000243658-001-001,10,4,3,99.59,66.72,C,B
P000236582-003-004,10,1,1,99.59,66.74,C,C
A000240561,10,1,1,99.6,66.77,C,C
A000229446,10,1,1,99.6,66.79,C,C
A000460510,10,1,1,99.6,66.81,C,C
A000229567,10,1,1,99.6,66.84,C,C
9720090172,10,1,1,99.6,66.86,C,C
A000199723,10,1,1,99.6,66.88,C,C
P000456661-001-001,10,1,1,99.6,66.9,C,C
7382003,10,3,3,99.6,66.93,C,B
A000141976,10,1,1,99.6,66.95,C,C
P000236664-001-010,10,1,1,99.6,66.97,C,C
10013739,10,6,6,99.6,67.0,C,B
10013734,10,4,4,99.6,67.02,C,B
A000330631,10,3,3,99.6,67.04,C,B
A000330220,10,2,2,99.6,67.06,C,C
A000191904,10,4,3,99.61,67.09,C,B
9662290175,10,1,1,99.61,67.11,C,C
9176932651,10,1,1,99.61,67.13,C,C
9349921101,10,2,2,99.61,67.16,C,C
A000427747,10,1,1,99.61,67.18,C,C
A000308704,10,1,1,99.61,67.2,C,C
7277535,10,5,5,99.61,67.23,C,B
A000438066,10,1,1,99.61,67.25,C,C
A000438065,10,1,1,99.61,67.27,C,C
A000441316,10,2,2,99.61,67.29,C,C
A000344397,10,1,1,99.61,67.32,C,C
P000238167-001-001,10,1,1,99.61,67.34,C,C
10018743,10,2,2,99.61,67.36,C,C
A000193072,10,1,1,99.62,67.39,C,C
P001464384-304-031,10,1,1,99.62,67.41,C,C
10032582,10,2,2,99.62,67.43,C,C
10049398,10,1,1,99.62,67.46,C,C
A000147327,10,3,3,99.62,67.48,C,B
A000147266,10,1,1,99.62,67.5,C,C
A000321428,10,2,2,99.62,67.52,C,C
P000236582-001-019,10,3,3,99.62,67.55,C,B
A000143383,10,1,1,99.62,67.57,C,C
P000236150-001-009,10,4,4,99.62,67.59,C,B
A000143377,10,1,1,99.62,67.62,C,C
A000143375,10,2,2,99.62,67.64,C,C
A000143299,10,1,1,99.62,67.66,C,C
9066690360,10,1,1,99.62,67.68,C,C
A000143035,10,1,1,99.63,67.71,C,C
P000236278-003-001,10,2,2,99.63,67.73,C,C
7972003,10,7,7,99.63,67.75,C,A
10049762,10,2,2,99.63,67.78,C,C
A000146128,10,1,1,99.63,67.8,C,C
A000341288,10,2,2,99.63,67.82,C,C
A000334950,10,4,4,99.63,67.85,C,B
A000334858,10,3,3,99.63,67.87,C,B
9491602653,10,2,2,99.63,67.89,C,C
10001379,10,1,1,99.63,67.91,C,C
P000242970-001-001,10,1,1,99.63,67.94,C,C
10002319,10,1,1,99.63,67.96,C,C
10025731,10,1,1,99.63,67.98,C,C
P000243612-001-001,10,1,1,99.64,68.01,C,C
10049103,10,1,1,99.64,68.03,C,C
A000131852,10,1,1,99.64,68.05,C,C
10004643,10,6,5,99.64,68.08,C,B
A000341462,10,2,2,99.64,68.1,C,C
9413990172,10,1,1,99.64,68.12,C,C
P000456658-001-001,10,1,1,99.64,68.14,C,C
A000423135,10,1,1,99.64,68.17,C,C
P000236150-001-006,10,1,1,99.64,68.19,C,C
A000084792,10,5,5,99.64,68.21,C,B
A000084691,10,7,5,99.64,68.24,C,A
A000071182,10,1,1,99.64,68.26,C,C
P000242751-001-001,10,1,1,99.64,68.28,C,C
A000439260,10,1,1,99.64,68.31,C,C
A000458075,10,1,1,99.65,68.33,C,C
A000458263,10,4,4,99.65,68.35,C,B
9063890122,10,1,1,99.65,68.37,C,C
A000439262,10,1,1,99.65,68.4,C,C
A000131160,10,1,1,99.65,68.42,C,C
9413990186,10,1,1,99.65,68.44,C,C
A000307533,10,10,10,99.65,68.47,C,A
9011109031,10,5,4,99.65,68.49,C,B
7397903,10,1,1,99.65,68.51,C,C
P000238201-001-001,10,1,1,99.65,68.53,C,C
P000326535-001-001,10,1,1,99.65,68.56,C,C
A000423117,10,1,1,99.65,68.58,C,C
A000145955,10,1,1,99.65,68.6,C,C
A000493362,10,3,3,99.65,68.63,C,B
9125690500,10,1,1,99.66,68.65,C,C
7962045,10,6,6,99.66,68.67,C,B
P000242977-001-001,10,1,1,99.66,68.7,C,C
9063890121,10,1,1,99.66,68.72,C,C
9173955650,10,1,1,99.66,68.74,C,C
P000243711-001-001,10,2,2,99.66,68.76,C,C
P000244284-001-001,10,1,1,99.66,68.79,C,C
A000313706,10,1,1,99.66,68.81,C,C
9176908651,10,1,1,99.66,68.83,C,C
9260299250,10,1,1,99.66,68.86,C,C
9341790000,10,1,1,99.66,68.88,C,C
10002306,10,4,4,99.66,68.9,C,B
A000310424,10,1,1,99.66,68.93,C,C
A000304005,10,1,1,99.67,68.95,C,C
A000131818,10,1,1,99.67,68.97,C,C
10024998,10,1,1,99.67,68.99,C,C
P000236027-001-002,10,2,2,99.67,69.02,C,C
A000240510,10,1,1,99.67,69.04,C,C
A000240559,10,1,1,99.67,69.06,C,C
10037737,10,5,5,99.67,69.09,C,B
P000238166-001-001,10,1,1,99.67,69.11,C,C
P000238163-001-001,10,1,1,99.67,69.13,C,C
9874114401,10,3,3,99.67,69.15,C,B
9874114352,10,2,2,99.67,69.18,C,C
A000308759,10,1,1,99.67,69.2,C,C
A000427756,10,1,1,99.67,69.22,C,C
A000427757,10,1,1,99.67,69.25,C,C
A000423142,10,1,1,99.68,69.27,C,C
10026588,10,2,2,99.68,69.29,C,C
A000329544,10,5,5,99.68,69.32,C,B
A000131072,10,1,1,99.68,69.34,C,C
9174937001,10,5,5,99.68,69.36,C,B
A000240560,10,1,1,99.68,69.38,C,C
A000141085,10,1,1,99.68,69.41,C,C
10049644,10,1,1,99.68,69.43,C,C
P000714987-001-001,9,3,3,99.68,69.45,C,B
10000259,9,4,4,99.68,69.48,C,B
10041840,9,6,6,99.68,69.5,C,B
9063617650,9,2,2,99.68,69.52,C,C
A000342764,9,3,3,99.68,69.55,C,B
A000341464,9,2,2,99.68,69.57,C,C
9967408201,9,3,3,99.69,69.59,C,B
A000343472,9,4,4,99.69,69.61,C,B
10037738,9,3,3,99.69,69.64,C,B
10003456,9,3,3,99.69,69.66,C,B
10037744,9,2,2,99.69,69.68,C,C
A000142875,9,2,1,99.69,69.71,C,C
A000305258,9,2,2,99.69,69.73,C,C
10001787,9,4,4,99.69,69.75,C,B
10037664,9,3,3,99.69,69.77,C,B
A000423070,9,5,5,99.69,69.8,C,B
10031980,9,3,3,99.69,69.82,C,B
9193290010,9,3,2,99.69,69.84,C,B
10013934,9,5,5,99.69,69.87,C,B
A000084793,9,5,5,99.69,69.89,C,B
9700000100,9,3,3,99.69,69.91,C,B
10014897,9,4,4,99.7,69.94,C,B
P000236582-002-002,9,4,4,99.7,69.96,C,B
A000330830,9,5,5,99.7,69.98,C,B
9095200011,9,1,1,99.7,70.0,C,C
10039685,9,8,8,99.7,70.03,C,A
10003375,9,5,5,99.7,70.05,C,B
A000510414,9,2,2,99.7,70.07,C,C
A000329300,9,2,2,99.7,70.1,C,C
P000236600-001-006,9,4,4,99.7,70.12,C,B
9152255002,9,4,4,99.7,70.14,C,B
A000344176,9,1,1,99.7,70.17,C,C
A000521869,9,4,4,99.7,70.19,C,B
10021318,9,6,5,99.7,70.21,C,B
A000313517,9,2,2,99.7,70.23,C,C
10003138,9,5,5,99.7,70.26,C,B
10034787,9,1,1,99.71,70.28,C,C
10034755,9,4,4,99.71,70.3,C,B
10011552,8,4,4,99.71,70.33,C,B
A000307536,8,7,7,99.71,70.35,C,A
10049749,8,4,4,99.71,70.37,C,B
10001119,8,1,1,99.71,70.4,C,C
10001822,8,5,5,99.71,70.42,C,B
A000142211,8,2,2,99.71,70.44,C,C
10003575,8,4,4,99.71,70.46,C,B
10037702,8,5,5,99.71,70.49,C,B
A000521881,8,3,3,99.71,70.51,C,B
A000308761,8,5,5,99.71,70.53,C,B
9193500000,8,3,3,99.71,70.56,C,B
A000316170,8,4,4,99.71,70.58,C,B
A000423209,8,3,3,99.71,70.6,C,B
A000130343,8,4,4,99.71,70.62,C,B
A000130218,8,1,1,99.71,70.65,C,C
P000764816-010-001,8,2,2,99.72,70.67,C,C
A000127648,8,4,4,99.72,70.69,C,B
10003362,8,6,6,99.72,70.72,C,B
A000441306,8,3,3,99.72,70.74,C,B
A000145924,8,3,3,99.72,70.76,C,B
9748601001,8,3,3,99.72,70.79,C,B
9414607300,8,3,3,99.72,70.81,C,B
10021189,8,3,3,99.72,70.83,C,B
A000330313,8,3,3,99.72,70.85,C,B
A000330279,8,3,3,99.72,70.88,C,B
P000338449-001-001,8,4,4,99.72,70.9,C,B
P000236336-001-004,8,3,3,99.72,70.92,C,B
A000084798,8,3,3,99.72,70.95,C,B
9420827500,8,5,5,99.72,70.97,C,B
A000130626,8,2,2,99.72,70.99,C,C
9193700000,8,3,3,99.72,71.02,C,B
10011647,8,5,5,99.72,71.04,C,B
10011328,8,2,2,99.73,71.06,C,C
9874114402,8,2,2,99.73,71.08,C,C
10037703,8,4,4,99.73,71.11,C,B
10021255,8,2,2,99.73,71.13,C,C
10001776,8,5,5,99.73,71.15,C,B
A000130679,8,3,3,99.73,71.18,C,B
A000341174,8,3,3,99.73,71.2,C,B
A000427774,8,4,4,99.73,71.22,C,B
9879114352,8,6,6,99.73,71.24,C,B
10010968,8,5,2,99.73,71.27,C,B
A000132471,8,3,3,99.73,71.29,C,B
A000505877,8,4,4,99.73,71.31,C,B
A000493848,8,3,3,99.73,71.34,C,B
A000191906,8,2,2,99.73,71.36,C,C
10037162,8,3,3,99.73,71.38,C,B
10014068,8,6,6,99.73,71.41,C,B
P000236608-002-001,8,3,3,99.73,71.43,C,B
A000349501,8,2,2,99.74,71.45,C,C
A000325769,8,2,2,99.74,71.47,C,C
9063802650,7,4,4,99.74,71.5,C,B
P000236027-001-003,7,2,2,99.74,71.52,C,C
9412818350,7,3,3,99.74,71.54,C,B
A000131045,7,2,2,99.74,71.57,C,C
A000131046,7,6,6,99.74,71.59,C,B
7226831,7,4,4,99.74,71.61,C,B
A000141077,7,1,1,99.74,71.64,C,C
A000341835,7,1,1,99.74,71.66,C,C
A000341873,7,1,1,99.74,71.68,C,C
A000342815,7,2,2,99.74,71.7,C,C
9411990332,7,2,2,99.74,71.73,C,C
10013847,7,6,6,99.74,71.75,C,B
10027510,7,3,3,99.74,71.77,C,B
P000712842-801-001,7,3,3,99.74,71.8,C,B
9412818400,7,3,3,99.74,71.82,C,B
A000341469,7,2,2,99.74,71.84,C,C
9363017120,7,2,2,99.74,71.86,C,C
A000342749,7,3,3,99.75,71.89,C,B
A000130917,7,2,2,99.75,71.91,C,C
A000084797,7,2,2,99.75,71.93,C,C
10028935,7,3,3,99.75,71.96,C,B
10000290,7,4,4,99.75,71.98,C,B
P000243741-001-001,7,2,2,99.75,72.0,C,C
10013731,7,2,2,99.75,72.03,C,C
A000336262,7,3,3,99.75,72.05,C,B
9960407016,7,1,1,99.75,72.07,C,C
9879114401,7,4,4,99.75,72.09,C,B
10019776,7,4,4,99.75,72.12,C,B
P000236375-001-004,7,2,2,99.75,72.14,C,C
A000341392,7,2,2,99.75,72.16,C,C
9349921151,7,3,3,99.75,72.19,C,B
9349920101,7,2,2,99.75,72.21,C,C
A000191383,7,4,4,99.75,72.23,C,B
9013209293,7,2,2,99.75,72.26,C,C
A000196642,7,2,2,99.75,72.28,C,C
10042916,7,1,1,99.75,72.3,C,C
10014228,7,5,5,99.75,72.32,C,B
10021348,7,4,4,99.76,72.35,C,B
9180400020,7,2,2,99.76,72.37,C,C
A000422937,7,6,6,99.76,72.39,C,B
9091000600,7,1,1,99.76,72.42,C,C
9066604652,7,3,3,99.76,72.44,C,B
9963207001,7,4,4,99.76,72.46,C,B
10013910,7,6,6,99.76,72.49,C,B
P000236608-002-004,7,3,3,99.76,72.51,C,B
7272661,7,3,3,99.76,72.53,C,B
10034796,7,2,2,99.76,72.55,C,C
9064617652,7,4,4,99.76,72.58,C,B
10037667,7,2,2,99.76,72.6,C,C
A000393716,7,5,4,99.76,72.62,C,B
9256641030,7,2,2,99.76,72.65,C,C
A000145925,7,2,2,99.76,72.67,C,C
A000145954,7,2,2,99.76,72.69,C,C
9751660008,7,1,1,99.76,72.71,C,C
9751500006,7,2,2,99.76,72.74,C,C
10003693,7,5,5,99.76,72.76,C,B
9064996651,7,4,4,99.77,72.78,C,B
9325222631,7,3,3,99.77,72.81,C,B
P000328809-001-001,7,2,2,99.77,72.83,C,C
9325107720,7,1,1,99.77,72.85,C,C
9011609071,7,4,3,99.77,72.88,C,B
A000392279,7,3,3,99.77,72.9,C,B
A000290891,7,3,3,99.77,72.92,C,B
A000304846,7,3,3,99.77,72.94,C,B
10021487,7,2,2,99.77,72.97,C,C
A000307530,7,6,6,99.77,72.99,C,B
A000307097,7,6,5,99.77,73.01,C,B
P000236150-001-013,7,2,2,99.77,73.04,C,C
A000142215,7,1,1,99.77,73.06,C,C
P001284456-382-001,7,4,4,99.77,73.08,C,B
10049719,7,2,2,99.77,73.11,C,C
10049537,6,4,4,99.77,73.13,C,B
10003419,6,3,3,99.77,73.15,C,B
10003455,6,5,4,99.77,73.17,C,B
10027153,6,1,1,99.77,73.2,C,C
9012707260,6,1,1,99.77,73.22,C,C
P000244397-001-001,6,1,1,99.78,73.24,C,C
A000392289,6,5,5,99.78,73.27,C,B
A000392284,6,3,3,99.78,73.29,C,B
A000451055,6,2,2,99.78,73.31,C,C
A000344028,6,3,3,99.78,73.33,C,B
10049037,6,2,2,99.78,73.36,C,C
10048894,6,1,1,99.78,73.38,C,C
7225516,6,4,4,99.78,73.4,C,B
10036218,6,2,2,99.78,73.43,C,C
10045166,6,4,4,99.78,73.45,C,B
10010281,6,6,6,99.78,73.47,C,B
10042955,6,2,2,99.78,73.5,C,C
P000236582-003-002,6,2,2,99.78,73.52,C,C
10014249,6,2,2,99.78,73.54,C,C
P000243604-001-001,6,4,4,99.78,73.56,C,B
A000441292,6,2,2,99.78,73.59,C,C
A000398876,6,2,2,99.78,73.61,C,C
P000243308-001-001,6,2,2,99.78,73.63,C,C
A000145833,6,1,1,99.78,73.66,C,C
A000145923,6,2,2,99.78,73.68,C,C
A000145926,6,2,2,99.78,73.7,C,C
A000145828,6,1,1,99.78,73.73,C,C
10037663,6,5,5,99.78,73.75,C,B
A000401591,6,4,4,99.79,73.77,C,B
A000403994,6,5,5,99.79,73.79,C,B
A000433962,6,4,4,99.79,73.82,C,B
7170397,6,1,1,99.79,73.84,C,C
10033924,6,1,1,99.79,73.86,C,C
7262016,6,3,3,99.79,73.89,C,B
A000464595,6,3,3,99.79,73.91,C,B
9965107000,6,2,2,99.79,73.93,C,C
9162255022,6,1,1,99.79,73.95,C,C
7962041,6,2,2,99.79,73.98,C,C
P000236243-001-001,6,2,2,99.79,74.0,C,C
A000308762,6,4,4,99.79,74.02,C,B
A000521877,6,4,4,99.79,74.05,C,B
A000422934,6,3,3,99.79,74.07,C,B
9968207000,6,5,5,99.79,74.09,C,B
9193800000,6,3,3,99.79,74.12,C,B
A000191905,6,6,6,99.79,74.14,C,B
10041723,6,4,4,99.79,74.16,C,B
A000307528,6,5,5,99.79,74.18,C,B
10021478,6,3,3,99.79,74.21,C,B
9064617651,6,5,5,99.79,74.23,C,B
A000307512,6,3,3,99.79,74.25,C,B
A000307699,6,6,6,99.79,74.28,C,B
10001044,6,1,1,99.8,74.3,C,C
A000312563,6,1,1,99.8,74.32,C,C
10003132,6,6,6,99.8,74.35,C,B
10041724,6,3,3,99.8,74.37,C,B
P000328177-001-001,6,2,2,99.8,74.39,C,C
P000235854-001-005,6,2,2,99.8,74.41,C,C
A000133098,6,1,1,99.8,74.44,C,C
10003679,6,3,3,99.8,74.46,C,B
A000307541,6,3,3,99.8,74.48,C,B
P000243646-001-001,6,2,2,99.8,74.51,C,C
A000510574,6,2,2,99.8,74.53,C,C
A000510600,6,1,1,99.8,74.55,C,C
9066604651,6,1,1,99.8,74.58,C,C
9963107001,6,3,3,99.8,74.6,C,B
A000220687,6,2,2,99.8,74.62,C,C
A000324095,6,3,3,99.8,74.64,C,B
9325306721,6,4,4,99.8,74.67,C,B
A000524505,6,2,2,99.8,74.69,C,C
9753010004,6,1,1,99.8,74.71,C,C
9013309260,6,1,1,99.8,74.74,C,C
A000421500,6,6,6,99.8,74.76,C,B
A000410268,6,2,2,99.8,74.78,C,C
A000336033,6,3,3,99.81,74.8,C,B
A000335486,6,1,1,99.81,74.83,C,C
A000341139,6,3,3,99.81,74.85,C,B
A000430905,6,1,1,99.81,74.87,C,C
A000191898,6,4,4,99.81,74.9,C,B
A000329474,6,2,2,99.81,74.92,C,C
A000330727,6,2,2,99.81,74.94,C,C
A000341127,6,3,3,99.81,74.97,C,B
9349920102,6,2,2,99.81,74.99,C,C
A000191873,6,3,3,99.81,75.01,C,B
9013209305,6,1,1,99.81,75.03,C,C
A000141881,6,1,1,99.81,75.06,C,C
10049481,5,1,1,99.81,75.08,C,C
A000130576,5,1,1,99.81,75.1,C,C
A000392282,5,3,3,99.81,75.13,C,B
A000145907,5,4,4,99.81,75.15,C,B
P001464384-422-044,5,1,1,99.81,75.17,C,C
P001464384-426-033,5,1,1,99.81,75.2,C,C
3462835,5,4,4,99.81,75.22,C,B
P000244293-001-001,5,1,1,99.81,75.24,C,C
A000146007,5,1,1,99.81,75.26,C,C
7262053,5,3,3,99.81,75.29,C,B
P000236582-001-025,5,1,1,99.81,75.31,C,C
P000706339-001-001,5,3,3,99.81,75.33,C,B
10013768,5,2,2,99.81,75.36,C,C
P000326527-001-001,5,1,1,99.82,75.38,C,C
7170014,5,1,1,99.82,75.4,C,C
P000326526-001-001,5,1,1,99.82,75.42,C,C
A000450992,5,2,2,99.82,75.45,C,C
9879114351,5,5,5,99.82,75.47,C,B
A000406750,5,3,3,99.82,75.49,C,B
10033936,5,1,1,99.82,75.52,C,C
A000398984,5,3,3,99.82,75.54,C,B
7962050,5,3,3,99.82,75.56,C,B
10026602,5,2,2,99.82,75.59,C,C
10033869,5,1,1,99.82,75.61,C,C
A000441320,5,1,1,99.82,75.63,C,C
10041730,5,2,2,99.82,75.65,C,C
P000243310-001-001,5,1,1,99.82,75.68,C,C
A000143505,5,3,3,99.82,75.7,C,B
10037682,5,2,2,99.82,75.72,C,C
9005304492,5,1,1,99.82,75.75,C,C
9005304491,5,1,1,99.82,75.77,C,C
A000130653,5,1,1,99.82,75.79,C,C
A000130654,5,4,3,99.82,75.82,C,B
A000460515,5,1,1,99.82,75.84,C,C
P000381044-001-001,5,1,1,99.82,75.86,C,C
A000460526,5,1,1,99.82,75.88,C,C
10016775,5,1,1,99.82,75.91,C,C
7185014,5,1,1,99.82,75.93,C,C
10032244,5,4,3,99.82,75.95,C,B
9491390020,5,1,1,99.82,75.98,C,C
A000441307,5,1,1,99.83,76.0,C,C
P000243599-001-001,5,1,1,99.83,76.02,C,C
P001464384-322-033,5,1,1,99.83,76.05,C,C
10003642,5,2,1,99.83,76.07,C,C
9874114301,5,1,1,99.83,76.09,C,C
A000450998,5,4,4,99.83,76.11,C,B
10001611,5,4,4,99.83,76.14,C,B
10037870,5,4,4,99.83,76.16,C,B
10001581,5,1,1,99.83,76.18,C,C
A000130342,5,3,3,99.83,76.21,C,B
A000393711,5,3,3,99.83,76.23,C,B
A000454292,5,1,1,99.83,76.25,C,C
10049512,5,2,2,99.83,76.27,C,C
10049544,5,3,3,99.83,76.3,C,B
9349920152,5,1,1,99.83,76.32,C,C
A000331044,5,2,2,99.83,76.34,C,C
9349921102,5,1,1,99.83,76.37,C,C
9349920153,5,1,1,99.83,76.39,C,C
A000341377,5,1,1,99.83,76.41,C,C
A000409528,5,3,3,99.83,76.44,C,B
10013782,5,4,4,99.83,76.46,C,B
A000142225,5,5,1,99.83,76.48,C,B
A000431243,5,1,1,99.83,76.5,C,C
10000375,5,2,2,99.83,76.53,C,C
9349921153,5,1,1,99.83,76.55,C,C
9349921152,5,1,1,99.83,76.57,C,C
9349921103,5,1,1,99.83,76.6,C,C
P000242887-001-001,5,5,5,99.84,76.62,C,B
10036059,5,1,1,99.84,76.64,C,C
A000335554,5,2,2,99.84,76.67,C,C
9174935001,5,1,1,99.84,76.69,C,C
P000243635-001-001,5,1,1,99.84,76.71,C,C
10029426,5,1,1,99.84,76.73,C,C
P000243661-001-001,5,2,2,99.84,76.76,C,C
P000236181-002-002,5,1,1,99.84,76.78,C,C
P000236608-002-005,5,1,1,99.84,76.8,C,C
A000084794,5,1,1,99.84,76.83,C,C
10010302,5,4,4,99.84,76.85,C,B
10010366,5,2,2,99.84,76.87,C,C
A000130004,5,1,1,99.84,76.89,C,C
A000128105,5,2,2,99.84,76.92,C,C
A000133176,5,1,1,99.84,76.94,C,C
A000130008,5,1,1,99.84,76.96,C,C
A000329518,5,2,2,99.84,76.99,C,C
9120590270,5,2,2,99.84,77.01,C,C
A000140326,5,1,1,99.84,77.03,C,C
9344221190,5,1,1,99.84,77.06,C,C
9176926652,5,1,1,99.84,77.08,C,C
P000333651-001-001,5,3,3,99.84,77.1,C,B
9176926651,5,1,1,99.84,77.12,C,C
A000132424,5,5,5,99.84,77.15,C,B
A000326396,5,1,1,99.84,77.17,C,C
A000189496,5,2,2,99.84,77.19,C,C
A000191951,5,4,4,99.84,77.22,C,B
A000191858,5,4,4,99.84,77.24,C,B
9342900702,5,2,2,99.85,77.26,C,C
A000341379,5,3,3,99.85,77.29,C,B
7262094,5,2,2,99.85,77.31,C,C
9349920103,5,2,2,99.85,77.33,C,C
7270535,5,3,3,99.85,77.35,C,B
10035560,5,3,3,99.85,77.38,C,B
A000130216,5,1,1,99.85,77.4,C,C
9180202000,5,1,1,99.85,77.42,C,C
9325122721,5,2,2,99.85,77.45,C,C
A000308701,5,5,5,99.85,77.47,C,B
P000236243-001-014,5,1,1,99.85,77.49,C,C
9340721500,5,4,4,99.85,77.51,C,B
A000240516,5,1,1,99.85,77.54,C,C
9291605000,5,1,1,99.85,77.56,C,C
9292402000,5,4,4,99.85,77.58,C,B
10039870,5,5,5,99.85,77.61,C,B
A000239983,5,1,1,99.85,77.63,C,C
A000130066,5,1,1,99.85,77.65,C,C
A000130065,5,1,1,99.85,77.68,C,C
A000130009,5,1,1,99.85,77.7,C,C
A000520402,5,1,1,99.85,77.72,C,C
9184642005,5,1,1,99.85,77.74,C,C
A000525844,5,1,1,99.85,77.77,C,C
7268571,5,5,5,99.85,77.79,C,B
A000304350,5,3,3,99.85,77.81,C,B
A000292135,5,1,1,99.85,77.84,C,C
10041693,5,3,3,99.85,77.86,C,B
P000242974-001-001,5,1,1,99.86,77.88,C,C
7268502,5,3,3,99.86,77.91,C,B
10001058,5,2,2,99.86,77.93,C,C
10021357,5,4,4,99.86,77.95,C,B
P000330384-001-001,5,1,1,99.86,77.97,C,C
P000236150-001-007,5,1,1,99.86,78.0,C,C
10003715,5,4,4,99.86,78.02,C,B
10001120,5,1,1,99.86,78.04,C,C
10001139,5,1,1,99.86,78.07,C,C
A000131773,5,1,1,99.86,78.09,C,C
10049479,5,2,2,99.86,78.11,C,C
10000226,5,1,1,99.86,78.14,C,C
10049721,5,2,2,99.86,78.16,C,C
A000130221,4,2,2,99.86,78.18,C,C
A000130236,4,2,2,99.86,78.2,C,C
A000422885,4,2,2,99.86,78.23,C,C
A000423750,4,1,1,99.86,78.25,C,C
A000427668,4,2,2,99.86,78.27,C,C
10001612,4,4,4,99.86,78.3,C,B
10000378,4,1,1,99.86,78.32,C,C
A000130453,4,2,2,99.86,78.34,C,C
10034778,4,3,3,99.86,78.36,C,B
10034779,4,3,3,99.86,78.39,C,B
A000316052,4,3,3,99.86,78.41,C,B
A000313523,4,2,1,99.86,78.43,C,C
A000313537,4,1,1,99.86,78.46,C,C
9020203260,4,1,1,99.86,78.48,C,C
A000427705,4,4,4,99.86,78.5,C,B
10027527,4,3,3,99.86,78.53,C,B
A000316249,4,3,3,99.86,78.55,C,B
A000320086,4,1,1,99.86,78.57,C,C
7273659,4,1,1,99.87,78.59,C,C
10034792,4,4,4,99.87,78.62,C,B
A000324369,4,4,4,99.87,78.64,C,B
10028031,4,2,2,99.87,78.66,C,C
A000505878,4,3,3,99.87,78.69,C,B
A000510232,4,3,3,99.87,78.71,C,B
P000243674-001-001,4,1,1,99.87,78.73,C,C
A000409530,4,2,2,99.87,78.76,C,C
A000431377,4,1,1,99.87,78.78,C,C
A000422828,4,3,3,99.87,78.8,C,B
10013730,4,2,2,99.87,78.82,C,C
10000344,4,1,1,99.87,78.85,C,C
10000377,4,1,1,99.87,78.87,C,C
9100800453,4,4,4,99.87,78.89,C,B
9100800454,4,3,3,99.87,78.92,C,B
A000493447,4,1,1,99.87,78.94,C,C
A000497698,4,3,3,99.87,78.96,C,B
10034712,4,1,1,99.87,78.98,C,C
10034745,4,2,2,99.87,79.01,C,C
A000343153,4,1,1,99.87,79.03,C,C
A000341482,4,1,1,99.87,79.05,C,C
9173990005,4,2,2,99.87,79.08,C,C
A000130304,4,1,1,99.87,79.1,C,C
10037732,4,2,2,99.87,79.12,C,C
10041769,4,4,4,99.87,79.15,C,B
10010790,4,4,4,99.87,79.17,C,B
10039806,4,1,1,99.87,79.19,C,C
A000411353,4,3,3,99.87,79.21,C,B
10049051,4,3,3,99.87,79.24,C,B
10049052,4,3,3,99.87,79.26,C,B
9491701652,4,2,2,99.87,79.28,C,C
10034078,4,2,2,99.87,79.31,C,C
A000143477,4,1,1,99.87,79.33,C,C
A000408930,4,4,4,99.87,79.35,C,B
A000408932,4,1,1,99.88,79.38,C,C
A000341281,4,2,2,99.88,79.4,C,C
10036061,4,1,1,99.88,79.42,C,C
A000342737,4,4,4,99.88,79.44,C,B
P000329978-001-001,4,2,2,99.88,79.47,C,C
A000307543,4,4,4,99.88,79.49,C,B
9325222632,4,1,1,99.88,79.51,C,C
P000328177-002-001,4,1,1,99.88,79.54,C,C
P000330940-001-001,4,3,3,99.88,79.56,C,B
A000432949,4,1,1,99.88,79.58,C,C
10041736,4,3,3,99.88,79.6,C,B
A000401592,4,4,4,99.88,79.63,C,B
10013770,4,3,3,99.88,79.65,C,B
P000326499-001-001,4,3,1,99.88,79.67,C,B
P000328172-001-001,4,2,2,99.88,79.7,C,C
10026584,4,3,3,99.88,79.72,C,B
A000341149,4,3,3,99.88,79.74,C,B
9969507100,4,1,1,99.88,79.77,C,C
9967408001,4,2,2,99.88,79.79,C,C
10003725,4,2,2,99.88,79.81,C,C
A000464458,4,2,2,99.88,79.83,C,C
A000304679,4,2,2,99.88,79.86,C,C
7266609,4,4,4,99.88,79.88,C,B
10022572,4,3,3,99.88,79.9,C,B
10024789,4,2,2,99.88,79.93,C,C
10024989,4,2,2,99.88,79.95,C,C
7962054,4,3,3,99.88,79.97,C,B
A000493443,4,1,1,99.88,80.0,C,C
A000130567,4,2,2,99.88,80.02,C,C
P000236582-001-013,4,1,1,99.88,80.04,C,C
P000700921-001-001,4,1,1,99.88,80.06,C,C
A000349503,4,2,2,99.88,80.09,C,C
A000350988,4,3,3,99.88,80.11,C,B
10037178,4,3,3,99.89,80.13,C,B
A000344078,4,1,1,99.89,80.16,C,C
10048098,4,1,1,99.89,80.18,C,C
A000461985,4,1,1,99.89,80.2,C,C
A000190550,4,3,3,99.89,80.23,C,B
A000191872,4,3,3,99.89,80.25,C,B
10001171,4,2,2,99.89,80.27,C,C
7263435,4,2,2,99.89,80.29,C,C
A000127694,4,3,3,99.89,80.32,C,B
10013775,4,4,4,99.89,80.34,C,B
P000236363-004-001,4,1,1,99.89,80.36,C,C
P000236520-004-001,4,1,1,99.89,80.39,C,C
10034083,4,1,1,99.89,80.41,C,C
A000147288,4,2,2,99.89,80.43,C,C
A000460520,4,3,3,99.89,80.45,C,B
10014833,4,2,2,99.89,80.48,C,C
10015402,4,2,2,99.89,80.5,C,C
A000131220,4,1,1,99.89,80.52,C,C
A000131221,4,1,1,99.89,80.55,C,C
9340721700,4,3,3,99.89,80.57,C,B
10002720,4,2,2,99.89,80.59,C,C
A000304194,4,2,2,99.89,80.62,C,C
10025054,4,4,4,99.89,80.64,C,B
A000229608,4,1,1,99.89,80.66,C,C
9325307720,4,1,1,99.89,80.68,C,C
9325308720,4,2,2,99.89,80.71,C,C
10043584,4,3,3,99.89,80.73,C,B
10043586,4,2,2,99.89,80.75,C,C
10037707,4,3,3,99.89,80.78,C,B
A000397705,4,2,2,99.89,80.8,C,C
A000392278,4,4,4,99.89,80.82,C,B
9325322721,4,4,4,99.89,80.85,C,B
10048856,4,1,1,99.89,80.87,C,C
10042930,4,1,1,99.89,80.89,C,C
10037676,4,3,3,99.9,80.91,C,B
A000194092,4,2,2,99.9,80.94,C,C
A000196543,4,2,2,99.9,80.96,C,C
9346520720,4,1,1,99.9,80.98,C,C
9346700700,4,2,2,99.9,81.01,C,C
P000236306-001-015,4,2,2,99.9,81.03,C,C
A000221273,4,1,1,99.9,81.05,C,C
10003342,4,1,1,99.9,81.07,C,C
10011583,4,1,1,99.9,81.1,C,C
9730402000,4,2,2,99.9,81.12,C,C
A000133178,4,2,2,99.9,81.14,C,C
A000326896,4,3,3,99.9,81.17,C,B
A000132071,4,2,2,99.9,81.19,C,C
10026608,4,2,2,99.9,81.21,C,C
A000325593,4,2,2,99.9,81.24,C,C
A000510606,4,2,2,99.9,81.26,C,C
P000243629-001-001,4,1,1,99.9,81.28,C,C
10002733,4,4,4,99.9,81.3,C,B
A000423090,4,3,3,99.9,81.33,C,B
9610417200,4,1,1,99.9,81.35,C,C
9567301000,4,2,2,99.9,81.37,C,C
A000132473,4,2,2,99.9,81.4,C,C
A000132425,3,2,2,99.9,81.42,C,C
10002791,3,2,2,99.9,81.44,C,C
9064466652,3,3,3,99.9,81.47,C,B
10041641,3,2,2,99.9,81.49,C,C
P000243653-001-001,3,2,2,99.9,81.51,C,C
9186100000,3,1,1,99.9,81.53,C,C
A000510584,3,3,3,99.9,81.56,C,B
A000510522,3,2,2,99.9,81.58,C,C
A000133175,3,1,1,99.9,81.6,C,C
A000132068,3,1,1,99.9,81.63,C,C
10049747,3,1,1,99.9,81.65,C,C
P000236664-001-011,3,3,3,99.9,81.67,C,B
10049543,3,2,2,99.9,81.69,C,C
P001284456-691-001,3,3,3,99.9,81.72,C,B
10030961,3,1,1,99.9,81.74,C,C
9610617200,3,1,1,99.9,81.76,C,C
10012116,3,3,3,99.9,81.79,C,B
P000243753-001-001,3,1,1,99.91,81.81,C,C
A000212065,3,1,1,99.91,81.83,C,C
A000210223,3,2,2,99.91,81.86,C,C
10037677,3,3,3,99.91,81.88,C,B
10016806,3,3,2,99.91,81.9,C,B
9325317722,3,2,2,99.91,81.92,C,C
10037873,3,2,2,99.91,81.95,C,C
10001586,3,3,3,99.91,81.97,C,B
A000450996,3,1,1,99.91,81.99,C,C
A000392030,3,3,3,99.91,82.02,C,B
A000394075,3,2,2,99.91,82.04,C,C
9125605535,3,2,2,99.91,82.06,C,C
A000398860,3,1,1,99.91,82.09,C,C
10014206,3,1,1,99.91,82.11,C,C
10037685,3,2,2,99.91,82.13,C,C
10037691,3,2,2,99.91,82.15,C,C
9342700700,3,2,2,99.91,82.18,C,C
9325307000,3,1,1,99.91,82.2,C,C
A000393723,3,2,2,99.91,82.22,C,C
10036078,3,1,1,99.91,82.25,C,C
A000463089,3,2,2,99.91,82.27,C,C
A000147283,3,1,1,99.91,82.29,C,C
A000190407,3,1,1,99.91,82.32,C,C
P000236375-001-002,3,3,3,99.91,82.34,C,B
10013779,3,3,3,99.91,82.36,C,B
7262660,3,2,2,99.91,82.38,C,C
7262222,3,2,2,99.91,82.41,C,C
P000987921-010-004,3,2,2,99.91,82.43,C,C
A000493446,3,1,1,99.91,82.45,C,C
10016777,3,2,2,99.91,82.48,C,C
10019782,3,3,3,99.91,82.5,C,B
10018744,3,2,2,99.91,82.52,C,C
10019767,3,3,3,99.91,82.54,C,B
10019765,3,3,2,99.91,82.57,C,B
10019762,3,3,3,99.91,82.59,C,B
10019346,3,3,3,99.91,82.61,C,B
10016779,3,2,2,99.91,82.64,C,C
A000450993,3,2,2,99.91,82.66,C,C
9364017000,3,2,2,99.91,82.68,C,C
A000175964,3,1,1,99.91,82.71,C,C
A000131750,3,1,1,99.91,82.73,C,C
7225602,3,2,2,99.91,82.75,C,C
P000236521-002-003,3,1,1,99.91,82.77,C,C
10026587,3,1,1,99.91,82.8,C,C
10003372,3,2,2,99.91,82.82,C,C
A000398915,3,1,1,99.92,82.84,C,C
A000130625,3,1,1,99.92,82.87,C,C
A000130478,3,1,1,99.92,82.89,C,C
A000130973,3,2,1,99.92,82.91,C,C
A000191949,3,2,2,99.92,82.94,C,C
A000304439,3,2,2,99.92,82.96,C,C
10001089,3,1,1,99.92,82.98,C,C
10004255,3,1,1,99.92,83.0,C,C
10004254,3,2,2,99.92,83.03,C,C
10026586,3,1,1,99.92,83.05,C,C
10026581,3,2,2,99.92,83.07,C,C
9879114402,3,3,3,99.92,83.1,C,B
10032250,3,3,3,99.92,83.12,C,B
10032243,3,3,3,99.92,83.14,C,B
10026603,3,3,3,99.92,83.16,C,B
10013774,3,1,1,99.92,83.19,C,C
A000404001,3,1,1,99.92,83.21,C,C
10037740,3,3,3,99.92,83.23,C,B
9325106722,3,3,3,99.92,83.26,C,B
10021360,3,1,1,99.92,83.28,C,C
A000525833,3,1,1,99.92,83.3,C,C
A000131758,3,1,1,99.92,83.33,C,C
7267905,3,2,2,99.92,83.35,C,C
A000527160,3,3,3,99.92,83.37,C,B
A000307540,3,2,2,99.92,83.39,C,C
P000374213-001-001,3,1,1,99.92,83.42,C,C
A000423060,3,2,2,99.92,83.44,C,C
A000422938,3,3,3,99.92,83.46,C,B
10013785,3,3,3,99.92,83.49,C,B
10037734,3,3,3,99.92,83.51,C,B
A000130311,3,1,1,99.92,83.53,C,C
A000130273,3,1,1,99.92,83.56,C,C
A000130266,3,2,2,99.92,83.58,C,C
A000505873,3,1,1,99.92,83.6,C,C
A000342784,3,2,2,99.92,83.62,C,C
A000498739,3,1,1,99.92,83.65,C,C
10003413,3,2,1,99.92,83.67,C,C
10003381,3,2,2,99.92,83.69,C,C
A000139531,3,1,1,99.92,83.72,C,C
A000139527,3,1,1,99.92,83.74,C,C
A000142167,3,1,1,99.92,83.76,C,C
9491785651,3,3,3,99.92,83.79,C,B
P000236664-001-003,3,2,2,99.92,83.81,C,C
10039567,3,2,2,99.92,83.83,C,C
A000421748,3,1,1,99.92,83.85,C,C
9014209305,3,3,3,99.93,83.88,C,B
10003380,3,2,2,99.93,83.9,C,C
A000332004,3,2,2,99.93,83.92,C,C
P000335127-001-001,3,2,2,99.93,83.95,C,C
A000308411,3,3,3,99.93,83.97,C,B
A000308409,3,3,3,99.93,83.99,C,B
P000243726-001-001,3,2,2,99.93,84.01,C,C
7265615,3,2,2,99.93,84.04,C,C
7268573,3,2,2,99.93,84.06,C,C
A000510423,3,3,3,99.93,84.08,C,B
A000510422,3,2,2,99.93,84.11,C,C
A000510415,3,2,2,99.93,84.13,C,C
A000505875,3,2,2,99.93,84.15,C,C
A000323532,3,2,2,99.93,84.18,C,C
A000520331,3,1,1,99.93,84.2,C,C
10019850,3,2,2,99.93,84.22,C,B
A000320612,3,2,2,99.93,84.24,C,B
10041843,3,2,2,99.93,84.27,C,B
10041841,3,1,1,99.93,84.29,C,C
10010300,3,3,3,99.93,84.31,C,B
A000421744,3,1,1,99.93,84.34,C,C
10020764,3,2,2,99.93,84.36,C,B
A000521919,3,2,2,99.93,84.38,C,B
A000309476,3,1,1,99.93,84.41,C,C
A000309472,3,1,1,99.93,84.43,C,C
10001018,3,3,3,99.93,84.45,C,B
10000381,3,1,1,99.93,84.47,C,C
P000238097-001-001,3,1,1,99.93,84.5,C,C
9753010009,3,2,2,99.93,84.52,C,B
10003241,3,1,1,99.93,84.54,C,C
A000132422,3,1,1,99.93,84.57,C,C
A000424582,3,2,2,99.93,84.59,C,B
10003562,3,2,2,99.93,84.61,C,B
A000423230,3,1,1,99.93,84.63,C,C
A000132487,3,1,1,99.93,84.66,C,C
A000423079,3,2,2,99.93,84.68,C,B
A000132477,3,1,1,99.93,84.7,C,C
P001486851-001-001,3,1,1,99.93,84.73,C,C
10049581,2,2,2,99.93,84.75,C,B
P000237151-001-001,2,1,1,99.93,84.77,C,C
P001303149-112-001,2,2,2,99.93,84.8,C,B
10000993,2,1,1,99.93,84.82,C,C
10001016,2,2,2,99.93,84.84,C,B
10000252,2,1,1,99.93,84.86,C,C
A000130397,2,1,1,99.93,84.89,C,C
P000715771-015-001,2,2,2,99.93,84.91,C,B
P000714409-003-001,2,2,2,99.93,84.93,C,B
P000714409-001-001,2,2,2,99.93,84.96,C,B
A000423081,2,1,1,99.93,84.98,C,C
10001620,2,2,2,99.93,85.0,C,B
10026617,2,1,1,99.94,85.03,C,C
10026607,2,2,2,99.94,85.05,C,B
10049755,2,2,2,99.94,85.07,C,B
10003516,2,2,2,99.94,85.09,C,B
10049545,2,1,1,99.94,85.12,C,C
9176935651,2,1,1,99.94,85.14,C,C
A000131016,2,2,2,99.94,85.16,C,B
10034782,2,2,2,99.94,85.19,C,B
A000326389,2,1,1,99.94,85.21,C,C
A000326381,2,2,2,99.94,85.23,C,B
A000326343,2,2,2,99.94,85.25,C,B
A000510583,2,2,2,99.94,85.28,C,B
A000510579,2,2,2,99.94,85.3,C,B
A000323150,2,1,1,99.94,85.32,C,C
7266619,2,2,2,99.94,85.35,C,B
7274005,2,1,1,99.94,85.37,C,C
7272320,2,2,2,99.94,85.39,C,B
10019851,2,2,2,99.94,85.42,C,B
9256601000,2,1,1,99.94,85.44,C,C
A000320035,2,1,1,99.94,85.46,C,C
P000335126-001-001,2,1,1,99.94,85.48,C,C
A000326893,2,2,2,99.94,85.51,C,B
A000326891,2,1,1,99.94,85.53,C,C
10003374,2,1,1,99.94,85.55,C,C
A000505874,2,2,2,99.94,85.58,C,B
10001798,2,1,1,99.94,85.6,C,C
A000131559,2,2,2,99.94,85.62,C,B
A000131557,2,2,2,99.94,85.65,C,B
A000131270,2,1,1,99.94,85.67,C,C
9280700000,2,1,1,99.94,85.69,C,C
A000316153,2,2,2,99.94,85.71,C,B
A000316152,2,1,1,99.94,85.74,C,C
10034752,2,2,2,99.94,85.76,C,B
10034723,2,2,2,99.94,85.78,C,B
10003417,2,2,2,99.94,85.81,C,B
10003414,2,1,1,99.94,85.83,C,C
10003388,2,1,1,99.94,85.85,C,C
10003379,2,1,1,99.94,85.88,C,C
A000331727,2,1,1,99.94,85.9,C,C
P000335161-001-001,2,2,2,99.94,85.92,C,B
P000335141-001-001,2,1,1,99.94,85.94,C,C
P000335133-001-001,2,1,1,99.94,85.97,C,C
9325112000,2,2,2,99.94,85.99,C,B
A000308700,2,2,2,99.94,86.01,C,B
P000243669-001-001,2,1,1,99.94,86.04,C,C
7265614,2,1,1,99.94,86.06,C,C
7267805,2,1,1,99.94,86.08,C,C
7266907,2,1,1,99.94,86.1,C,C
A000307539,2,2,2,99.94,86.13,C,B
A000340886,2,1,1,99.94,86.15,C,C
10003721,2,2,2,99.94,86.17,C,B
7385509,2,1,1,99.94,86.2,C,C
7381670,2,2,2,99.94,86.22,C,B
P000331028-001-001,2,1,1,99.94,86.24,C,C
P000331022-001-001,2,1,1,99.94,86.27,C,C
9176925651,2,1,1,99.94,86.29,C,C
9965207000,2,1,1,99.94,86.31,C,C
10004601,2,1,1,99.94,86.33,C,C
10003805,2,1,1,99.94,86.36,C,C
9967408202,2,1,1,99.94,86.38,C,C
A000341136,2,1,1,99.94,86.4,C,C
9325106721,2,1,1,99.94,86.43,C,C
9325206722,2,2,2,99.94,86.45,C,B
A000308403,2,2,2,99.94,86.47,C,B
A000308395,2,2,2,99.94,86.5,C,B
P000330527-001-001,2,1,1,99.94,86.52,C,C
P000235854-001-003,2,1,1,99.94,86.54,C,C
A000131811,2,1,1,99.95,86.56,C,C
10019763,2,2,2,99.95,86.59,C,B
7962040,2,2,2,99.95,86.61,C,B
A000131123,2,1,1,99.95,86.63,C,C
A000131048,2,2,2,99.95,86.66,C,B
A000131044,2,2,2,99.95,86.68,C,B
A000131019,2,1,1,99.95,86.7,C,C
A000131017,2,2,1,99.95,86.72,C,B
A000131754,2,1,1,99.95,86.75,C,C
10024993,2,1,1,99.95,86.77,C,C
10001128,2,2,2,99.95,86.79,C,B
10001118,2,2,2,99.95,86.82,C,B
10001922,2,2,2,99.95,86.84,C,B
10001830,2,1,1,99.95,86.86,C,C
A000131151,2,1,1,99.95,86.89,C,C
10036085,2,1,1,99.95,86.91,C,C
10015450,2,1,1,99.95,86.93,C,C
A000460499,2,1,1,99.95,86.95,C,C
10048032,2,1,1,99.95,86.98,C,C
9162255021,2,2,2,99.95,87.0,C,B
10037186,2,1,1,99.95,87.02,C,C
10037163,2,2,2,99.95,87.05,C,B
10013936,2,2,2,99.95,87.07,C,B
10037673,2,2,2,99.95,87.09,C,B
10037672,2,2,2,99.95,87.12,C,B
10037194,2,1,1,99.95,87.14,C,C
10043583,2,2,2,99.95,87.16,C,B
10048116,2,1,1,99.95,87.18,C,C
10002677,2,2,2,99.95,87.21,C,B
9325122632,2,1,1,99.95,87.23,C,C
9325122631,2,2,2,99.95,87.25,C,B
A000230703,2,1,1,99.95,87.28,C,C
A000292773,2,1,1,99.95,87.3,C,C
9340720500,2,1,1,99.95,87.32,C,C
10013888,2,2,2,99.95,87.34,C,B
10013864,2,2,2,99.95,87.37,C,B
10037690,2,2,2,99.95,87.39,C,B
10037669,2,2,2,99.95,87.41,C,B
10037665,2,1,1,99.95,87.44,C,C
P000243581-001-001,2,1,1,99.95,87.46,C,C
P000238247-001-001,2,1,1,99.95,87.48,C,C
A000460497,2,1,1,99.95,87.51,C,C
10037187,2,1,1,99.95,87.53,C,C
9340521500,2,2,2,99.95,87.55,C,B
9342700500,2,1,1,99.95,87.57,C,C
A000197539,2,1,1,99.95,87.6,C,C
A000197483,2,1,1,99.95,87.62,C,C
A000219742,2,1,1,99.95,87.64,C,C
9325322782,2,1,1,99.95,87.67,C,C
9325322781,2,1,1,99.95,87.69,C,C
9342700900,2,1,1,99.95,87.71,C,C
A000191894,2,2,2,99.95,87.74,C,B
A000197218,2,1,1,99.95,87.76,C,C
A000196774,2,1,1,99.95,87.78,C,C
7262661,2,1,1,99.95,87.8,C,C
10001182,2,2,2,99.95,87.83,C,B
10001167,2,1,1,99.95,87.85,C,C
A000192840,2,2,2,99.95,87.87,C,B
A000393427,2,2,2,99.95,87.9,C,B
10037713,2,2,2,99.95,87.92,C,B
10037709,2,2,2,99.95,87.94,C,B
A000450999,2,2,2,99.95,87.97,C,B
9006602533,2,2,2,99.95,87.99,C,B
9011107051,2,1,1,99.95,88.01,C,C
9011107041,2,1,1,99.95,88.03,C,C
10037679,2,2,2,99.95,88.06,C,B
10013848,2,2,2,99.95,88.08,C,B
A000393745,2,2,2,99.95,88.1,C,B
A000130955,2,1,1,99.96,88.13,C,C
A000130954,2,1,1,99.96,88.15,C,C
10003361,2,2,2,99.96,88.17,C,B
A000130548,2,1,1,99.96,88.19,C,C
A000130546,2,1,1,99.96,88.22,C,C
A000130470,2,1,1,99.96,88.24,C,C
A000130974,2,1,1,99.96,88.26,C,C
A000192739,2,1,1,99.96,88.29,C,C
A000191886,2,2,2,99.96,88.31,C,B
A000147319,2,1,1,99.96,88.33,C,C
9356700700,2,2,2,99.96,88.36,C,B
A000190469,2,2,1,99.96,88.38,C,B
A000190022,2,1,1,99.96,88.4,C,C
P000236342-001-002,2,1,1,99.96,88.42,C,C
9410917501,2,2,2,99.96,88.45,C,B
A000399977,2,2,2,99.96,88.47,C,B
A000398916,2,1,1,99.96,88.49,C,C
A000403987,2,2,2,99.96,88.52,C,B
10041740,2,2,2,99.96,88.54,C,B
P000375040-001-001,2,1,1,99.96,88.56,C,C
A000178925,2,2,2,99.96,88.59,C,B
A000175966,2,1,1,99.96,88.61,C,C
A000175965,2,2,2,99.96,88.63,C,B
10027383,2,2,2,99.96,88.65,C,B
10027250,2,2,2,99.96,88.68,C,B
10026574,2,2,2,99.96,88.7,C,B
7262014,2,2,2,99.96,88.72,C,B
7225580,2,1,1,99.96,88.75,C,C
7264611,2,1,1,99.96,88.77,C,C
A000421506,2,2,2,99.96,88.79,C,B
A000420697,2,2,2,99.96,88.81,C,B
P000242936-001-001,2,1,1,99.96,88.84,C,C
10001565,2,1,1,99.96,88.86,C,C
10001222,2,2,2,99.96,88.88,C,B
10041826,2,1,1,99.96,88.91,C,C
10037731,2,2,2,99.96,88.93,C,B
10038290,2,2,2,99.96,88.95,C,B
P000706340-001-001,2,1,1,99.96,88.98,C,C
9960508001,2,1,1,99.96,89.0,C,C
10032304,2,2,2,99.96,89.02,C,B
10032237,2,2,2,99.96,89.04,C,B
A000145909,2,2,2,99.96,89.07,C,B
7225540,2,1,1,99.96,89.09,C,C
A000145963,2,1,1,99.96,89.11,C,C
10033922,2,1,1,99.96,89.14,C,C
A000422854,2,1,1,99.96,89.16,C,C
9069935002,2,2,2,99.96,89.18,C,B
9069935001,2,2,2,99.96,89.21,C,B
10039568,2,2,2,99.96,89.23,C,B
10039566,2,1,1,99.96,89.25,C,C
10041729,2,2,2,99.96,89.27,C,B
9014209051,2,2,2,99.96,89.3,C,B
A000143493,2,1,1,99.96,89.32,C,C
A000143492,2,1,1,99.96,89.34,C,C
9412818450,2,2,2,99.96,89.37,C,B
A000143024,2,1,1,99.96,89.39,C,C
9491801652,2,2,2,99.96,89.41,C,B
A000142213,2,1,1,99.96,89.44,C,C
10032069,2,1,1,99.96,89.46,C,C
10031967,2,1,1,99.96,89.48,C,C
P000236582-001-028,2,1,1,99.96,89.5,C,C
P000236582-001-023,2,1,1,99.96,89.53,C,C
A000139560,2,1,1,99.96,89.55,C,C
10038870,2,2,1,99.96,89.57,C,B
10038635,2,1,1,99.96,89.6,C,C
A000422933,2,2,2,99.96,89.62,C,B
9966407000,2,1,1,99.96,89.64,C,C
9966307000,2,2,2,99.96,89.66,C,B
A000142205,2,2,2,99.97,89.69,C,B
A000127131,2,2,2,99.97,89.71,C,B
A000133361,2,2,2,99.97,89.73,C,B
9730200000,2,1,1,99.97,89.76,C,C
10030771,2,2,2,99.97,89.78,C,B
A000423085,2,1,1,99.97,89.8,C,C
A000423053,2,1,1,99.97,89.83,C,C
10011550,2,1,1,99.97,89.85,C,C
10011150,2,1,1,99.97,89.87,C,C
A000425825,2,1,1,99.97,89.89,C,C
A000424601,2,2,2,99.97,89.92,C,B
A000424584,2,2,2,99.97,89.94,C,B
A000423080,2,1,1,99.97,89.96,C,C
P000724448-002-024,2,1,1,99.97,89.99,C,C
P000724448-002-002,2,2,2,99.97,90.01,C,B
10041637,2,1,1,99.97,90.03,C,C
10041605,2,2,2,99.97,90.06,C,B
10040270,2,1,1,99.97,90.08,C,C
A000423092,2,2,2,99.97,90.1,C,B
A000132472,2,1,1,99.97,90.12,C,C
9748601002,2,2,2,99.97,90.15,C,B
A000127130,2,2,2,99.97,90.17,C,B
P000236608-003-002,2,1,1,99.97,90.19,C,C
P000236608-002-003,2,1,1,99.97,90.22,C,C
10003574,2,1,1,99.97,90.24,C,C
9753010007,2,1,1,99.97,90.26,C,C
9751620002,2,1,1,99.97,90.28,C,C
10000191,1,1,1,99.97,90.31,C,C
10000339,1,1,1,99.97,90.33,C,C
10001017,1,1,1,99.97,90.35,C,C
10001027,1,1,1,99.97,90.38,C,C
10001030,1,1,1,99.97,90.4,C,C
P001458753-002-001,1,1,1,99.97,90.42,C,C
P001464384-324-134,1,1,1,99.97,90.45,C,C
10049528,1,1,1,99.97,90.47,C,C
10049497,1,1,1,99.97,90.49,C,C
10049483,1,1,1,99.97,90.51,C,C
P001141761-020-001,1,1,1,99.97,90.54,C,C
7170015,1,1,1,99.97,90.56,C,C
10049592,1,1,1,99.97,90.58,C,C
10049590,1,1,1,99.97,90.61,C,C
10049053,1,1,1,99.97,90.63,C,C
10049036,1,1,1,99.97,90.65,C,C
10049023,1,1,1,99.97,90.68,C,C
7170381,1,1,1,99.97,90.7,C,C
10049054,1,1,1,99.97,90.72,C,C
7225683,1,1,1,99.97,90.74,C,C
7225568,1,1,1,99.97,90.77,C,C
7225556,1,1,1,99.97,90.79,C,C
7225548,1,1,1,99.97,90.81,C,C
A000498717,1,1,1,99.97,90.84,C,C
A000498688,1,1,1,99.97,90.86,C,C
10003416,1,1,1,99.97,90.88,C,C
10003396,1,1,1,99.97,90.9,C,C
10003378,1,1,1,99.97,90.93,C,C
A000510420,1,1,1,99.97,90.95,C,C
A000506521,1,1,1,99.97,90.97,C,C
A000520405,1,1,1,99.97,91.0,C,C
A000520404,1,1,1,99.97,91.02,C,C
A000514787,1,1,1,99.97,91.04,C,C
A000514786,1,1,1,99.97,91.07,C,C
A000514785,1,1,1,99.97,91.09,C,C
A000521924,1,1,1,99.97,91.11,C,C
10003671,1,1,1,99.97,91.13,C,C
P000038776-001-003,1,1,1,99.97,91.16,C,C
10003692,1,1,1,99.97,91.18,C,C
10004623,1,1,1,99.97,91.2,C,C
10004622,1,1,1,99.97,91.23,C,C
A000455135,1,1,1,99.97,91.25,C,C
P000242685-001-001,1,1,1,99.97,91.27,C,C
A000459651,1,1,1,99.97,91.3,C,C
A000458456,1,1,1,99.97,91.32,C,C
A000456656,1,1,1,99.97,91.34,C,C
A000460503,1,1,1,99.97,91.36,C,C
10004620,1,1,1,99.97,91.39,C,C
10004619,1,1,1,99.97,91.41,C,C
10004618,1,1,1,99.97,91.43,C,C
10004610,1,1,1,99.97,91.46,C,C
10003863,1,1,1,99.97,91.48,C,C
A000505872,1,1,1,99.97,91.5,C,C
A000505815,1,1,1,99.97,91.53,C,C
A000505045,1,1,1,99.97,91.55,C,C
10010789,1,1,1,99.97,91.57,C,C
A000433565,1,1,1,99.97,91.59,C,C
A000433559,1,1,1,99.97,91.62,C,C
A000433313,1,1,1,99.97,91.64,C,C
A000432645,1,1,1,99.97,91.66,C,C
A000432643,1,1,1,99.97,91.69,C,C
A000451053,1,1,1,99.97,91.71,C,C
A000451016,1,1,1,99.97,91.73,C,C
A000450994,1,1,1,99.97,91.75,C,C
10006010,1,1,1,99.97,91.78,C,C
10004662,1,1,1,99.97,91.8,C,C
10004657,1,1,1,99.97,91.82,C,C
10004653,1,1,1,99.97,91.85,C,C
10004649,1,1,1,99.97,91.87,C,C
10004648,1,1,1,99.97,91.89,C,C
10004646,1,1,1,99.97,91.92,C,C
10012121,1,1,1,99.97,91.94,C,C
10011614,1,1,1,99.97,91.96,C,C
10011609,1,1,1,99.97,91.98,C,C
10003349,1,1,1,99.97,92.01,C,C
10003347,1,1,1,99.97,92.03,C,C
10003244,1,1,1,99.97,92.05,C,C
10002736,1,1,1,99.97,92.08,C,C
10013580,1,1,1,99.97,92.1,C,C
A000423210,1,1,1,99.97,92.12,C,C
A000427753,1,1,1,99.97,92.15,C,C
A000427749,1,1,1,99.97,92.17,C,C
A000427741,1,1,1,99.97,92.19,C,C
10010590,1,1,1,99.98,92.21,C,C
A000431549,1,1,1,99.98,92.24,C,C
10010844,1,1,1,99.98,92.26,C,C
10010792,1,1,1,99.98,92.28,C,C
10013820,1,1,1,99.98,92.31,C,C
A000398914,1,1,1,99.98,92.33,C,C
A000398344,1,1,1,99.98,92.35,C,C
A000398004,1,1,1,99.98,92.37,C,C
A000401544,1,1,1,99.98,92.4,C,C
A000399972,1,1,1,99.98,92.42,C,C
A000399969,1,1,1,99.98,92.44,C,C
A000399314,1,1,1,99.98,92.47,C,C
A000405150,1,1,1,99.98,92.49,C,C
A000403991,1,1,1,99.98,92.51,C,C
A000403646,1,1,1,99.98,92.54,C,C
A000402295,1,1,1,99.98,92.56,C,C
10013778,1,1,1,99.98,92.58,C,C
10013766,1,1,1,99.98,92.6,C,C
A000420695,1,1,1,99.98,92.63,C,C
A000423058,1,1,1,99.98,92.65,C,C
10014191,1,1,1,99.98,92.67,C,C
10014188,1,1,1,99.98,92.7,C,C
10013960,1,1,1,99.98,92.72,C,C
10013904,1,1,1,99.98,92.74,C,C
A000356021,1,1,1,99.98,92.77,C,C
A000366730,1,1,1,99.98,92.79,C,C
10014208,1,1,1,99.98,92.81,C,C
10014204,1,1,1,99.98,92.83,C,C
10013855,1,1,1,99.98,92.86,C,C
10013853,1,1,1,99.98,92.88,C,C
A000392285,1,1,1,99.98,92.9,C,C
A000393371,1,1,1,99.98,92.93,C,C
A000392661,1,1,1,99.98,92.95,C,C
A000392608,1,1,1,99.98,92.97,C,C
10013846,1,1,1,99.98,92.99,C,C
10013822,1,1,1,99.98,93.02,C,C
A000325746,1,1,1,99.98,93.04,C,C
P000243652-001-001,1,1,1,99.98,93.06,C,C
A000327212,1,1,1,99.98,93.09,C,C
A000326484,1,1,1,99.98,93.11,C,C
A000335039,1,1,1,99.98,93.13,C,C
A000333601,1,1,1,99.98,93.16,C,C
10019642,1,1,1,99.98,93.18,C,C
10016782,1,1,1,99.98,93.2,C,C
10019781,1,1,1,99.98,93.22,C,C
10017498,1,1,1,99.98,93.25,C,C
10017474,1,1,1,99.98,93.27,C,C
10016824,1,1,1,99.98,93.29,C,C
10015403,1,1,1,99.98,93.32,C,C
10014222,1,1,1,99.98,93.34,C,C
10014215,1,1,1,99.98,93.36,C,C
A000355508,1,1,1,99.98,93.39,C,C
A000308413,1,1,1,99.98,93.41,C,C
A000308410,1,1,1,99.98,93.43,C,C
A000308408,1,1,1,99.98,93.45,C,C
A000308407,1,1,1,99.98,93.48,C,C
A000308406,1,1,1,99.98,93.5,C,C
A000308405,1,1,1,99.98,93.52,C,C
A000308404,1,1,1,99.98,93.55,C,C
P000243714-001-001,1,1,1,99.98,93.57,C,C
A000315479,1,1,1,99.98,93.59,C,C
10021216,1,1,1,99.98,93.62,C,C
10019853,1,1,1,99.98,93.64,C,C
10019852,1,1,1,99.98,93.66,C,C
A000322458,1,1,1,99.98,93.68,C,C
A000321739,1,1,1,99.98,93.71,C,C
A000326386,1,1,1,99.98,93.73,C,C
A000326385,1,1,1,99.98,93.75,C,C
A000304196,1,1,1,99.98,93.78,C,C
A000301896,1,1,1,99.98,93.8,C,C
A000292472,1,1,1,99.98,93.82,C,C
A000292398,1,1,1,99.98,93.84,C,C
10002676,1,1,1,99.98,93.87,C,C
10002296,1,1,1,99.98,93.89,C,C
A000305252,1,1,1,99.98,93.91,C,C
A000304905,1,1,1,99.98,93.94,C,C
A000304851,1,1,1,99.98,93.96,C,C
A000304444,1,1,1,99.98,93.98,C,C
A000306977,1,1,1,99.98,94.01,C,C
A000307092,1,1,1,99.98,94.03,C,C
A000308400,1,1,1,99.98,94.05,C,C
A000308399,1,1,1,99.98,94.07,C,C
A000308388,1,1,1,99.98,94.1,C,C
A000308386,1,1,1,99.98,94.12,C,C
A000195447,1,1,1,99.98,94.14,C,C
A000193276,1,1,1,99.98,94.17,C,C
P000243745-001-001,1,1,1,99.98,94.19,C,C
A000220251,1,1,1,99.98,94.21,C,C
A000203579,1,1,1,99.98,94.24,C,C
A000201065,1,1,1,99.98,94.26,C,C
A000221222,1,1,1,99.98,94.28,C,C
A000220863,1,1,1,99.98,94.3,C,C
A000231842,1,1,1,99.98,94.33,C,C
10025809,1,1,1,99.98,94.35,C,C
10025020,1,1,1,99.98,94.37,C,C
10025016,1,1,1,99.98,94.4,C,C
A000269200,1,1,1,99.98,94.42,C,C
A000255606,1,1,1,99.98,94.44,C,C
A000255597,1,1,1,99.98,94.46,C,C
A000255269,1,1,1,99.98,94.49,C,C
A000188323,1,1,1,99.98,94.51,C,C
A000188063,1,1,1,99.98,94.53,C,C
A000179786,1,1,1,99.98,94.56,C,C
A000191880,1,1,1,99.98,94.58,C,C
A000191878,1,1,1,99.98,94.6,C,C
A000191857,1,1,1,99.98,94.63,C,C
A000191843,1,1,1,99.98,94.65,C,C
A000191595,1,1,1,99.98,94.67,C,C
A000191385,1,1,1,99.98,94.69,C,C
A000192743,1,1,1,99.98,94.72,C,C
A000192658,1,1,1,99.98,94.74,C,C
A000191948,1,1,1,99.98,94.76,C,C
A000197217,1,1,1,99.98,94.79,C,C
A000197174,1,1,1,99.98,94.81,C,C
A000196889,1,1,1,99.98,94.83,C,C
A000196466,1,1,1,99.98,94.86,C,C
A000132069,1,1,1,99.98,94.88,C,C
10001764,1,1,1,99.98,94.9,C,C
10001608,1,1,1,99.98,94.92,C,C
A000133008,1,1,1,99.98,94.95,C,C
A000139558,1,1,1,99.98,94.97,C,C
A000143332,1,1,1,99.98,94.99,C,C
A000143546,1,1,1,99.98,95.02,C,C
A000143542,1,1,1,99.98,95.04,C,C
A000143538,1,1,1,99.98,95.06,C,C
A000143426,1,1,1,99.98,95.08,C,C
A000145908,1,1,1,99.98,95.11,C,C
A000145972,1,1,1,99.98,95.13,C,C
A000145921,1,1,1,99.98,95.15,C,C
A000175942,1,1,1,99.98,95.18,C,C
A000190464,1,1,1,99.98,95.2,C,C
A000190318,1,1,1,99.98,95.22,C,C
A000130986,1,1,1,99.98,95.25,C,C
A000130980,1,1,1,99.98,95.27,C,C
A000130979,1,1,1,99.98,95.29,C,C
A000131558,1,1,1,99.98,95.31,C,C
A000131297,1,1,1,99.99,95.34,C,C
A000131204,1,1,1,99.99,95.36,C,C
A000131183,1,1,1,99.99,95.38,C,C
A000131174,1,1,1,99.99,95.41,C,C
A000131881,1,1,1,99.99,95.43,C,C
A000131813,1,1,1,99.99,95.45,C,C
A000131613,1,1,1,99.99,95.48,C,C
A000131560,1,1,1,99.99,95.5,C,C
10027522,1,1,1,99.99,95.52,C,C
10027521,1,1,1,99.99,95.54,C,C
10027501,1,1,1,99.99,95.57,C,C
A000132090,1,1,1,99.99,95.59,C,C
A000130386,1,1,1,99.99,95.61,C,C
A000130380,1,1,1,99.99,95.64,C,C
A000130370,1,1,1,99.99,95.66,C,C
A000130620,1,1,1,99.99,95.68,C,C
A000130555,1,1,1,99.99,95.71,C,C
A000130551,1,1,1,99.99,95.73,C,C
A000130538,1,1,1,99.99,95.75,C,C
A000130533,1,1,1,99.99,95.77,C,C
A000130499,1,1,1,99.99,95.8,C,C
A000130464,1,1,1,99.99,95.82,C,C
A000130976,1,1,1,99.99,95.84,C,C
A000130918,1,1,1,99.99,95.87,C,C
A000130858,1,1,1,99.99,95.89,C,C
A000130732,1,1,1,99.99,95.91,C,C
A000131099,1,1,1,99.99,95.93,C,C
A000130993,1,1,1,99.99,95.96,C,C
10028788,1,1,1,99.99,95.98,C,C
10027587,1,1,1,99.99,96.0,C,C
P000244288-001-001,1,1,1,99.99,96.03,C,C
9965407000,1,1,1,99.99,96.05,C,C
9968407000,1,1,1,99.99,96.07,C,C
A000081749,1,1,1,99.99,96.1,C,C
9969507000,1,1,1,99.99,96.12,C,C
9969407000,1,1,1,99.99,96.14,C,C
A000127588,1,1,1,99.99,96.16,C,C
A000084806,1,1,1,99.99,96.19,C,C
A000084805,1,1,1,99.99,96.21,C,C
A000084799,1,1,1,99.99,96.23,C,C
A000130341,1,1,1,99.99,96.26,C,C
A000130337,1,1,1,99.99,96.28,C,C
A000130436,1,1,1,99.99,96.3,C,C
A000130387,1,1,1,99.99,96.33,C,C
10032303,1,1,1,99.99,96.35,C,C
10032292,1,1,1,99.99,96.37,C,C
10032291,1,1,1,99.99,96.39,C,C
10032238,1,1,1,99.99,96.42,C,C
9491801651,1,1,1,99.99,96.44,C,C
9491785652,1,1,1,99.99,96.46,C,C
10031968,1,1,1,99.99,96.49,C,C
10031267,1,1,1,99.99,96.51,C,C
10031035,1,1,1,99.99,96.53,C,C
9499101005,1,1,1,99.99,96.55,C,C
9732102000,1,1,1,99.99,96.58,C,C
9731701000,1,1,1,99.99,96.6,C,C
9730303000,1,1,1,99.99,96.62,C,C
9736005720,1,1,1,99.99,96.65,C,C
10029476,1,1,1,99.99,96.67,C,C
10028848,1,1,1,99.99,96.69,C,C
9317008050,1,1,1,99.99,96.72,C,C
P000330950-002-001,1,1,1,99.99,96.74,C,C
P000329407-001-001,1,1,1,99.99,96.76,C,C
9325217721,1,1,1,99.99,96.78,C,C
9325206551,1,1,1,99.99,96.81,C,C
9325122722,1,1,1,99.99,96.83,C,C
9325119550,1,1,1,99.99,96.85,C,C
9325306551,1,1,1,99.99,96.88,C,C
9340720700,1,1,1,99.99,96.9,C,C
9340520700,1,1,1,99.99,96.92,C,C
9344220100,1,1,1,99.99,96.95,C,C
10034080,1,1,1,99.99,96.97,C,C
9362190000,1,1,1,99.99,96.99,C,C
9357701700,1,1,1,99.99,97.01,C,C
9410917502,1,1,1,99.99,97.04,C,C
9400990007,1,1,1,99.99,97.06,C,C
10035842,1,1,1,99.99,97.08,C,C
10035805,1,1,1,99.99,97.11,C,C
P000335134-001-001,1,1,1,99.99,97.13,C,C
P000335095-001-001,1,1,1,99.99,97.15,C,C
P000332157-004-001,1,1,1,99.99,97.18,C,C
P000332018-001-001,1,1,1,99.99,97.2,C,C
9176925652,1,1,1,99.99,97.22,C,C
10036069,1,1,1,99.99,97.24,C,C
9192117005,1,1,1,99.99,97.27,C,C
10034791,1,1,1,99.99,97.29,C,C
10034780,1,1,1,99.99,97.31,C,C
9256604000,1,1,1,99.99,97.34,C,C
9283090090,1,1,1,99.99,97.36,C,C
10034722,1,1,1,99.99,97.38,C,C
10034692,1,1,1,99.99,97.4,C,C
9325106551,1,1,1,99.99,97.43,C,C
10037728,1,1,1,99.99,97.45,C,C
P000705477-001-001,1,1,1,99.99,97.47,C,C
P000380087-001-001,1,1,1,99.99,97.5,C,C
P000375375-001-001,1,1,1,99.99,97.52,C,C
10037720,1,1,1,99.99,97.54,C,C
10037706,1,1,1,99.99,97.57,C,C
10037681,1,1,1,99.99,97.59,C,C
10037666,1,1,1,99.99,97.61,C,C
10037167,1,1,1,99.99,97.63,C,C
10036219,1,1,1,99.99,97.66,C,C
10036083,1,1,1,99.99,97.68,C,C
10036443,1,1,1,99.99,97.7,C,C
10036240,1,1,1,99.99,97.73,C,C
9173990010,1,1,1,99.99,97.75,C,C
10036064,1,1,1,99.99,97.77,C,C
10036058,1,1,1,99.99,97.8,C,C
9064466651,1,1,1,99.99,97.82,C,C
P000724448-002-043,1,1,1,99.99,97.84,C,C
P000724448-002-012,1,1,1,99.99,97.86,C,C
P000724448-002-011,1,1,1,99.99,97.89,C,C
P000724448-002-005,1,1,1,99.99,97.91,C,C
P000724428-001-004,1,1,1,99.99,97.93,C,C
P000723307-001-021,1,1,1,99.99,97.96,C,C
9064996652,1,1,1,99.99,97.98,C,C
10039645,1,1,1,99.99,98.0,C,C
10039084,1,1,1,99.99,98.02,C,C
10039868,1,1,1,99.99,98.05,C,C
10037892,1,1,1,99.99,98.07,C,C
10037888,1,1,1,99.99,98.09,C,C
10037875,1,1,1,99.99,98.12,C,C
10037742,1,1,1,99.99,98.14,C,C
10037741,1,1,1,99.99,98.16,C,C
9012609020,1,1,1,99.99,98.19,C,C
9012607260,1,1,1,99.99,98.21,C,C
10001301,1,1,1,99.99,98.23,C,C
10001294,1,1,1,99.99,98.25,C,C
10001207,1,1,1,99.99,98.28,C,C
P000768514-010-003,1,1,1,99.99,98.3,C,C
10041839,1,1,1,99.99,98.32,C,C
10041802,1,1,1,99.99,98.35,C,C
10041742,1,1,1,99.99,98.37,C,C
10041737,1,1,1,99.99,98.39,C,C
9014309260,1,1,1,99.99,98.42,C,C
10041853,1,1,1,99.99,98.44,C,C
10041640,1,1,1,100.0,98.46,C,C
10041638,1,1,1,100.0,98.48,C,C
10041431,1,1,1,100.0,98.51,C,C
10039869,1,1,1,100.0,98.53,C,C
7962025,1,1,1,100.0,98.55,C,C
P001032315-001-002,1,1,1,100.0,98.58,C,C
P000987921-020-002,1,1,1,100.0,98.6,C,C
10045518,1,1,1,100.0,98.62,C,C
7995723,1,1,1,100.0,98.64,C,C
7972005,1,1,1,100.0,98.67,C,C
9000134080,1,1,1,100.0,98.69,C,C
9003804461,1,1,1,100.0,98.71,C,C
10043585,1,1,1,100.0,98.74,C,C
10042439,1,1,1,100.0,98.76,C,C
10042438,1,1,1,100.0,98.78,C,C
10042113,1,1,1,100.0,98.81,C,C
10041855,1,1,1,100.0,98.83,C,C
9011107303,1,1,1,100.0,98.85,C,C
9013209010,1,1,1,100.0,98.87,C,C
9012609040,1,1,1,100.0,98.9,C,C
7264610,1,1,1,100.0,98.92,C,C
10001047,1,1,1,100.0,98.94,C,C
10001043,1,1,1,100.0,98.97,C,C
10001039,1,1,1,100.0,98.99,C,C
7266556,1,1,1,100.0,99.01,C,C
7264625,1,1,1,100.0,99.04,C,C
7264620,1,1,1,100.0,99.06,C,C
7269570,1,1,1,100.0,99.08,C,C
7268501,1,1,1,100.0,99.1,C,C
7268500,1,1,1,100.0,99.13,C,C
7267435,1,1,1,100.0,99.15,C,C
7273658,1,1,1,100.0,99.17,C,C
7272660,1,1,1,100.0,99.2,C,C
7270435,1,1,1,100.0,99.22,C,C
7398250,1,1,1,100.0,99.24,C,C
7962048,1,1,1,100.0,99.27,C,C
P001464384-326-034,1,1,1,100.0,99.29,C,C
10001015,1,1,1,100.0,99.31,C,C
10001013,1,1,1,100.0,99.33,C,C
10000997,1,1,1,100.0,99.36,C,C
10000992,1,1,1,100.0,99.38,C,C
10000990,1,1,1,100.0,99.4,C,C
10000943,1,1,1,100.0,99.43,C,C
10000884,1,1,1,100.0,99.45,C,C
10000411,1,1,1,100.0,99.47,C,C
10000410,1,1,1,100.0,99.49,C,C
P001303277-112-001,1,1,1,100.0,99.52,C,C
10049713,1,1,1,100.0,99.54,C,C
10049712,1,1,1,100.0,99.56,C,C
10049711,1,1,1,100.0,99.59,C,C
P001493962-009-001,1,1,1,100.0,99.61,C,C
10049587,1,1,1,100.0,99.63,C,C
P000236128-001-006,1,1,1,100.0,99.66,C,C
P000238203-001-001,1,1,1,100.0,99.68,C,C
P000238181-001-001,1,1,1,100.0,99.7,C,C
P000236243-001-007,1,1,1,100.0,99.72,C,C
P000236306-001-013,1,1,1,100.0,99.75,C,C
P000236568-001-002,1,1,1,100.0,99.77,C,C
P000236544-001-005,1,1,1,100.0,99.79,C,C
P000236582-001-027,1,1,1,100.0,99.82,C,C
10003525,1,1,1,100.0,99.84,C,C
10003445,1,1,1,100.0,99.86,C,C
10003430,1,1,1,100.0,99.89,C,C
10003424,1,1,1,100.0,99.91,C,C
10003423,1,1,1,100.0,99.93,C,C
P000236664-001-012,1,1,1,100.0,99.95,C,C
10003643,1,1,1,100.0,99.98,C,C
P001464384-366-033,1,1,1,100.0,100.0,C,C
