PART,avg_qty,min_qty,max_qty,avg_loads,max_loads,avg_locs,max_locs,qty_cv
10000251,127.333,113,141,1.333,2,1.333,2,0.11
10000253,26.5,19,34,1.0,1,1.0,1,0.4
10000258,38.0,30,46,1.0,1,1.0,1,0.298
10000259,15.0,13,16,1.0,1,1.0,1,0.115
10000266,102.333,89,129,1.0,1,1.0,1,0.226
10000290,4.667,1,7,1.0,1,1.0,1,0.689
10000296,6.0,6,6,1.0,1,1.0,1,0.0
10000340,40.0,40,40,1.0,1,1.0,1,0.0
10000342,9.333,7,14,1.0,1,1.0,1,0.433
10000344,8.0,8,8,1.0,1,1.0,1,0.0
10000381,18.0,18,18,1.0,1,1.0,1,0.0
10000408,3.667,1,5,1.0,1,1.0,1,0.63
10000411,1.0,1,1,1.0,1,1.0,1,
10000476,291.333,244,332,1.333,2,1.333,2,0.152
10000903,7.0,7,7,1.0,1,1.0,1,0.0
10000905,27.0,27,27,1.0,1,1.0,1,0.0
10000959,1.0,1,1,1.0,1,1.0,1,0.0
10000991,1.0,1,1,1.0,1,1.0,1,0.0
10000993,2.0,2,2,1.0,1,1.0,1,
10001016,1.5,1,2,1.0,1,1.0,1,0.471
10001039,4.0,4,4,1.0,1,1.0,1,0.0
10001087,1.0,1,1,1.0,1,1.0,1,0.0
10001093,1.0,1,1,1.0,1,1.0,1,0.0
10001099,22.0,22,22,1.0,1,1.0,1,0.0
10001119,8.0,8,8,1.0,1,1.0,1,
10001128,2.0,2,2,1.0,1,1.0,1,
10001129,13.0,2,31,1.0,1,1.0,1,1.209
10001139,16.333,13,18,1.0,1,1.0,1,0.177
10001185,1.0,1,1,1.0,1,1.0,1,0.0
10001197,1.0,1,1,1.0,1,1.0,1,0.0
10001207,1.0,1,1,1.0,1,1.0,1,
10001240,18.0,12,27,1.0,1,1.0,1,0.441
10001278,21.667,15,28,1.0,1,1.0,1,0.3
10001336,99.0,99,99,1.0,1,1.0,1,0.0
10001379,22.667,16,26,1.0,1,1.0,1,0.255
10001414,151.667,145,156,1.0,1,1.0,1,0.039
10001578,8.333,7,10,1.0,1,1.0,1,0.183
10001579,24.667,20,27,1.0,1,1.0,1,0.164
10001581,2.667,1,6,1.0,1,1.0,1,1.083
10001584,14.0,12,17,1.0,1,1.0,1,0.189
10001585,7.667,2,13,1.0,1,1.0,1,0.718
10001586,1.333,1,2,1.0,1,1.0,1,0.433
10001593,84.0,69,106,1.0,1,1.0,1,0.232
10001595,66.333,30,86,1.0,1,1.0,1,0.475
10001608,1.333,1,2,1.0,1,1.0,1,0.433
10001609,64.333,31,91,1.0,1,1.0,1,0.475
10001611,12.667,11,14,1.0,1,1.0,1,0.121
10001612,4.667,4,5,1.0,1,1.0,1,0.124
10001764,6.667,6,7,1.0,1,1.0,1,0.087
10001765,22.333,13,27,1.0,1,1.0,1,0.362
10001768,53.0,51,56,1.0,1,1.0,1,0.05
10001776,4.0,2,6,1.0,1,1.0,1,0.5
10001786,2.667,2,3,1.0,1,1.0,1,0.217
10001787,5.333,2,8,1.0,1,1.0,1,0.573
10001788,245.667,198,298,1.667,3,1.667,3,0.204
10001789,24.333,20,28,1.0,1,1.0,1,0.166
10001790,21.667,20,24,1.0,1,1.0,1,0.096
10001798,2.0,2,2,1.0,1,1.0,1,0.0
10001820,4.0,4,4,1.0,1,1.0,1,
10001821,293.667,264,322,1.0,1,1.0,1,0.099
10001822,17.667,14,21,1.333,2,1.333,2,0.199
10001823,50.0,36,67,1.0,1,1.0,1,0.314
10001853,15.0,15,15,1.0,1,1.0,1,0.0
10001922,10.667,10,11,1.0,1,1.0,1,0.054
10002130,19.333,12,24,1.0,1,1.0,1,0.333
10002296,1.0,1,1,1.0,1,1.0,1,
10002306,1.0,1,1,1.0,1,1.0,1,
10002384,76.333,63,103,1.0,1,1.0,1,0.303
10002673,11.333,10,13,1.0,1,1.0,1,0.135
10002674,8.5,7,10,1.0,1,1.0,1,0.25
10002675,17.0,15,19,1.0,1,1.0,1,0.118
10002676,2.667,2,3,1.0,1,1.0,1,0.217
10002678,11.667,11,12,1.0,1,1.0,1,0.049
10002720,5.5,5,6,1.0,1,1.0,1,0.129
10002733,3.0,3,3,1.0,1,1.0,1,0.0
10002736,4.0,3,5,1.0,1,1.0,1,0.25
10002738,6.0,6,6,1.0,1,1.0,1,0.0
10002745,15.667,9,19,1.0,1,1.0,1,0.369
10003132,8.0,6,10,1.0,1,1.0,1,0.354
10003138,2.5,1,4,1.0,1,1.0,1,0.849
10003240,4.0,4,4,1.0,1,1.0,1,0.0
10003241,5.0,5,5,1.0,1,1.0,1,0.0
10003243,1.0,1,1,1.0,1,1.0,1,0.0
10003244,1.0,1,1,1.0,1,1.0,1,
10003303,39.333,22,49,1.0,1,1.0,1,0.382
10003310,9.0,9,9,1.0,1,1.0,1,0.0
10003311,4.0,4,4,1.0,1,1.0,1,0.0
10003321,1.0,1,1,1.0,1,1.0,1,0.0
10003328,4.0,4,4,1.0,1,1.0,1,0.0
10003342,1.0,1,1,1.0,1,1.0,1,
10003359,2.0,2,2,1.0,1,1.0,1,0.0
10003360,3.667,2,5,1.0,1,1.0,1,0.417
10003362,5.0,4,6,1.0,1,1.0,1,0.283
10003372,2.0,2,2,1.0,1,1.0,1,0.0
10003374,1.0,1,1,1.0,1,1.0,1,
10003375,1.333,1,2,1.0,1,1.0,1,0.433
10003378,1.0,1,1,1.0,1,1.0,1,0.0
10003379,3.0,3,3,1.0,1,1.0,1,0.0
10003380,3.0,3,3,1.0,1,1.0,1,0.0
10003394,3.0,3,3,1.0,1,1.0,1,0.0
10003395,3.667,1,5,1.0,1,1.0,1,0.63
10003396,6.0,6,6,1.0,1,1.0,1,0.0
10003397,4.0,1,7,1.0,1,1.0,1,0.75
10003409,9.333,8,10,1.333,2,1.333,2,0.124
10003411,10.333,5,13,1.333,2,1.333,2,0.447
10003413,3.0,3,3,1.0,1,1.0,1,
10003417,18.0,17,19,1.0,1,1.0,1,0.056
10003418,27.333,16,38,1.0,1,1.0,1,0.403
10003419,3.667,1,6,1.0,1,1.0,1,0.686
10003420,3.5,1,6,1.0,1,1.0,1,1.01
10003422,6.0,6,6,1.0,1,1.0,1,0.0
10003427,1.0,1,1,1.0,1,1.0,1,0.0
10003430,12.667,12,13,1.0,1,1.0,1,0.046
10003431,4.0,4,4,1.0,1,1.0,1,0.0
10003455,2.667,1,4,1.0,1,1.0,1,0.573
10003456,3.5,3,4,1.0,1,1.0,1,0.202
10003493,1.0,1,1,1.0,1,1.0,1,0.0
10003496,1.0,1,1,1.0,1,1.0,1,0.0
10003543,13.0,13,13,1.0,1,1.0,1,0.0
10003545,5.0,5,5,1.0,1,1.0,1,0.0
10003561,1.0,1,1,1.0,1,1.0,1,0.0
10003575,3.333,1,5,1.0,1,1.0,1,0.624
10003640,1.0,1,1,1.0,1,1.0,1,0.0
10003644,3.0,3,3,1.0,1,1.0,1,0.0
10003655,32.0,30,34,1.0,1,1.0,1,0.062
10003657,22.667,20,25,1.0,1,1.0,1,0.111
10003659,46.667,45,49,1.0,1,1.0,1,0.045
10003660,18.0,17,19,1.0,1,1.0,1,0.079
10003663,173.333,159,187,1.0,1,1.0,1,0.081
10003665,168.667,129,230,1.0,1,1.0,1,0.319
10003671,3.0,1,4,1.0,1,1.0,1,0.577
10003679,10.333,7,12,1.0,1,1.0,1,0.279
10003680,20.0,4,32,1.0,1,1.0,1,0.721
10003684,53.333,43,59,2.0,2,2.0,2,0.168
10003685,26.667,22,34,1.0,1,1.0,1,0.241
10003692,8.0,8,8,1.0,1,1.0,1,0.0
10003693,2.667,1,4,1.0,1,1.0,1,0.573
10003697,57.667,49,70,1.0,1,1.0,1,0.19
10003698,71.667,38,103,1.333,2,1.333,2,0.454
10003715,18.333,18,19,1.0,1,1.0,1,0.031
10003716,34.333,16,45,1.667,2,1.667,2,0.464
10003721,4.0,3,5,1.0,1,1.0,1,0.25
10003722,17.0,11,20,1.0,1,1.0,1,0.306
10003725,3.333,3,4,1.0,1,1.0,1,0.173
10003864,1.0,1,1,1.0,1,1.0,1,0.0
10004490,120.667,52,196,1.667,2,1.333,2,0.599
10004491,130.333,73,186,1.333,2,1.333,2,0.434
10004601,4.0,3,5,1.0,1,1.0,1,0.25
10004608,13.667,10,18,1.0,1,1.0,1,0.296
10004613,1.0,1,1,1.0,1,1.0,1,0.0
10004626,1.0,1,1,1.0,1,1.0,1,
10004630,1.0,1,1,1.0,1,1.0,1,0.0
10004636,1.0,1,1,1.0,1,1.0,1,0.0
10004643,16.333,12,20,1.0,1,1.0,1,0.247
10004646,2.5,2,3,1.0,1,1.0,1,0.283
10004648,1.0,1,1,1.0,1,1.0,1,
10004652,1.0,1,1,1.0,1,1.0,1,0.0
10004667,8.0,8,8,1.0,1,1.0,1,
10004895,248.667,232,282,1.0,1,1.0,1,0.116
10004949,1.0,1,1,1.0,1,1.0,1,0.0
10005087,2.0,2,2,1.0,1,1.0,1,0.0
10005172,3.333,2,4,1.0,1,1.0,1,0.346
10005292,27.0,17,32,1.0,1,1.0,1,0.321
10005293,48.333,30,75,1.0,1,1.0,1,0.489
10006010,7.0,7,7,1.0,1,1.0,1,0.0
10010280,94.667,77,116,1.333,2,1.333,2,0.209
10010281,5.0,1,9,1.0,1,1.0,1,0.8
10010282,41.5,27,56,1.5,2,1.5,2,0.494
10010293,93.0,88,98,1.667,3,1.333,2,0.054
10010295,150.0,107,186,1.333,2,1.333,2,0.266
10010300,6.667,5,8,1.0,1,1.0,1,0.229
10010366,18.333,3,28,1.0,1,1.0,1,0.732
10010453,26.667,15,40,1.0,1,1.0,1,0.472
10010549,14.333,14,15,1.667,2,1.667,2,0.04
10010629,10.667,10,11,1.0,1,1.0,1,0.054
10010637,61.333,15,107,1.0,1,1.0,1,0.75
10010792,1.0,1,1,1.0,1,1.0,1,0.0
10010963,57.333,56,58,1.0,1,1.0,1,0.02
10010982,81.0,30,122,1.0,1,1.0,1,0.578
10011222,7.5,2,13,1.0,1,1.0,1,1.037
10011550,5.0,5,5,1.0,1,1.0,1,0.0
10011552,2.667,2,4,1.0,1,1.0,1,0.433
10011647,6.0,4,8,1.0,1,1.0,1,0.333
10012116,2.0,2,2,1.0,1,1.0,1,0.0
10013722,41.0,24,52,1.0,1,1.0,1,0.364
10013724,1.0,1,1,1.0,1,1.0,1,0.0
10013725,3476.667,3150,3791,6.333,7,6.333,7,0.092
10013726,4234.667,4083,4320,8.333,9,8.333,9,0.031
10013728,772.667,651,884,1.333,2,1.333,2,0.151
10013729,670.0,595,736,1.333,2,1.333,2,0.106
10013731,9.0,5,12,1.0,1,1.0,1,0.401
10013732,772.667,755,804,1.333,2,1.333,2,0.035
10013733,5.0,5,5,1.0,1,1.0,1,
10013735,494.667,367,604,1.0,1,1.0,1,0.242
10013738,26.333,18,32,1.0,1,1.0,1,0.28
10013739,28.667,27,31,1.0,1,1.0,1,0.073
10013742,28.667,25,33,1.0,1,1.0,1,0.141
10013743,191.0,174,210,1.333,2,1.333,2,0.095
10013745,1.0,1,1,1.0,1,1.0,1,0.0
10013754,16.0,15,17,1.0,1,1.0,1,0.062
10013755,43.667,27,56,1.0,1,1.0,1,0.343
10013756,11.0,9,13,1.333,2,1.333,2,0.182
10013757,9.667,2,24,1.0,1,1.0,1,1.285
10013758,1.0,1,1,1.0,1,1.0,1,0.0
10013767,121.333,106,144,2.333,3,2.333,3,0.165
10013768,4.0,4,4,1.0,1,1.0,1,0.0
10013769,681.667,601,822,3.333,5,3.333,5,0.179
10013770,22.667,22,24,2.0,2,2.0,2,0.051
10013771,24.0,22,26,1.0,1,1.0,1,0.083
10013772,190.333,113,315,1.0,1,1.0,1,0.573
10013773,9.5,2,17,1.0,1,1.0,1,1.116
10013774,33.0,33,33,1.0,1,1.0,1,0.0
10013775,28.0,27,29,1.0,1,1.0,1,0.036
10013778,4.0,3,5,1.0,1,1.0,1,0.25
10013779,1.0,1,1,1.0,1,1.0,1,
10013783,8.0,8,8,1.0,1,1.0,1,
10013785,33.667,29,36,1.0,1,1.0,1,0.12
10013794,3.667,3,4,1.0,1,1.0,1,0.157
10013795,20.0,3,32,1.0,1,1.0,1,0.757
10013796,10.5,10,11,1.0,1,1.0,1,0.067
10013814,7.667,6,10,1.0,1,1.0,1,0.272
10013815,36.0,27,49,1.0,1,1.0,1,0.32
10013816,5.333,1,9,1.0,1,1.0,1,0.758
10013817,6.0,5,8,1.0,1,1.0,1,0.289
10013818,4.333,2,6,1.0,1,1.0,1,0.48
10013820,1.333,1,2,1.0,1,1.0,1,0.433
10013840,29.0,18,37,1.0,1,1.0,1,0.34
10013841,169.667,156,190,1.333,2,1.333,2,0.106
10013842,28.333,25,31,1.0,1,1.0,1,0.108
10013843,80.0,68,96,1.0,1,1.0,1,0.18
10013844,6.333,1,14,1.0,1,1.0,1,1.075
10013845,64.333,55,73,1.0,1,1.0,1,0.14
10013846,6.0,4,8,1.0,1,1.0,1,0.333
10013847,6.667,5,9,1.0,1,1.0,1,0.312
10013848,1.333,1,2,1.0,1,1.0,1,0.433
10013849,1.0,1,1,1.0,1,1.0,1,0.0
10013853,1.0,1,1,1.0,1,1.0,1,0.0
10013856,3.5,3,4,1.0,1,1.0,1,0.202
10013858,34.0,26,44,1.667,2,1.667,2,0.27
10013861,4.333,1,6,1.0,1,1.0,1,0.666
10013862,96.333,37,154,1.333,2,1.333,2,0.607
10013878,10.667,8,14,1.0,1,1.0,1,0.286
10013879,174.667,111,209,2.0,3,2.0,3,0.316
10013881,88.667,3,251,2.0,3,2.0,3,1.586
10013885,356.333,281,404,2.0,2,2.0,2,0.185
10013887,32.667,28,37,1.0,1,1.0,1,0.138
10013888,1.667,1,2,1.0,1,1.0,1,0.346
10013889,60.0,32,77,1.0,1,1.0,1,0.407
10013890,1.0,1,1,1.0,1,1.0,1,
10013891,4.0,4,4,1.0,1,1.0,1,
10013892,180.333,157,207,1.333,2,1.333,2,0.14
10013898,32.0,4,60,1.0,1,1.0,1,1.237
10013900,5.0,5,5,1.0,1,1.0,1,0.0
10013903,7.0,5,9,1.0,1,1.0,1,0.286
10013910,2.333,1,4,1.0,1,1.0,1,0.655
10013934,10.0,9,12,1.0,1,1.0,1,0.173
10013960,7.0,7,7,1.0,1,1.0,1,0.0
10014068,22.333,19,26,1.0,1,1.0,1,0.157
10014069,99.333,89,106,1.0,1,1.0,1,0.091
10014181,47.667,43,55,1.0,1,1.0,1,0.135
10014191,6.333,6,7,1.0,1,1.0,1,0.091
10014213,42.0,9,60,1.0,1,1.0,1,0.681
10014215,4.667,4,5,1.0,1,1.0,1,0.124
10014228,13.667,12,15,1.0,1,1.0,1,0.112
10014236,5.0,5,5,1.0,1,1.0,1,0.0
10014237,3.0,3,3,1.0,1,1.0,1,0.0
10014242,270.0,203,308,1.0,1,1.0,1,0.216
10014245,1.0,1,1,1.0,1,1.0,1,0.0
10014246,1.0,1,1,1.0,1,1.0,1,0.0
10014247,18.0,18,18,1.0,1,1.0,1,0.0
10014248,14.0,8,20,1.0,1,1.0,1,0.606
10014249,17.333,16,18,1.0,1,1.0,1,0.067
10014833,2.0,2,2,1.0,1,1.0,1,
10014897,209.333,198,215,1.0,1,1.0,1,0.047
10014902,10.0,10,10,1.0,1,1.0,1,0.0
10014908,5.0,5,5,1.0,1,1.0,1,0.0
10014917,14.0,13,16,1.0,1,1.0,1,0.124
10015341,25.0,13,43,1.0,1,1.0,1,0.635
10015344,5.0,5,5,1.0,1,1.0,1,0.0
10015348,30.0,30,30,1.0,1,1.0,1,0.0
10015403,1.667,1,2,1.0,1,1.0,1,0.346
10015404,1.0,1,1,1.0,1,1.0,1,
10015448,3.0,3,3,1.0,1,1.0,1,0.0
10015451,6.0,6,6,1.0,1,1.0,1,0.0
10015456,3.0,3,3,1.0,1,1.0,1,0.0
10015458,11.0,11,11,1.0,1,1.0,1,0.0
10015478,2.0,2,2,1.0,1,1.0,1,0.0
10016775,1.0,1,1,1.0,1,1.0,1,
10016777,2.5,1,4,1.0,1,1.0,1,0.849
10016779,3.0,3,3,1.0,1,1.0,1,0.0
10016783,61.667,50,70,3.333,4,3.333,4,0.169
10017343,570.333,512,615,1.0,1,1.0,1,0.093
10017344,316.0,291,334,1.0,1,1.0,1,0.071
10017451,10.0,10,10,1.0,1,1.0,1,
10017496,6.0,6,6,1.0,1,1.0,1,0.0
10017497,2.0,2,2,1.0,1,1.0,1,0.0
10018317,126.333,103,163,1.0,1,1.0,1,0.254
10018743,37.667,31,41,1.0,1,1.0,1,0.153
10018744,13.667,11,15,1.0,1,1.0,1,0.169
10018964,103.667,94,111,1.0,1,1.0,1,0.084
10019077,1.0,1,1,1.0,1,1.0,1,0.0
10019239,3.0,3,3,1.0,1,1.0,1,0.0
10019346,32.333,27,41,1.0,1,1.0,1,0.234
10019642,1.0,1,1,1.0,1,1.0,1,
10019762,1.667,1,2,1.0,1,1.0,1,0.346
10019763,2.667,2,3,1.0,1,1.0,1,0.217
10019766,16.0,14,19,1.0,1,1.0,1,0.165
10019767,11.667,11,12,1.0,1,1.0,1,0.049
10019769,4.0,4,4,1.0,1,1.0,1,0.0
10019770,29.333,27,32,1.0,1,1.0,1,0.086
10019776,2.5,2,3,1.0,1,1.0,1,0.283
10019780,3.333,1,5,1.0,1,1.0,1,0.624
10019782,1.333,1,2,1.0,1,1.0,1,0.433
10019849,6.0,4,9,1.0,1,1.0,1,0.441
10019850,3.0,1,4,1.0,1,1.0,1,0.577
10019851,4.0,3,5,1.0,1,1.0,1,0.25
10019852,2.0,2,2,1.0,1,1.0,1,0.0
10019854,30.333,23,34,1.0,1,1.0,1,0.209
10019855,9.333,8,10,1.0,1,1.0,1,0.124
10020410,3.0,3,3,1.0,1,1.0,1,0.0
10020802,75.667,55,89,1.333,2,1.333,2,0.24
10020987,1.0,1,1,1.0,1,1.0,1,
10021189,52.0,48,54,1.0,1,1.0,1,0.067
10021213,50.667,49,52,1.0,1,1.0,1,0.03
10021255,16.333,16,17,1.0,1,1.0,1,0.035
10021285,10.0,10,10,1.0,1,1.0,1,0.0
10021315,14.333,6,23,1.0,1,1.0,1,0.593
10021318,12.333,9,15,1.0,1,1.0,1,0.248
10021345,10.667,6,17,1.667,2,1.667,2,0.533
10021348,3.667,2,6,1.0,1,1.0,1,0.568
10021357,5.0,5,5,1.0,1,1.0,1,
10021360,3.0,3,3,1.0,1,1.0,1,0.0
10021438,5571.667,5062,6088,108.333,118,105.333,115,0.092
10021476,52.0,48,59,1.0,1,1.0,1,0.117
10021478,43.667,43,45,1.0,1,1.0,1,0.026
10021482,3.0,3,3,1.0,1,1.0,1,0.0
10021487,9.0,6,13,1.0,1,1.0,1,0.401
10021489,28.0,28,28,1.0,1,1.0,1,0.0
10021497,5.0,5,5,1.333,2,1.333,2,0.0
10021705,4.0,4,4,1.0,1,1.0,1,0.0
10024784,11.0,11,11,1.0,1,1.0,1,0.0
10024985,6.0,6,6,1.0,1,1.0,1,0.0
10024987,11.0,9,12,1.0,1,1.0,1,0.157
10024993,1.0,1,1,1.0,1,1.0,1,0.0
10024997,85.667,54,103,1.0,1,1.0,1,0.321
10024998,14.0,8,18,1.0,1,1.0,1,0.378
10024999,17.667,13,25,1.0,1,1.0,1,0.364
10025000,8.333,8,9,1.0,1,1.0,1,0.069
10025011,47.667,34,57,1.0,1,1.0,1,0.254
10025013,239.667,197,280,1.0,1,1.0,1,0.173
10025015,11.0,11,11,1.0,1,1.0,1,0.0
10025016,1.667,1,2,1.0,1,1.0,1,0.346
10025018,3.0,3,3,1.0,1,1.0,1,0.0
10025020,4.333,4,5,1.0,1,1.0,1,0.133
10025023,90.0,73,105,1.0,1,1.0,1,0.179
10025024,65.0,55,84,1.0,1,1.0,1,0.253
10025025,20.333,11,26,1.0,1,1.0,1,0.401
10025026,23.667,16,30,1.0,1,1.0,1,0.3
10025251,11.0,11,11,1.0,1,1.0,1,0.0
10025468,117.667,1,255,1.667,3,1.333,2,1.09
10025469,147.0,81,263,1.667,3,1.333,2,0.686
10025628,19.0,3,27,1.0,1,1.0,1,0.729
10025808,2.0,2,2,1.0,1,1.0,1,0.0
10025809,4.0,4,4,1.0,1,1.0,1,0.0
10025967,82.0,74,98,1.0,1,1.0,1,0.169
10026571,50.0,41,57,1.0,1,1.0,1,0.164
10026572,9.0,8,10,1.0,1,1.0,1,0.111
10026574,8.0,7,9,1.0,1,1.0,1,0.125
10026576,12.333,3,21,1.0,1,1.0,1,0.731
10026577,9.333,9,10,1.0,1,1.0,1,0.062
10026581,1.0,1,1,1.0,1,1.0,1,
10026588,9.333,6,12,1.0,1,1.0,1,0.327
10026598,111.333,87,127,1.0,1,1.0,1,0.192
10026599,13.333,1,25,1.0,1,1.0,1,0.901
10026600,15.5,9,22,1.0,1,1.0,1,0.593
10026601,9.667,1,15,1.0,1,1.0,1,0.783
10026605,1.0,1,1,1.0,1,1.0,1,0.0
10026606,25.667,16,35,1.0,1,1.0,1,0.37
10026607,10.667,10,11,1.0,1,1.0,1,0.054
10027110,52.0,52,52,2.0,2,2.0,2,
10027250,6.0,6,6,1.0,1,1.0,1,0.0
10027383,1.0,1,1,1.0,1,1.0,1,
10027501,1.0,1,1,1.0,1,1.0,1,0.0
10027505,25021.0,21783,28871,30.667,35,30.667,35,0.143
10027506,42.0,33,48,1.0,1,1.0,1,0.189
10027507,19.667,1,32,1.0,1,1.0,1,0.836
10027508,3.667,3,4,1.0,1,1.0,1,0.157
10027510,61.333,58,63,1.0,1,1.0,1,0.047
10027511,30.0,1,48,1.0,1,1.0,1,0.845
10027512,17101.0,10546,24489,23.667,34,23.667,34,0.41
10027520,3.0,3,3,1.0,1,1.0,1,0.0
10027522,1.0,1,1,1.0,1,1.0,1,
10027523,8125.0,7391,8577,13.667,15,13.667,15,0.079
10027524,1332.667,891,1606,3.333,4,3.333,4,0.29
10027525,4478.333,3448,5150,5.667,7,5.667,7,0.202
10027526,29.333,10,52,1.0,1,1.0,1,0.723
10027527,21.667,20,23,1.0,1,1.0,1,0.071
10027528,87.667,71,97,1.0,1,1.0,1,0.165
10027529,29.667,22,38,1.0,1,1.0,1,0.27
10027530,28406.667,14857,42235,11.333,16,11.333,16,0.482
10027531,499.667,467,528,1.0,1,1.0,1,0.062
10027532,139.333,133,152,1.0,1,1.0,1,0.079
10027533,1104.0,872,1502,2.333,3,2.333,3,0.314
10027535,45.667,43,49,1.333,2,1.333,2,0.067
10027536,8114.333,7390,8928,5.0,6,5.0,6,0.095
10027538,17818.667,11952,25118,6.667,9,6.333,9,0.376
10027539,13295.333,11158,17239,6.0,7,6.0,7,0.257
10027540,5363.333,4172,7226,4.333,5,4.333,5,0.305
10027587,1.0,1,1,1.0,1,1.0,1,
10028031,17.333,16,20,1.0,1,1.0,1,0.133
10028044,6.0,6,6,1.0,1,1.0,1,0.0
10028046,89.333,43,124,1.0,1,1.0,1,0.467
10028484,49.0,41,53,1.0,1,1.0,1,0.141
10028629,6.0,6,6,1.0,1,1.0,1,0.0
10028788,20.667,20,21,1.0,1,1.0,1,0.028
10028937,39.667,25,53,1.333,2,1.333,2,0.354
10029225,43.0,4,65,1.0,1,1.0,1,0.788
10029476,1.0,1,1,1.0,1,1.0,1,0.0
10029577,227.667,172,286,1.0,1,1.0,1,0.251
10029578,18.0,9,30,1.0,1,1.0,1,0.601
10029903,16.667,10,30,1.0,1,1.0,1,0.693
10029904,45.333,32,52,1.0,1,1.0,1,0.255
10030813,15.0,15,15,1.0,1,1.0,1,0.0
10030961,12.0,12,12,1.0,1,1.0,1,0.0
10031035,3.0,3,3,1.0,1,1.0,1,0.0
10031036,4.0,4,4,1.0,1,1.0,1,0.0
10031253,2.0,2,2,1.0,1,1.0,1,0.0
10031264,645.333,612,682,164.0,173,163.667,172,0.054
10031265,417.333,379,470,105.333,119,105.333,119,0.113
10031979,6.0,6,6,1.0,1,1.0,1,
10031980,2.0,1,3,1.0,1,1.0,1,0.707
10032057,21.0,13,25,1.0,1,1.0,1,0.33
10032058,11.0,11,11,2.0,2,2.0,2,0.0
10032063,20.333,17,26,1.0,1,1.0,1,0.243
10032064,25.333,24,26,1.333,2,1.333,2,0.046
10032069,2.0,2,2,1.0,1,1.0,1,0.0
10032160,1.0,1,1,1.0,1,1.0,1,0.0
10032237,1.667,1,2,1.0,1,1.0,1,0.346
10032238,1.0,1,1,1.0,1,1.0,1,0.0
10032243,5.333,5,6,1.0,1,1.0,1,0.108
10032244,1.0,1,1,1.0,1,1.0,1,0.0
10032291,1.0,1,1,1.0,1,1.0,1,0.0
10032292,1.0,1,1,1.0,1,1.0,1,0.0
10032304,1.0,1,1,1.0,1,1.0,1,
10032582,7.667,6,11,1.0,1,1.0,1,0.377
10033919,2.0,2,2,1.0,1,1.0,1,0.0
10033921,15.333,12,18,1.0,1,1.0,1,0.199
10033936,42.667,41,46,1.0,1,1.0,1,0.068
10034078,12.333,12,13,1.0,1,1.0,1,0.047
10034079,12.0,12,12,1.0,1,1.0,1,
10034080,1.0,1,1,1.0,1,1.0,1,
10034081,47.333,44,50,1.0,1,1.0,1,0.065
10034084,47.0,47,47,1.0,1,1.0,1,0.0
10034085,40.333,31,46,1.0,1,1.0,1,0.202
10034222,2.0,2,2,1.0,1,1.0,1,
10034224,131.667,115,140,2.0,2,2.0,2,0.11
10034227,56.0,56,56,1.0,1,1.0,1,0.0
10034525,3860.0,3498,4148,14.333,16,14.333,16,0.086
10034526,2721.333,2337,3079,18.667,20,18.0,19,0.137
10034527,601.333,447,815,6.0,7,5.333,6,0.318
10034528,799.333,615,1081,12.333,17,12.333,17,0.31
10034529,6374.333,5673,7172,42.0,47,38.333,41,0.118
10034530,3505.0,3070,3837,52.333,54,50.333,54,0.112
10034595,7382.0,7140,7866,5.0,5,5.0,5,0.057
10034685,32.667,29,37,1.0,1,1.0,1,0.124
10034686,490.667,443,574,1.0,1,1.0,1,0.148
10034691,12.0,12,12,1.0,1,1.0,1,
10034702,1.0,1,1,1.0,1,1.0,1,0.0
10034716,98.333,61,160,1.0,1,1.0,1,0.547
10034717,31.333,26,40,1.0,1,1.0,1,0.242
10034718,27.0,17,32,1.0,1,1.0,1,0.321
10034720,3.0,3,3,1.0,1,1.0,1,0.0
10034722,4.667,4,5,1.0,1,1.0,1,0.124
10034733,2.0,2,2,1.0,1,1.0,1,0.0
10034750,99.0,51,130,1.0,1,1.0,1,0.426
10034751,71.0,5,127,1.0,1,1.0,1,0.868
10034752,19.0,19,19,1.0,1,1.0,1,0.0
10034753,21.667,18,26,1.0,1,1.0,1,0.187
10034755,5.667,5,6,1.0,1,1.0,1,0.102
10034778,5.667,4,8,1.0,1,1.0,1,0.367
10034780,1.0,1,1,1.0,1,1.0,1,
10034785,2.0,2,2,1.0,1,1.0,1,0.0
10034786,14.0,8,17,1.0,1,1.0,1,0.371
10034792,5.0,4,6,1.0,1,1.0,1,0.2
10035551,34.667,28,38,1.0,1,1.0,1,0.167
10035552,19.0,17,20,1.0,1,1.0,1,0.091
10035553,41.667,23,54,1.0,1,1.0,1,0.395
10035554,216.333,145,270,1.0,1,1.0,1,0.297
10035559,35.0,25,52,1.0,1,1.0,1,0.423
10035560,18.333,18,19,1.0,1,1.0,1,0.031
10035757,191.667,151,213,1.0,1,1.0,1,0.184
10035758,186.0,171,205,1.333,2,1.333,2,0.093
10035837,14.667,2,27,2.0,2,2.0,2,0.852
10035838,18.667,4,33,1.0,1,1.0,1,0.777
10035839,30.0,25,35,2.0,2,2.0,2,0.167
10035840,14.0,5,25,1.0,1,1.0,1,0.725
10035842,1.0,1,1,1.0,1,1.0,1,0.0
10035846,1.0,1,1,1.0,1,1.0,1,0.0
10036060,78.667,61,90,1.0,1,1.0,1,0.197
10036065,29.0,17,45,1.0,1,1.0,1,0.497
10036069,1.0,1,1,1.0,1,1.0,1,
10036074,457.667,266,669,1.0,1,1.0,1,0.442
10036078,74.0,72,75,1.0,1,1.0,1,0.023
10036082,3.0,3,3,1.0,1,1.0,1,0.0
10036083,1.0,1,1,1.0,1,1.0,1,
10036084,27.0,21,34,1.0,1,1.0,1,0.243
10036122,15.667,10,21,1.0,1,1.0,1,0.352
10036123,18.667,10,29,1.0,1,1.0,1,0.515
10036124,1.0,1,1,1.0,1,1.0,1,0.0
10036211,2839.333,2605,3060,8.667,10,7.333,8,0.08
10036216,30.667,18,38,1.0,1,1.0,1,0.359
10036217,17.5,17,18,1.0,1,1.0,1,0.04
10036218,15.333,14,18,1.0,1,1.0,1,0.151
10036219,83.0,65,92,1.0,1,1.0,1,0.188
10036435,4692.667,3931,5296,10.0,11,10.0,11,0.148
10036953,22.333,21,25,1.0,1,1.0,1,0.103
10036954,42.667,41,46,1.0,1,1.0,1,0.068
10037009,26.667,9,48,1.0,1,1.0,1,0.741
10037167,4.667,4,5,1.0,1,1.0,1,0.124
10037188,1810.0,1000,2215,2.0,2,2.0,2,0.388
10037191,3668.0,3607,3736,1.333,2,1.333,2,0.018
10037193,15.667,2,33,1.0,1,1.0,1,1.01
10037195,286.0,86,686,1.667,3,1.667,3,1.211
10037196,614.0,604,624,3.0,3,3.0,3,0.016
10037199,2434.0,2204,2804,3.0,3,3.0,3,0.133
10037200,1434.333,1340,1509,2.0,2,2.0,2,0.06
10037201,5149.333,4903,5424,19.333,20,19.333,20,0.051
10037203,6740.0,6721,6752,22.0,22,22.0,22,0.002
10037204,425.333,324,476,1.333,2,1.333,2,0.206
10037663,6.0,5,7,1.0,1,1.0,1,0.167
10037664,9.667,6,15,1.0,1,1.0,1,0.489
10037665,3.0,1,4,1.0,1,1.0,1,0.577
10037666,1.0,1,1,1.0,1,1.0,1,
10037669,1.0,1,1,1.0,1,1.0,1,0.0
10037670,7.5,6,9,1.0,1,1.0,1,0.283
10037673,4.333,1,6,1.0,1,1.0,1,0.666
10037675,7.667,5,13,2.333,3,1.667,2,0.602
10037676,1.0,1,1,1.0,1,1.0,1,0.0
10037677,5.667,5,7,1.0,1,1.0,1,0.204
10037679,1.0,1,1,1.0,1,1.0,1,
10037681,1.0,1,1,1.0,1,1.0,1,0.0
10037682,16.667,16,18,1.0,1,1.0,1,0.069
10037683,6.5,6,7,1.0,1,1.0,1,0.109
10037687,23.667,21,26,1.0,1,1.0,1,0.106
10037688,37.667,20,59,1.333,2,1.333,2,0.525
10037689,24.333,24,25,1.0,1,1.0,1,0.024
10037690,5.5,5,6,1.0,1,1.0,1,0.129
10037691,11.333,10,12,1.0,1,1.0,1,0.102
10037692,2.0,2,2,1.0,1,1.0,1,0.0
10037693,12.0,2,18,1.0,1,1.0,1,0.726
10037694,22.333,2,43,1.0,1,1.0,1,0.918
10037695,31.667,10,43,1.0,1,1.0,1,0.593
10037696,6.333,6,7,1.0,1,1.0,1,0.091
10037697,6.5,5,8,1.0,1,1.0,1,0.326
10037698,2.333,1,3,1.0,1,1.0,1,0.495
10037699,12.0,9,14,1.0,1,1.0,1,0.22
10037700,7.0,1,13,1.0,1,1.0,1,1.212
10037701,6.0,6,6,1.0,1,1.0,1,0.0
10037702,1.5,1,2,1.0,1,1.0,1,0.471
10037703,3.333,1,6,1.0,1,1.0,1,0.755
10037704,3.0,3,3,1.0,1,1.0,1,0.0
10037707,4.667,3,7,1.0,1,1.0,1,0.446
10037708,8.0,7,9,1.0,1,1.0,1,0.177
10037709,1.5,1,2,1.0,1,1.0,1,0.471
10037711,10.333,5,17,1.0,1,1.0,1,0.591
10037712,6.333,3,8,1.0,1,1.0,1,0.456
10037720,1.0,1,1,1.0,1,1.0,1,0.0
10037725,9.5,9,10,1.0,1,1.0,1,0.074
10037726,14.0,10,17,1.0,1,1.0,1,0.258
10037727,5.5,1,10,1.0,1,1.0,1,1.157
10037731,3.0,2,4,1.0,1,1.0,1,0.333
10037737,8.667,7,12,1.0,1,1.0,1,0.333
10037738,8.5,8,9,1.0,1,1.0,1,0.083
10037747,1.0,1,1,1.0,1,1.0,1,0.0
10037870,6.0,5,7,1.0,1,1.0,1,0.167
10037871,8.5,3,14,1.0,1,1.0,1,0.915
10037872,8.333,7,11,1.0,1,1.0,1,0.277
10037873,6.333,5,7,1.0,1,1.0,1,0.182
10037874,48.0,38,63,1.0,1,1.0,1,0.276
10037875,5.667,5,6,1.0,1,1.0,1,0.102
10037877,4.0,1,8,1.0,1,1.0,1,0.901
10037878,6.0,6,6,1.0,1,1.0,1,0.0
10037879,15.667,4,26,1.0,1,1.0,1,0.706
10037880,6.667,2,13,1.0,1,1.0,1,0.853
10037881,2.0,2,2,1.0,1,1.0,1,0.0
10037886,96.333,83,114,2.0,2,2.0,2,0.166
10037887,47.667,38,61,1.0,1,1.0,1,0.25
10037888,3.667,3,4,1.0,1,1.0,1,0.157
10037889,535.667,343,684,1.0,1,1.0,1,0.326
10037890,25.0,11,52,1.0,1,1.0,1,0.936
10037891,50.333,41,61,1.0,1,1.0,1,0.2
10037893,8.0,8,8,1.0,1,1.0,1,0.0
10038248,100.333,87,121,1.0,1,1.0,1,0.181
10038260,3.5,1,6,1.0,1,1.0,1,1.01
10038261,8.0,4,12,1.0,1,1.0,1,0.707
10038271,25.333,17,30,1.0,1,1.0,1,0.286
10038290,1.0,1,1,1.0,1,1.0,1,
10038602,30.0,30,30,1.0,1,1.0,1,0.0
10038869,45.333,32,59,1.0,1,1.0,1,0.298
10038870,2.0,2,2,1.0,1,1.0,1,
10038871,77.333,22,112,1.0,1,1.0,1,0.626
10039084,5.0,3,6,1.0,1,1.0,1,0.346
10039561,5.667,4,8,1.0,1,1.0,1,0.367
10039564,6.5,6,7,1.0,1,1.0,1,0.109
10039566,44.333,43,45,1.0,1,1.0,1,0.026
10039567,2.333,1,4,1.0,1,1.0,1,0.655
10039645,1.0,1,1,1.0,1,1.0,1,
10039685,3.5,3,4,1.0,1,1.0,1,0.202
10039693,10.0,8,12,1.0,1,1.0,1,0.283
10039870,4.0,3,5,1.667,2,1.667,2,0.25
10040270,2.0,2,2,1.0,1,1.0,1,
10040539,1.0,1,1,1.0,1,1.0,1,0.0
10040671,3.0,3,3,1.0,1,1.0,1,0.0
10040747,235.0,170,300,1.0,1,1.0,1,0.391
10040925,3.0,3,3,1.0,1,1.0,1,0.0
10041605,29.333,29,30,1.0,1,1.0,1,0.02
10041615,18.0,1,51,1.0,1,1.0,1,1.588
10041637,2.0,1,3,1.0,1,1.0,1,0.5
10041641,2.0,2,2,1.0,1,1.0,1,0.0
10041696,1.0,1,1,1.0,1,1.0,1,0.0
10041723,10.667,8,13,1.0,1,1.0,1,0.236
10041724,3.0,1,5,1.0,1,1.0,1,0.943
10041735,7.333,1,12,1.0,1,1.0,1,0.775
10041737,1.0,1,1,1.0,1,1.0,1,
10041738,9.0,5,11,1.0,1,1.0,1,0.385
10041742,3.667,3,4,1.0,1,1.0,1,0.157
10041769,10.0,7,14,1.0,1,1.0,1,0.361
10041792,1.0,1,1,1.0,1,1.0,1,0.0
10041839,2.0,2,2,1.0,1,1.0,1,0.0
10041840,3.5,3,4,1.0,1,1.0,1,0.202
10041843,1.0,1,1,1.0,1,1.0,1,
10041844,5.0,5,5,1.0,1,1.0,1,0.0
10041853,5.0,5,5,1.0,1,1.0,1,0.0
10041856,1.0,1,1,1.0,1,1.0,1,0.0
10041893,4.0,4,4,1.0,1,1.0,1,0.0
10042440,7.0,7,7,1.0,1,1.0,1,0.0
10042927,29.667,29,30,1.0,1,1.0,1,0.019
10042928,8.0,4,11,1.0,1,1.0,1,0.451
10042930,4.0,4,4,1.0,1,1.0,1,
10043583,6.333,6,7,1.0,1,1.0,1,0.091
10043584,5.333,1,11,1.0,1,1.0,1,0.962
10043585,4.0,4,4,1.0,1,1.0,1,0.0
10043586,4.333,1,11,1.0,1,1.0,1,1.332
10045166,1.0,1,1,1.0,1,1.0,1,
10045510,9.333,2,15,1.0,1,1.0,1,0.713
10045518,8.333,8,9,1.0,1,1.0,1,0.069
10045519,9.0,9,9,1.0,1,1.0,1,
10045570,19.0,19,19,1.0,1,1.0,1,0.0
10045574,941.0,898,976,3.667,4,3.667,4,0.042
10045575,430.333,430,431,2.333,3,2.333,3,0.001
10045576,663.667,644,680,5.0,6,4.667,5,0.027
10045577,219.333,156,345,1.333,2,1.333,2,0.496
10046001,17.333,12,23,1.0,1,1.0,1,0.318
10046004,6.667,2,14,1.0,1,1.0,1,0.964
10046438,94.333,92,98,2.0,2,2.0,2,0.034
10046909,25.333,22,29,2.0,2,2.0,2,0.139
10048006,4.0,4,4,1.0,1,1.0,1,0.0
10048032,7.333,6,8,1.0,1,1.0,1,0.157
10048105,1.0,1,1,1.0,1,1.0,1,0.0
10048121,2.0,2,2,1.0,1,1.0,1,0.0
10048508,1.0,1,1,1.0,1,1.0,1,0.0
10048592,934.333,765,1077,234.667,271,231.333,261,0.169
10048861,5.0,5,5,1.0,1,1.0,1,
10048894,20.0,20,20,1.0,1,1.0,1,0.0
10049035,31.0,26,34,1.0,1,1.0,1,0.141
10049037,9.0,9,9,1.0,1,1.0,1,0.0
10049048,1.0,1,1,1.0,1,1.0,1,0.0
10049051,2.0,1,3,1.0,1,1.0,1,0.707
10049052,5.0,3,7,1.0,1,1.0,1,0.4
10049057,2.0,2,2,1.0,1,1.0,1,0.0
10049073,50.0,50,50,1.0,1,1.0,1,0.0
10049103,28.333,25,35,1.0,1,1.0,1,0.204
10049367,19.0,19,19,1.0,1,1.0,1,0.0
10049370,231.0,231,231,1.0,1,1.0,1,0.0
10049371,20.0,20,20,1.0,1,1.0,1,0.0
10049372,18.0,18,18,1.0,1,1.0,1,0.0
10049375,20.0,20,20,1.0,1,1.0,1,0.0
10049376,10.0,10,10,1.0,1,1.0,1,0.0
10049377,12.0,12,12,1.0,1,1.0,1,0.0
10049378,19.0,19,19,1.0,1,1.0,1,0.0
10049379,19.0,19,19,1.0,1,1.0,1,0.0
10049384,456.333,406,482,1.333,2,1.333,2,0.096
10049385,140.0,120,150,1.0,1,1.0,1,0.124
10049397,29.333,16,36,1.0,1,1.0,1,0.394
10049398,9.333,6,16,1.0,1,1.0,1,0.619
10049481,85.333,82,87,1.0,1,1.0,1,0.034
10049510,4.0,4,4,1.0,1,1.0,1,0.0
10049531,233.667,1,400,1.0,1,1.0,1,0.888
10049537,14.667,11,17,1.0,1,1.0,1,0.219
10049543,2.5,2,3,1.0,1,1.0,1,0.283
10049544,2.667,1,5,1.0,1,1.0,1,0.781
10049545,10.333,9,11,1.0,1,1.0,1,0.112
10049590,1.0,1,1,1.0,1,1.0,1,0.0
10049635,1.0,1,1,1.0,1,1.0,1,0.0
10049713,7.333,7,8,1.0,1,1.0,1,0.079
10049719,2.0,2,2,1.0,1,1.0,1,
10049721,1.667,1,3,1.0,1,1.0,1,0.693
10049730,344.0,344,344,1.0,1,1.0,1,0.0
10049734,25.0,25,25,1.0,1,1.0,1,0.0
10049749,2.0,2,2,1.0,1,1.0,1,
10049762,5.0,5,5,1.0,1,1.0,1,
10049767,6.0,2,10,1.0,1,1.0,1,0.943
10049776,22.333,15,29,1.0,1,1.0,1,0.314
10049777,12.0,12,12,1.0,1,1.0,1,0.0
10049907,82.333,73,88,1.0,1,1.0,1,0.099
10049908,103.333,45,144,1.0,1,1.0,1,0.501
3461755,6.0,6,6,1.0,1,1.0,1,0.0
3462834,3.333,2,4,1.0,1,1.0,1,0.346
3462835,6.667,6,7,1.0,1,1.0,1,0.087
3591008300,3119.0,2769,3569,6.0,7,6.0,7,0.131
3591008400,4078.0,3718,4438,5.333,6,5.333,6,0.088
3591013000,4.0,4,4,1.0,1,1.0,1,0.0
3592566410,7.0,7,7,1.0,1,1.0,1,0.0
3592828090,4000.0,2800,5200,2.333,3,2.333,3,0.3
3592829090,88.0,88,88,1.0,1,1.0,1,0.0
3592830060,62.667,46,71,1.0,1,1.0,1,0.23
3592830090,333.333,200,500,1.0,1,1.0,1,0.458
3614911030,950.0,950,950,1.0,1,1.0,1,
3614913000,500.0,500,500,1.0,1,1.0,1,
3614913010,2405.0,2005,2705,1.0,1,1.0,1,0.15
3614913020,234.333,3,400,1.0,1,1.0,1,0.881
3614913030,800.0,600,1000,1.0,1,1.0,1,0.354
3614913040,433.333,200,600,1.0,1,1.0,1,0.48
3614913050,265.0,210,320,1.0,1,1.0,1,0.294
3614913060,93.333,40,200,1.0,1,1.0,1,0.99
3614917040,251.667,103,426,1.0,1,1.0,1,0.648
3624913020,1933.333,800,2500,1.0,1,1.0,1,0.508
3624923020,333.333,200,400,1.0,1,1.0,1,0.346
3645115000,2650.0,2650,2650,1.0,1,1.0,1,0.0
3651008100,2408.0,2408,2408,1.0,1,1.0,1,0.0
3670000029,7866.667,7500,8350,1.0,1,1.0,1,0.056
3670000034,376.0,376,376,1.0,1,1.0,1,0.0
3670000056,1600.0,1600,1600,1.0,1,1.0,1,0.0
3670000084,812.0,812,812,1.0,1,1.0,1,0.0
3670000089,410.0,410,410,1.0,1,1.0,1,0.0
3670000092,6346.667,6180,6430,2.0,2,2.0,2,0.023
3670000110,4460.0,4360,4560,2.0,2,2.0,2,0.022
3670000112,434.667,428,448,1.0,1,1.0,1,0.027
3670000130,2225.0,1825,2425,2.0,2,2.0,2,0.156
3670000302,510.0,270,750,5.0,7,5.0,7,0.471
3670000307,879.0,180,1557,5.0,9,5.0,9,0.784
3670000315,3680.0,2880,5280,2.333,3,2.333,3,0.377
3670000316,2420.0,1300,3460,3.0,4,3.0,4,0.447
3670000320,1260.0,1260,1260,6.0,6,6.0,6,
3670000327,1828.333,1335,2635,8.333,12,8.333,12,0.385
3670000333,1113.0,775,1282,2.667,3,2.667,3,0.263
3670000334,406.333,333,553,2.333,3,2.333,3,0.313
3670000336,1893.333,1560,2060,2.0,2,2.0,2,0.152
3670000338,5176.0,4189,5923,3.667,4,3.667,4,0.172
3670000339,28.667,23,32,3.667,4,3.667,4,0.172
3670000361,2413.333,2340,2450,5.667,6,5.667,6,0.026
3670000364,676.667,340,1000,2.333,3,2.333,3,0.488
3671754000,2487.667,2421,2521,1.0,1,1.0,1,0.023
3675541000,1002.667,936,1136,1.0,1,1.0,1,0.115
3683893030,100.0,100,100,1.0,1,1.0,1,
3683893040,100.0,100,100,1.0,1,1.0,1,
3683893060,141.0,141,141,1.0,1,1.0,1,0.0
3683981050,200.0,200,200,1.0,1,1.0,1,0.0
3684913080,200.0,200,200,1.0,1,1.0,1,
3684913130,122.0,122,122,1.0,1,1.0,1,0.0
3684913140,50.0,50,50,1.0,1,1.0,1,
3684923030,1732.333,1163,2261,1.0,1,1.0,1,0.318
3684923060,162.667,122,244,1.333,2,1.333,2,0.433
3684923070,127.0,127,127,1.0,1,1.0,1,0.0
3684923080,600.0,600,600,1.0,1,1.0,1,0.0
3684923100,122.0,122,122,1.0,1,1.0,1,0.0
3684923130,450.0,300,600,1.0,1,1.0,1,0.471
3701435006,657.0,657,657,1.0,1,1.0,1,0.0
3704920537,130.0,130,130,1.0,1,1.0,1,0.0
3706602310,219.333,186,236,1.0,1,1.0,1,0.132
3714109171,166.667,100,300,1.333,2,1.333,2,0.693
3714913005,12480.0,10800,15000,7.0,8,7.0,8,0.178
3714923055,3833.0,3098,4567,4.667,5,4.667,5,0.192
3714926055,1092.667,958,1358,2.0,2,2.0,2,0.21
3714989055,98.0,98,98,1.0,1,1.0,1,0.0
3724917000,1.0,1,1,1.0,1,1.0,1,0.0
3724918000,480.0,480,480,1.0,1,1.0,1,
3724923000,295.0,295,295,1.0,1,1.0,1,0.0
3733981190,3252.667,2836,3586,1.0,1,1.0,1,0.117
3733981910,201.667,105,315,1.0,1,1.0,1,0.526
3733983920,2133.333,2050,2250,1.0,1,1.0,1,0.049
3733983930,266.667,200,350,1.0,1,1.0,1,0.286
3733983940,283.333,200,400,1.0,1,1.0,1,0.367
3733991900,2000.0,2000,2000,1.0,1,1.0,1,0.0
3733991910,74.0,74,74,1.0,1,1.0,1,0.0
3733996910,500.0,500,500,1.0,1,1.0,1,0.0
3733996920,283.0,283,283,1.0,1,1.0,1,0.0
3733996930,235.0,235,235,1.0,1,1.0,1,0.0
3734913500,1000.0,1000,1000,1.0,1,1.0,1,0.0
3734913600,833.333,500,1000,1.0,1,1.0,1,0.346
3734923900,766.667,650,1000,1.0,1,1.0,1,0.264
7066910070,150.0,150,150,1.0,1,1.0,1,
7170014,25.0,25,25,1.333,2,1.333,2,0.0
7170015,15.667,15,16,2.0,2,2.0,2,0.037
7170016,17.0,17,17,1.0,1,1.0,1,0.0
7170057,51.333,14,70,1.0,1,1.0,1,0.63
7170113,338.667,332,352,1.0,1,1.0,1,0.034
7170222,4551.667,4146,5003,1.0,1,1.0,1,0.095
7170233,376.0,288,421,1.0,1,1.0,1,0.203
7170234,173.0,78,335,1.0,1,1.0,1,0.815
7170344,264.333,247,284,1.0,1,1.0,1,0.07
7170345,488.0,357,568,1.0,1,1.0,1,0.234
7170346,1.0,1,1,1.0,1,1.0,1,0.0
7170347,263.667,219,296,1.333,2,1.333,2,0.152
7170372,1.0,1,1,1.0,1,1.0,1,
7170373,388.667,244,474,1.0,1,1.0,1,0.324
7170379,263.0,213,313,1.0,1,1.0,1,0.19
7170381,40.333,40,41,1.0,1,1.0,1,0.014
7170382,185.0,172,201,1.0,1,1.0,1,0.08
7170389,226.333,116,400,1.333,2,1.333,2,0.673
7170397,282.0,282,282,1.0,1,1.0,1,0.0
7170400,111.0,111,111,1.0,1,1.0,1,0.0
7171049,921.0,921,921,2.0,2,2.0,2,0.0
7172200,4.0,4,4,1.0,1,1.0,1,0.0
7185014,67.667,66,71,1.0,1,1.0,1,0.043
7225013,1340.0,1080,1800,2.0,3,2.0,3,0.298
7225014,2340.0,1620,3000,3.333,4,3.333,4,0.296
7225016,391.667,350,425,1.0,1,1.0,1,0.098
7225106,312.333,306,325,1.0,1,1.0,1,0.035
7225107,222.667,195,242,1.0,1,1.0,1,0.11
7225108,1363.333,1360,1367,3.0,3,3.0,3,0.003
7225109,325.333,247,367,1.667,2,1.667,2,0.209
7225120,693.333,414,946,2.0,2,2.0,2,0.385
7225121,399.667,267,539,1.333,2,1.333,2,0.341
7225122,157.0,157,157,1.0,1,1.0,1,
7225123,386.667,266,497,1.667,2,1.667,2,0.3
7225124,19.0,19,19,1.0,1,1.0,1,0.0
7225125,225.667,159,259,1.0,1,1.0,1,0.256
7225500,3.0,3,3,1.0,1,1.0,1,0.0
7225508,4.333,1,6,1.0,1,1.0,1,0.666
7225512,2.0,2,2,1.0,1,1.0,1,0.0
7225524,8.5,6,11,1.0,1,1.0,1,0.416
7225532,35.333,30,46,1.0,1,1.0,1,0.261
7225536,1.0,1,1,1.0,1,1.0,1,0.0
7225540,37.667,31,49,1.0,1,1.0,1,0.262
7225580,2.0,2,2,1.0,1,1.0,1,0.0
7225584,3.0,3,3,1.0,1,1.0,1,0.0
7225602,9.0,9,9,1.0,1,1.0,1,0.0
7226831,18.333,16,21,1.0,1,1.0,1,0.137
7226832,3.0,3,3,1.0,1,1.0,1,
7226833,12.0,3,21,1.5,2,1.5,2,1.061
7262011,21.0,3,53,1.0,1,1.0,1,1.323
7262013,108.667,4,309,1.0,1,1.0,1,1.597
7262014,17.333,13,26,1.0,1,1.0,1,0.433
7262016,87.667,57,145,1.0,1,1.0,1,0.567
7262018,341.333,310,403,1.0,1,1.0,1,0.156
7262033,51.667,45,55,1.0,1,1.0,1,0.112
7262053,5.333,4,7,1.0,1,1.0,1,0.286
7262091,21.0,21,21,1.0,1,1.0,1,0.0
7262093,24.0,4,60,1.0,1,1.0,1,1.302
7262094,5.0,5,5,1.0,1,1.0,1,
7262117,19.0,3,51,1.0,1,1.0,1,1.459
7262118,21.0,21,21,1.0,1,1.0,1,0.0
7262215,1109.333,1022,1268,3.0,4,3.0,4,0.124
7262220,22.0,22,22,1.0,1,1.0,1,0.0
7262222,15.333,14,16,1.0,1,1.0,1,0.075
7262320,22.667,9,33,1.0,1,1.0,1,0.545
7262435,267.0,217,343,2.333,3,2.333,3,0.251
7262531,201.0,171,242,1.333,2,1.333,2,0.183
7262535,1001.333,907,1054,3.333,4,3.333,4,0.082
7262660,32.0,32,32,1.0,1,1.0,1,0.0
7262661,37.0,37,37,1.0,1,1.0,1,0.0
7262666,18.0,18,18,1.0,1,1.0,1,0.0
7262667,6.0,6,6,1.0,1,1.0,1,0.0
7263435,17.333,17,18,1.0,1,1.0,1,0.033
7263535,95.0,73,129,1.667,3,1.667,3,0.314
7264600,9.667,6,12,1.0,1,1.0,1,0.333
7264601,9.667,3,13,1.0,1,1.0,1,0.597
7264602,10.0,10,10,1.0,1,1.0,1,0.0
7264603,16.0,16,16,1.0,1,1.0,1,0.0
7264604,9.0,5,16,1.0,1,1.0,1,0.676
7264605,12.333,11,15,1.333,2,1.333,2,0.187
7264610,12.667,12,13,1.0,1,1.0,1,0.046
7264611,12.0,12,12,1.0,1,1.0,1,0.0
7264614,127.667,120,133,1.333,2,1.333,2,0.053
7264615,28.333,18,36,1.333,2,1.333,2,0.328
7264620,13.333,13,14,1.0,1,1.0,1,0.043
7264621,10.0,10,10,1.0,1,1.0,1,0.0
7264624,89.0,89,89,1.0,1,1.0,1,0.0
7264625,20.0,20,20,1.0,1,1.0,1,0.0
7265614,16.333,15,17,1.0,1,1.0,1,0.071
7265615,2.5,2,3,1.0,1,1.0,1,0.283
7266445,197.667,159,232,1.333,2,1.333,2,0.186
7266446,59.0,50,74,1.0,1,1.0,1,0.222
7266545,779.0,680,885,3.667,4,3.667,4,0.132
7266546,443.667,242,845,1.667,3,1.667,3,0.783
7266551,65.0,59,74,1.0,1,1.0,1,0.122
7266553,15.0,15,15,1.0,1,1.0,1,0.0
7266554,2.0,2,2,1.0,1,1.0,1,0.0
7266556,2.0,2,2,1.0,1,1.0,1,0.0
7266558,22.0,22,22,1.0,1,1.0,1,0.0
7266601,12.333,10,17,1.0,1,1.0,1,0.328
7266603,20.0,14,32,1.0,1,1.0,1,0.52
7266604,12.333,1,33,1.0,1,1.0,1,1.453
7266606,8.0,1,15,1.0,1,1.0,1,0.875
7266608,30.0,24,35,1.0,1,1.0,1,0.186
7266609,2.5,1,4,1.0,1,1.0,1,0.849
7266619,14.333,14,15,1.0,1,1.0,1,0.04
7266805,59.667,44,70,1.0,1,1.0,1,0.231
7266807,27.0,27,27,1.0,1,1.0,1,0.0
7266905,32.333,2,54,1.0,1,1.0,1,0.837
7266907,35.667,35,37,1.0,1,1.0,1,0.032
7267435,12.333,12,13,1.0,1,1.0,1,0.047
7267535,54.333,23,93,1.333,2,1.333,2,0.655
7267805,4.0,4,4,1.0,1,1.0,1,0.0
7267808,20.0,20,20,1.0,1,1.0,1,0.0
7267905,41.333,41,42,1.0,1,1.0,1,0.014
7268500,5.333,5,6,1.0,1,1.0,1,0.108
7268501,20.0,15,23,1.0,1,1.0,1,0.218
7268502,7.0,7,7,1.0,1,1.0,1,0.0
7268503,20.0,20,20,1.0,1,1.0,1,0.0
7268570,98.0,48,163,1.333,2,1.333,2,0.602
7268571,13.333,12,15,1.0,1,1.0,1,0.115
7268572,73.667,39,101,1.333,2,1.333,2,0.43
7268573,22.0,22,22,1.0,1,1.0,1,0.0
7269570,23.0,23,23,1.0,1,1.0,1,0.0
7269572,22.0,22,22,1.0,1,1.0,1,0.0
7270435,24.667,24,25,1.0,1,1.0,1,0.023
7270535,35.333,34,36,1.0,1,1.0,1,0.033
7271535,1.0,1,1,1.0,1,1.0,1,0.0
7272215,124.667,85,167,1.0,1,1.0,1,0.329
7272220,22.0,22,22,1.0,1,1.0,1,0.0
7272320,10.0,9,11,1.0,1,1.0,1,0.1
7272435,35.333,28,47,1.0,1,1.0,1,0.289
7272535,336.333,278,379,2.0,2,2.0,2,0.155
7272660,14.667,14,15,1.0,1,1.0,1,0.039
7272661,5.0,3,8,1.0,1,1.0,1,0.529
7273215,217.667,171,256,1.333,2,1.333,2,0.198
7273435,21.667,15,32,1.333,2,1.333,2,0.419
7273535,147.333,95,200,1.333,2,1.333,2,0.356
7273657,14.0,14,14,1.0,1,1.0,1,0.0
7273658,54.333,44,60,1.0,1,1.0,1,0.165
7273659,22.333,21,25,1.0,1,1.0,1,0.103
7273660,9.0,9,9,1.0,1,1.0,1,0.0
7273661,16.0,16,16,1.0,1,1.0,1,0.0
7274005,2.667,2,4,1.0,1,1.0,1,0.433
7275535,139.333,122,154,1.667,3,1.667,3,0.116
7276535,3.0,3,3,1.0,1,1.0,1,0.0
7277535,46.333,43,48,1.0,1,1.0,1,0.062
7280990000,531.0,531,531,1.0,1,1.0,1,
7302287,1360.0,1140,1620,1.0,1,1.0,1,0.178
7302289,1780.0,1500,2160,2.0,3,2.0,3,0.192
7326050,18.667,3,40,1.0,1,1.0,1,1.025
7326052,45.667,27,63,1.667,3,1.667,3,0.395
7326122,1960.0,120,3120,2.667,4,2.667,4,0.822
7328201,1420.0,1000,1900,2.333,3,2.333,3,0.319
7348433,260.0,180,300,1.0,1,1.0,1,0.266
7381555,1506.0,1123,1858,2.333,3,2.333,3,0.245
7381556,2.0,2,2,1.0,1,1.0,1,0.0
7381670,6.0,6,6,1.0,1,1.0,1,0.0
7382001,2.0,2,2,1.0,1,1.0,1,0.0
7382003,6.667,5,10,1.333,2,1.333,2,0.433
7385509,75.333,58,108,1.0,1,1.0,1,0.376
7395692,9.0,9,9,1.0,1,1.0,1,0.0
7397903,10.0,10,10,1.0,1,1.0,1,
7398250,26.333,26,27,1.0,1,1.0,1,0.022
7410990121,700.0,600,900,1.0,1,1.0,1,0.247
7410990122,549.0,549,549,1.0,1,1.0,1,0.0
7492690000,96.667,70,150,1.0,1,1.0,1,0.478
7574010,270.0,170,320,1.0,1,1.0,1,0.321
7962001,61.0,52,79,1.333,2,1.333,2,0.256
7962002,25.0,21,32,1.0,1,1.0,1,0.243
7962003,50.667,34,68,1.0,1,1.0,1,0.336
7962006,57.667,22,89,1.0,1,1.0,1,0.585
7962011,11.0,11,11,1.0,1,1.0,1,0.0
7962016,87.0,72,96,1.0,1,1.0,1,0.15
7962019,11.0,11,11,1.0,1,1.0,1,0.0
7962024,12.0,12,12,1.0,1,1.0,1,0.0
7962025,6.0,6,6,1.0,1,1.0,1,0.0
7962026,92.667,90,95,1.0,1,1.0,1,0.027
7962036,7.0,2,17,1.0,1,1.0,1,1.237
7962039,26.667,17,44,1.0,1,1.0,1,0.564
7962040,1.667,1,3,1.0,1,1.0,1,0.693
7962041,68.667,68,69,1.0,1,1.0,1,0.008
7962044,24.0,2,68,1.0,1,1.0,1,1.588
7962045,18.333,15,23,1.0,1,1.0,1,0.227
7962048,13.667,13,14,1.0,1,1.0,1,0.042
7962049,14.0,14,14,1.0,1,1.0,1,0.0
7962050,27.333,26,28,1.0,1,1.0,1,0.042
7962053,71.333,46,87,1.0,1,1.0,1,0.31
7962054,45.0,43,46,1.0,1,1.0,1,0.038
7962057,158.333,84,233,1.333,2,1.333,2,0.471
7962059,128.0,75,183,1.333,2,1.333,2,0.422
7962062,314.667,48,558,1.333,2,1.333,2,0.813
7962063,211.667,170,270,1.0,1,1.0,1,0.246
7962070,265.0,245,305,1.0,1,1.0,1,0.131
7962072,30.0,30,30,1.0,1,1.0,1,0.0
7972001,44.5,42,47,1.0,1,1.0,1,0.079
7972003,5.667,2,12,1.0,1,1.0,1,0.972
7972005,6.333,6,7,1.0,1,1.0,1,0.091
7995723,1.0,1,1,1.0,1,1.0,1,
9000111150,25.0,20,30,1.0,1,1.0,1,0.283
9000111151,205.0,119,369,1.333,2,1.333,2,0.693
9000111220,466.333,163,673,1.333,2,1.333,2,0.576
9000111221,341.333,242,448,1.667,2,1.667,2,0.302
9000134050,1335.333,686,1818,4.0,5,4.0,5,0.437
9000134080,1.0,1,1,1.0,1,1.0,1,
9000190000,1302.0,1217,1382,1.0,1,1.0,1,0.063
9000490010,610.333,593,634,1.0,1,1.0,1,0.035
9000711150,728.0,338,1048,1.333,2,1.333,2,0.495
9000711151,467.0,373,596,1.667,3,1.667,3,0.247
9000711220,197.667,171,221,1.333,2,1.333,2,0.127
9000711221,132.333,103,164,1.0,1,1.0,1,0.231
9000734050,1369.0,976,1612,2.333,3,2.333,3,0.251
9000734051,177.667,38,322,2.333,3,2.333,3,0.8
9000734053,163.333,110,201,1.0,1,1.0,1,0.291
9000734080,254.333,5,706,2.333,4,2.333,4,1.541
9000790000,1046.667,770,1290,1.0,1,1.0,1,0.25
9000790100,3046.667,2630,3360,1.333,2,1.333,2,0.123
9000790200,1947.667,1245,2473,1.0,1,1.0,1,0.325
9001311250,153.333,50,240,1.333,2,1.333,2,0.627
9001311251,21.0,18,25,1.0,1,1.0,1,0.172
9001383220,18.0,18,18,1.0,1,1.0,1,0.0
9001387220,378.0,378,378,2.0,2,2.0,2,
9001390000,151.333,143,166,2.0,2,2.0,2,0.084
9001390100,190.333,166,210,1.0,1,1.0,1,0.118
9001390200,788.0,720,864,1.0,1,1.0,1,0.092
9001611300,140.0,80,203,1.0,1,1.0,1,0.44
9001683220,254.5,178,331,1.0,1,1.0,1,0.425
9001690000,640.333,628,665,1.0,1,1.0,1,0.033
9001690100,214.333,205,220,1.0,1,1.0,1,0.038
9001690200,258.333,226,298,1.0,1,1.0,1,0.142
9002290100,1268.667,1214,1308,1.0,1,1.0,1,0.038
9003804461,46.0,44,49,1.0,1,1.0,1,0.058
9003804462,9.667,7,15,1.0,1,1.0,1,0.478
9003804492,34.0,34,34,1.0,1,1.0,1,0.0
9003890010,10.0,10,10,1.0,1,1.0,1,0.0
9004990350,17.0,7,37,1.0,1,1.0,1,1.019
9005090345,2.0,2,2,1.0,1,1.0,1,0.0
9005304461,2.0,2,2,1.0,1,1.0,1,0.0
9005304462,29.333,9,40,1.0,1,1.0,1,0.601
9005304491,25.0,18,31,1.0,1,1.0,1,0.262
9005304492,4.667,3,8,1.0,1,1.0,1,0.619
9005390010,1.0,1,1,1.0,1,1.0,1,0.0
9005390020,67.667,55,79,1.0,1,1.0,1,0.178
9005500500,3032.667,2582,3612,4.333,5,4.333,5,0.174
9005500530,1417.667,1207,1624,4.0,4,4.0,4,0.147
9005500535,558.0,104,877,2.667,3,2.667,3,0.724
9005500600,375.667,206,640,1.333,2,1.333,2,0.617
9006602501,209.333,136,281,2.0,2,2.0,2,0.346
9006602502,224.667,143,293,1.333,2,1.333,2,0.338
9006602531,265.0,108,421,4.333,5,4.0,4,0.591
9006602532,144.667,4,331,3.333,4,2.0,3,1.163
9006602533,63.0,37,77,1.0,1,1.0,1,0.358
9006602534,56.0,31,71,1.0,1,1.0,1,0.389
9006602601,38.667,2,112,1.0,1,1.0,1,1.642
9006602602,71.0,41,106,1.0,1,1.0,1,0.462
9006690210,7.0,7,7,1.0,1,1.0,1,0.0
9006690220,10.0,10,10,1.0,1,1.0,1,0.0
9006690310,40.0,40,40,1.0,1,1.0,1,0.0
9006690320,20.0,20,20,1.0,1,1.0,1,0.0
9009111700,2071.333,1618,2448,1.333,2,1.333,2,0.203
9009111730,880.667,673,1147,2.667,3,2.667,3,0.275
9009111735,1400.0,1200,1600,7.0,8,7.0,8,0.143
9009190010,220.0,220,220,1.0,1,1.0,1,0.0
9009190020,223.333,220,230,1.0,1,1.0,1,0.026
9009812000,436.333,353,493,1.0,1,1.0,1,0.169
9009812030,141.0,102,183,1.0,1,1.0,1,0.288
9009890010,70.667,64,74,1.0,1,1.0,1,0.082
9009890020,19.0,19,19,1.0,1,1.0,1,0.0
9009890030,90.0,90,90,1.0,1,1.0,1,0.0
9009890040,61.333,58,68,1.0,1,1.0,1,0.094
9009890050,48.0,48,48,1.0,1,1.0,1,0.0
9009911600,143.667,96,172,1.0,1,1.0,1,0.289
9010090040,48.0,48,48,1.0,1,1.0,1,
9010609260,147.333,20,218,1.0,1,1.0,1,0.75
9010609290,247.0,237,262,1.333,2,1.333,2,0.054
9011090000,27.0,27,27,1.0,1,1.0,1,0.0
9011090001,209.0,47,359,1.333,2,1.333,2,0.748
9011090080,39.333,6,106,1.0,1,1.0,1,1.468
9011107071,1.0,1,1,1.0,1,1.0,1,
9011107302,10.0,10,10,1.0,1,1.0,1,0.0
9011109011,83.667,21,201,1.0,1,1.0,1,1.215
9011109021,50.0,50,50,1.0,1,1.0,1,
9011109051,281.0,52,521,1.333,2,1.333,2,0.835
9011109061,1.0,1,1,1.0,1,1.0,1,0.0
9011109260,1256.667,1001,1720,1.333,2,1.333,2,0.32
9011109290,2176.667,1820,2610,5.333,7,5.0,6,0.184
9011109293,940.667,827,1115,3.667,5,3.667,5,0.163
9011109296,670.333,634,738,3.333,5,3.0,5,0.088
9011109297,303.667,283,322,1.667,2,1.667,2,0.065
9011109302,559.333,362,665,1.0,1,1.0,1,0.306
9011109303,175.0,71,378,1.0,1,1.0,1,1.005
9011109304,77.667,11,111,1.0,1,1.0,1,0.743
9011407261,8.5,7,10,1.0,1,1.0,1,0.25
9011407262,11.0,10,12,1.0,1,1.0,1,0.129
9011407271,6.667,1,12,1.0,1,1.0,1,0.826
9011407272,2.0,2,2,1.0,1,1.0,1,0.0
9011609071,2.0,2,2,1.0,1,1.0,1,
9011609260,64.333,3,171,1.0,1,1.0,1,1.441
9011609290,912.333,787,980,3.333,5,3.333,5,0.119
9012607030,2.0,2,2,1.0,1,1.0,1,0.0
9012609010,2.0,2,2,1.0,1,1.0,1,0.0
9012609020,1.0,1,1,1.0,1,1.0,1,0.0
9012609030,6.0,6,6,1.0,1,1.0,1,0.0
9012609040,10.667,10,11,1.0,1,1.0,1,0.054
9012609050,10.0,10,10,1.0,1,1.0,1,0.0
9012609260,113.333,104,122,1.0,1,1.0,1,0.08
9012707260,12.0,12,12,1.0,1,1.0,1,0.0
9013109020,3.0,3,3,1.0,1,1.0,1,0.0
9013109260,18.0,6,26,1.0,1,1.0,1,0.588
9013209010,4.667,4,5,1.0,1,1.0,1,0.124
9013209015,8.0,8,8,1.0,1,1.0,1,0.0
9013209020,5.0,5,5,1.0,1,1.0,1,0.0
9013209025,9.0,9,9,1.0,1,1.0,1,0.0
9013209030,9.0,9,9,1.0,1,1.0,1,0.0
9013209260,111.667,18,161,1.0,1,1.0,1,0.727
9013209290,141.333,90,217,2.0,4,1.667,3,0.473
9013209293,72.0,68,75,1.333,2,1.333,2,0.05
9013209296,42.333,30,61,1.333,2,1.333,2,0.388
9013209297,42.333,28,61,1.333,2,1.333,2,0.4
9013209302,90.0,85,97,1.0,1,1.0,1,0.069
9013209303,40.333,3,84,1.0,1,1.0,1,1.013
9013209304,38.0,10,66,1.0,1,1.0,1,1.042
9013209305,10.0,6,12,1.0,1,1.0,1,0.346
9013309260,46.0,42,48,1.0,1,1.0,1,0.075
9014209260,304.667,218,425,1.333,2,1.333,2,0.353
9014209290,497.0,331,708,2.333,5,2.333,5,0.387
9014209293,261.667,140,356,1.667,3,1.667,3,0.423
9014209296,167.333,105,204,1.667,2,1.667,2,0.324
9014209297,127.333,50,187,1.0,1,1.0,1,0.551
9014209302,113.0,42,174,1.333,2,1.333,2,0.589
9014209303,36.0,1,103,1.0,1,1.0,1,1.612
9014209304,41.5,33,50,1.0,1,1.0,1,0.29
9014209305,13.667,13,14,1.0,1,1.0,1,0.042
9014309260,4.0,4,4,1.0,1,1.0,1,0.0
9016390760,1015.0,1015,1015,1.0,1,1.0,1,0.0
9016390820,910.667,844,944,1.0,1,1.0,1,0.063
9016390860,488.333,155,655,1.0,1,1.0,1,0.591
9020200200,285.667,244,317,1.333,2,1.333,2,0.132
9020200225,369.333,244,458,1.0,1,1.0,1,0.302
9020200230,283.333,240,318,1.0,1,1.0,1,0.14
9020202210,127.0,64,165,1.0,1,1.0,1,0.433
9020203210,103.0,75,117,1.0,1,1.0,1,0.235
9020204210,60.667,18,98,1.0,1,1.0,1,0.664
9020204220,5.0,5,5,1.0,1,1.0,1,0.0
9020290010,182.0,166,190,1.0,1,1.0,1,0.076
9020390012,641.0,417,945,1.0,1,1.0,1,0.426
9020390013,370.0,357,396,1.0,1,1.0,1,0.061
9020390016,219.0,115,283,1.0,1,1.0,1,0.415
9020390112,161.667,125,225,1.0,1,1.0,1,0.341
9020390113,25.0,3,49,1.0,1,1.0,1,0.923
9020390116,33.667,15,67,1.0,1,1.0,1,0.86
9021000400,150.0,150,150,1.0,1,1.0,1,
9021000430,102.0,3,202,1.333,2,1.333,2,0.976
9021000435,196.667,152,247,1.333,2,1.333,2,0.243
9021090000,45.0,45,45,1.0,1,1.0,1,0.0
9024800090,39.333,38,40,1.0,1,1.0,1,0.029
9037910251,339.667,7,531,1.0,1,1.0,1,0.851
9040452000,69.0,28,107,1.333,2,1.333,2,0.574
9054904501,139.667,68,203,1.0,1,1.0,1,0.486
9054904502,403.333,295,490,1.333,2,1.333,2,0.246
9054990010,185.0,20,350,1.0,1,1.0,1,1.261
9054990120,103.0,103,103,1.0,1,1.0,1,0.0
9056904501,1096.667,800,1280,2.333,3,2.333,3,0.236
9056904502,333.333,140,680,1.333,2,1.333,2,0.903
9056904531,1196.667,772,1493,4.0,7,3.333,5,0.315
9056904533,463.667,434,518,1.333,2,1.333,2,0.102
9060500400,28.333,10,50,1.333,2,1.333,2,0.713
9060500500,25.0,19,32,1.0,1,1.0,1,0.262
9060805400,40.667,19,74,1.0,1,1.0,1,0.72
9061800250,29.667,3,63,1.333,2,1.333,2,1.03
9062417650,35.667,13,72,1.0,1,1.0,1,0.891
9062477650,52.333,49,58,1.0,1,1.0,1,0.094
9062490010,593.667,557,647,1.0,1,1.0,1,0.08
9062917650,81.667,62,94,1.333,2,1.333,2,0.211
9062977650,43.333,7,72,1.333,2,1.333,2,0.765
9063502651,29.667,12,55,1.0,1,1.0,1,0.758
9063502652,106.0,10,158,1.0,1,1.0,1,0.785
9063517651,338.0,106,459,1.0,1,1.0,1,0.595
9063517652,122.5,84,161,1.0,1,1.0,1,0.444
9063566651,74.0,49,112,1.0,1,1.0,1,0.452
9063566652,97.0,83,110,1.0,1,1.0,1,0.139
9063590080,439.0,339,539,1.333,2,1.333,2,0.228
9063590090,798.333,750,865,1.333,2,1.333,2,0.075
9063590121,55.0,35,75,1.0,1,1.0,1,0.364
9063590122,253.333,240,260,1.0,1,1.0,1,0.046
9063590180,644.333,581,731,1.0,1,1.0,1,0.121
9063590190,7126.333,5383,8343,1.333,2,1.333,2,0.217
9063590210,1360.0,1110,1560,1.333,2,1.333,2,0.168
9063602650,9.0,1,13,1.0,1,1.0,1,0.77
9063617650,9.0,9,9,1.0,1,1.0,1,0.0
9063802650,4.5,2,7,1.0,1,1.0,1,0.786
9063817650,2.0,2,2,1.0,1,1.0,1,0.0
9063890080,167.333,134,184,1.0,1,1.0,1,0.173
9063890090,105.0,15,245,1.0,1,1.0,1,1.17
9063890121,98.667,92,102,1.0,1,1.0,1,0.059
9063890122,107.667,101,111,1.0,1,1.0,1,0.054
9063890180,937.0,857,1007,1.0,1,1.0,1,0.081
9063890190,2223.333,1510,2670,1.333,2,1.333,2,0.281
9064404671,42.333,27,57,1.0,1,1.0,1,0.355
9064404672,53.333,37,65,1.0,1,1.0,1,0.273
9064417671,222.0,167,282,1.0,1,1.0,1,0.26
9064417672,428.333,403,469,1.0,1,1.0,1,0.083
9064466651,13.333,13,14,1.0,1,1.0,1,0.043
9064466652,13.5,1,26,1.0,1,1.0,1,1.309
9064617651,12.667,10,15,1.0,1,1.0,1,0.199
9064617652,22.0,19,26,1.0,1,1.0,1,0.164
9064904651,46.0,46,46,1.0,1,1.0,1,
9064904652,60.0,60,60,1.0,1,1.0,1,
9064917651,561.333,544,581,1.0,1,1.0,1,0.033
9064917652,489.0,428,609,1.333,2,1.333,2,0.213
9064937651,119.333,2,218,1.0,1,1.0,1,0.915
9064937652,177.0,72,339,1.0,1,1.0,1,0.804
9064946651,105.333,83,129,1.333,2,1.333,2,0.219
9064946652,102.667,80,126,1.333,2,1.333,2,0.224
9064946653,39.0,17,69,1.333,2,1.333,2,0.69
9064946654,38.667,30,52,1.333,2,1.333,2,0.303
9064947651,625.0,493,757,3.0,4,3.0,4,0.299
9064947652,551.333,288,852,1.667,3,1.667,3,0.515
9064966651,60.667,55,65,1.0,1,1.0,1,0.085
9064966652,64.667,57,70,2.0,2,2.0,2,0.105
9064990000,220.0,220,220,1.0,1,1.0,1,0.0
9064990081,402.0,322,502,1.0,1,1.0,1,0.228
9064990082,296.667,220,390,1.0,1,1.0,1,0.291
9064990091,381.667,315,425,1.333,2,1.333,2,0.154
9064990092,574.0,554,604,1.0,1,1.0,1,0.046
9064990121,180.333,147,197,1.0,1,1.0,1,0.16
9064990122,95.0,45,125,1.333,2,1.333,2,0.459
9064990171,490.0,440,530,1.0,1,1.0,1,0.094
9064990172,343.333,250,460,1.0,1,1.0,1,0.311
9064990181,10582.0,9462,11162,1.333,2,1.333,2,0.092
9064990182,8700.667,7284,9974,2.333,3,2.333,3,0.155
9064990191,196.667,190,210,1.0,1,1.0,1,0.059
9064990192,59.0,49,69,1.0,1,1.0,1,0.169
9064990201,250.667,110,421,1.333,2,1.333,2,0.629
9064990202,500.667,354,644,1.333,2,1.333,2,0.29
9064990451,616.667,610,630,1.0,1,1.0,1,0.019
9064990452,557.667,515,594,1.667,2,1.667,2,0.072
9064990461,103.667,97,107,1.0,1,1.0,1,0.056
9064990462,137.667,1,211,1.333,2,1.333,2,0.861
9064990470,438.333,308,574,1.667,2,1.667,2,0.304
9064990900,122.0,115,128,1.0,1,1.0,1,0.054
9064996651,23.667,1,35,1.0,1,1.0,1,0.829
9064996652,55.667,55,56,1.0,1,1.0,1,0.01
9066604651,40.0,40,40,1.0,1,1.0,1,0.0
9066604652,4.667,3,8,1.0,1,1.0,1,0.619
9066690350,8.0,8,8,1.0,1,1.0,1,0.0
9066690360,16.667,10,20,1.0,1,1.0,1,0.346
9066904651,14.333,4,28,1.333,2,1.333,2,0.861
9066904652,22.333,13,36,1.333,2,1.333,2,0.542
9066946651,61.333,28,82,1.333,2,1.333,2,0.475
9066946652,83.667,50,116,1.333,2,1.333,2,0.395
9066977651,21.0,21,21,1.0,1,1.0,1,
9066977652,30.0,30,30,1.0,1,1.0,1,
9066990000,265.333,202,312,1.0,1,1.0,1,0.214
9066990170,143.0,143,143,1.0,1,1.0,1,0.0
9068800550,43.333,39,48,1.333,2,1.333,2,0.104
9068917650,134.667,51,272,1.333,2,1.333,2,0.89
9068990170,636.0,136,896,1.0,1,1.0,1,0.681
9069800550,10.0,7,13,1.0,1,1.0,1,0.424
9069890000,275.0,275,275,1.0,1,1.0,1,0.0
9069931001,71.0,30,103,1.333,2,1.333,2,0.526
9069931002,74.0,40,99,1.667,3,1.667,3,0.412
9069935001,27.0,14,34,1.0,1,1.0,1,0.417
9069935002,49.0,48,50,1.0,1,1.0,1,0.02
9069990171,120.0,120,120,1.0,1,1.0,1,0.0
9069990172,91.0,91,91,1.0,1,1.0,1,0.0
9073517011,525.0,150,1275,1.333,2,1.333,2,1.237
9073517012,424.0,424,424,1.0,1,1.0,1,0.0
9073517056,50.0,50,50,1.0,1,1.0,1,0.0
9073517091,210.0,185,235,1.0,1,1.0,1,0.119
9073517092,380.0,330,455,1.0,1,1.0,1,0.174
9073817055,50.0,50,50,1.0,1,1.0,1,0.0
9073817090,308.333,175,575,1.0,1,1.0,1,0.749
9074417011,71.0,71,71,1.0,1,1.0,1,0.0
9074417012,126.0,126,126,1.0,1,1.0,1,
9074417056,65.0,65,65,1.0,1,1.0,1,0.0
9074417057,45.0,45,45,1.0,1,1.0,1,0.0
9074417091,160.0,160,160,1.0,1,1.0,1,0.0
9074417092,133.333,100,150,1.0,1,1.0,1,0.217
9074917011,491.667,325,825,1.0,1,1.0,1,0.587
9074917012,9.0,9,9,1.0,1,1.0,1,
9074917091,1425.0,925,1875,2.333,3,2.333,3,0.335
9074917092,1333.333,1075,1475,3.0,3,3.0,3,0.168
9074937011,13.0,13,13,1.0,1,1.0,1,0.0
9074937012,8.0,8,8,1.0,1,1.0,1,0.0
9074937092,1.0,1,1,1.0,1,1.0,1,0.0
9080607031,26.0,26,26,1.0,1,1.0,1,0.0
9081107031,11.0,11,11,1.0,1,1.0,1,0.0
9081107071,7.0,7,7,1.0,1,1.0,1,0.0
9091000600,17.0,17,17,1.0,1,1.0,1,0.0
9091200031,544.0,300,832,1.0,1,1.0,1,0.494
9091200051,89.667,49,110,1.0,1,1.0,1,0.393
9091200061,20.0,20,20,1.0,1,1.0,1,0.0
9091200081,9.0,9,9,1.0,1,1.0,1,0.0
9091200083,19.0,19,19,1.0,1,1.0,1,0.0
9091200303,11.0,11,11,1.0,1,1.0,1,0.0
9091200304,14.0,14,14,1.0,1,1.0,1,0.0
9091200306,5.0,5,5,1.0,1,1.0,1,0.0
9091200399,4.0,2,7,1.0,1,1.0,1,0.661
9091200632,23.0,23,23,1.0,1,1.0,1,0.0
9091290601,1000.0,1000,1000,1.0,1,1.0,1,0.0
9091290603,9764.0,9764,9764,1.0,1,1.0,1,0.0
9091290605,1520.0,1520,1520,1.0,1,1.0,1,0.0
9091290606,3661.0,3661,3661,1.0,1,1.0,1,0.0
9091290608,2018.0,2018,2018,1.0,1,1.0,1,0.0
9095200011,9.0,9,9,1.0,1,1.0,1,0.0
9095200021,16.0,16,16,1.0,1,1.0,1,0.0
9095200031,13.0,13,13,1.0,1,1.0,1,0.0
9095200041,42.0,42,42,1.0,1,1.0,1,0.0
9095200302,1.0,1,1,1.0,1,1.0,1,0.0
9096200600,440.0,300,510,1.667,2,1.667,2,0.276
9100800450,38.333,25,54,1.0,1,1.0,1,0.382
9100800452,77.0,64,89,1.0,1,1.0,1,0.163
9100800453,3.0,2,4,1.0,1,1.0,1,0.471
9100800454,4.0,4,4,1.0,1,1.0,1,0.0
9100800460,11.0,11,11,1.0,1,1.0,1,0.0
9100800480,542.0,458,661,4.333,7,3.333,4,0.195
9100800483,383.0,306,459,2.667,4,2.667,4,0.2
9100800580,583.333,500,750,2.333,3,2.333,3,0.247
9100800583,420.0,360,540,1.333,2,1.333,2,0.247
9100890000,35.0,35,35,1.0,1,1.0,1,0.0
9100890030,175.0,50,300,1.0,1,1.0,1,1.01
9101300000,2.0,2,2,1.0,1,1.0,1,0.0
9101400000,16.333,8,33,1.0,1,1.0,1,0.884
9103423116,431.333,298,598,1.333,2,1.333,2,0.354
9103423117,264.333,181,331,1.333,2,1.333,2,0.289
9103423156,250.333,167,317,2.0,3,2.0,3,0.305
9103423157,196.667,130,230,1.667,2,1.667,2,0.294
9103623156,477.667,111,1111,2.0,2,2.0,2,1.153
9103623157,451.0,101,676,1.333,2,1.333,2,0.681
9103692015,79.0,79,79,1.0,1,1.0,1,0.0
9103692016,41.333,8,108,1.0,1,1.0,1,1.397
9103692035,130.0,130,130,1.0,1,1.0,1,0.0
9103692036,23.0,23,23,1.0,1,1.0,1,0.0
9106937012,47.0,47,47,1.0,1,1.0,1,0.0
9120080000,108.0,108,108,1.667,3,1.667,3,0.0
9120080010,310.0,180,430,1.0,1,1.0,1,0.404
9120080020,328.333,275,415,1.0,1,1.0,1,0.231
9120080030,131.667,95,205,1.0,1,1.0,1,0.482
9120080040,464.333,411,541,1.0,1,1.0,1,0.147
9120080050,466.333,423,543,1.0,1,1.0,1,0.143
9120090000,78.0,78,78,1.0,1,1.0,1,0.0
9120090001,73.0,11,135,1.5,2,1.0,1,1.201
9120590270,112.667,111,116,1.0,1,1.0,1,0.026
9125502501,39360.667,36634,43944,21.333,23,21.0,23,0.101
9125502502,7870.0,7280,8860,5.333,6,5.333,6,0.11
9125502506,2483.333,1850,3450,1.667,2,1.667,2,0.342
9125502507,750.0,450,900,1.0,1,1.0,1,0.346
9125502521,700.0,634,763,1.333,2,1.333,2,0.092
9125502531,1607.333,525,2438,3.333,5,3.333,5,0.61
9125502533,15640.0,14497,16899,12.667,13,12.333,13,0.077
9125502536,1833.333,1250,2500,6.333,9,5.0,7,0.343
9125505531,345.0,327,374,1.0,1,1.0,1,0.073
9125505533,303.333,147,457,1.333,2,1.333,2,0.511
9125517501,3666.667,2970,4550,2.667,3,2.667,3,0.22
9125517502,1296.667,900,2000,1.333,2,1.333,2,0.471
9125517521,298.0,280,332,1.333,2,1.333,2,0.099
9125517531,531.667,411,707,1.333,2,1.333,2,0.292
9125517533,990.0,7,1665,2.667,4,2.667,4,0.88
9125531506,11545.0,8895,14845,6.333,8,6.333,8,0.262
9125531507,10033.333,9200,11650,5.333,6,5.333,6,0.14
9125534533,7453.333,1680,13700,5.0,9,5.0,9,0.808
9125536506,5583.333,3250,7250,3.333,4,3.333,4,0.373
9125536507,4333.333,4000,5000,2.333,3,2.333,3,0.133
9125538533,1100.0,1100,1100,1.0,1,1.0,1,0.0
9125583506,4000.0,4000,4000,2.0,2,2.0,2,
9125583507,4000.0,4000,4000,2.0,2,2.0,2,
9125587501,20.0,20,20,1.0,1,1.0,1,0.0
9125587502,10.0,10,10,1.0,1,1.0,1,0.0
9125590170,446.0,446,446,1.0,1,1.0,1,0.0
9125590270,736.0,626,826,2.333,3,2.333,3,0.138
9125590500,193.333,120,310,1.0,1,1.0,1,0.528
9125590501,108.667,52,142,1.0,1,1.0,1,0.454
9125590510,4346.667,2370,5830,1.333,2,1.333,2,0.41
9125590511,3647.0,2513,5407,2.0,4,2.0,4,0.424
9125590520,3433.333,2850,4520,1.0,1,1.0,1,0.274
9125590530,3222.0,2440,4004,1.0,1,1.0,1,0.343
9125590540,40.667,8,68,1.0,1,1.0,1,0.746
9125590550,9813.333,8250,11340,1.0,1,1.0,1,0.157
9125592700,202.667,118,368,1.0,1,1.0,1,0.707
9125594531,400.667,380,411,2.0,2,2.0,2,0.045
9125596531,1359.0,1042,1540,6.0,8,5.667,8,0.203
9125602495,629.0,329,779,1.0,1,1.0,1,0.413
9125602500,7736.667,5980,8880,5.667,7,5.667,7,0.2
9125602530,385.0,340,475,1.0,1,1.0,1,0.202
9125602535,1182.667,895,1416,4.333,5,3.333,4,0.224
9125605535,91.0,91,91,1.0,1,1.0,1,0.0
9125617500,1206.667,1090,1280,2.333,3,2.333,3,0.085
9125617535,254.667,226,274,1.0,1,1.0,1,0.099
9125631505,3150.0,1650,5600,2.0,3,2.0,3,0.679
9125636505,1483.333,1150,1650,1.667,2,1.667,2,0.195
9125638535,360.0,360,360,1.0,1,1.0,1,0.0
9125682500,20.0,20,20,1.0,1,1.0,1,0.0
9125683505,1000.0,1000,1000,1.0,1,1.0,1,
9125687500,300.0,300,300,1.0,1,1.0,1,0.0
9125690270,127.0,37,267,1.0,1,1.0,1,0.968
9125690500,69.667,63,73,1.0,1,1.0,1,0.083
9125690510,2612.0,1082,3812,1.333,2,1.333,2,0.534
9125690511,922.0,922,922,2.0,2,2.0,2,0.0
9125690530,1170.667,1100,1261,1.333,2,1.333,2,0.07
9125690550,916.333,858,958,1.0,1,1.0,1,0.057
9125802500,1353.333,690,1980,1.667,2,1.667,2,0.477
9125802505,553.667,537,587,1.0,1,1.0,1,0.052
9125817500,723.333,690,780,2.333,3,2.333,3,0.068
9125882500,150.0,150,150,1.0,1,1.0,1,0.0
9125887500,13.0,13,13,1.0,1,1.0,1,0.0
9126404501,21108.667,20138,22990,14.333,16,14.333,16,0.077
9126404502,8960.0,8490,9220,6.0,6,6.0,6,0.046
9126404506,800.0,450,1300,1.0,1,1.0,1,0.556
9126404507,527.333,494,544,1.0,1,1.0,1,0.055
9126404521,436.667,410,470,1.333,2,1.333,2,0.07
9126404531,711.333,362,1081,1.667,2,1.667,2,0.506
9126404533,4339.0,3531,5337,5.667,7,5.333,7,0.212
9126404536,1083.333,750,1250,4.333,5,4.333,5,0.266
9126405531,131.333,117,147,1.0,1,1.0,1,0.115
9126405533,299.667,141,555,1.333,2,1.333,2,0.745
9126417501,1753.667,1340,2081,1.667,2,1.667,2,0.216
9126417502,666.667,600,760,1.0,1,1.0,1,0.125
9126417521,479.333,316,786,1.0,1,1.0,1,0.554
9126417531,461.333,311,647,1.667,3,1.667,3,0.37
9126417533,649.0,498,748,2.667,3,2.667,3,0.205
9126431506,4480.667,3164,5164,2.667,3,2.667,3,0.255
9126431507,5349.667,4183,7683,3.333,4,3.333,4,0.378
9126434533,3332.333,1679,5839,2.333,4,2.333,4,0.662
9126436506,2414.0,2414,2414,2.0,2,2.0,2,0.0
9126436507,2500.0,1500,3500,1.333,2,1.333,2,0.4
9126483506,2500.0,2500,2500,2.0,2,2.0,2,
9126483507,2500.0,2500,2500,2.0,2,2.0,2,
9126484501,3200.0,3200,3200,2.0,2,2.0,2,0.0
9126487501,108.0,8,308,1.0,1,1.0,1,1.604
9126487502,40.0,40,40,1.0,1,1.0,1,0.0
9126494531,1373.667,952,1697,8.667,12,7.333,9,0.278
9126604496,105.0,30,180,1.0,1,1.0,1,1.01
9126604497,150.0,150,150,1.0,1,1.0,1,0.0
9126604501,4519.0,4039,5029,4.0,5,4.0,5,0.11
9126604502,1874.0,1647,2088,2.333,3,2.333,3,0.118
9126604521,163.333,150,170,1.0,1,1.0,1,0.071
9126604531,1624.0,1482,1797,5.0,7,4.667,6,0.098
9126604533,1246.333,552,1888,2.333,3,2.333,3,0.537
9126604536,1083.333,1000,1250,4.333,5,4.333,5,0.133
9126604551,34.0,34,34,1.0,1,1.0,1,0.0
9126604561,27.0,27,27,1.0,1,1.0,1,0.0
9126604571,56.667,20,120,1.333,2,1.333,2,0.972
9126604581,231.333,198,248,1.0,1,1.0,1,0.125
9126605531,35.0,5,93,1.0,1,1.0,1,1.435
9126605533,13.667,13,15,1.0,1,1.0,1,0.084
9126617501,449.333,426,476,1.0,1,1.0,1,0.056
9126617502,466.0,264,780,1.0,1,1.0,1,0.591
9126617521,140.0,130,150,1.0,1,1.0,1,0.071
9126617531,820.667,705,1002,2.667,3,2.667,3,0.194
9126617533,215.0,126,318,1.0,1,1.0,1,0.45
9126631506,200.0,200,200,1.0,1,1.0,1,0.0
9126631507,250.0,250,250,1.0,1,1.0,1,0.0
9126636506,950.0,950,950,1.0,1,1.0,1,0.0
9126636507,1000.0,1000,1000,1.0,1,1.0,1,0.0
9126684501,20.0,20,20,1.0,1,1.0,1,0.0
9126684502,200.0,200,200,1.0,1,1.0,1,0.0
9126687502,50.0,50,50,1.0,1,1.0,1,0.0
9126690170,370.333,287,537,1.333,2,1.333,2,0.39
9126690270,230.0,180,300,1.333,2,1.333,2,0.272
9126690275,2659.333,916,3986,1.333,2,1.333,2,0.593
9126690500,201.0,201,201,1.0,1,1.0,1,0.0
9126690501,188.667,152,212,1.0,1,1.0,1,0.17
9126690505,214.667,196,239,1.0,1,1.0,1,0.103
9126690510,4021.667,3775,4315,3.333,4,3.333,4,0.068
9126690511,2696.667,1844,3263,2.333,3,2.333,3,0.279
9126690530,7602.667,5675,9268,3.0,3,3.0,3,0.238
9126692700,402.0,402,402,1.0,1,1.0,1,0.0
9126694531,880.0,704,982,5.333,7,4.667,5,0.174
9126904501,12110.667,10994,13574,8.667,10,8.667,10,0.109
9126904502,5353.333,4790,5930,3.667,4,3.667,4,0.106
9126904506,1298.333,515,2165,1.333,2,1.333,2,0.638
9126904507,758.333,425,1375,1.0,1,1.0,1,0.705
9126904521,433.0,13,803,1.333,2,1.333,2,0.918
9126904531,1990.667,1572,2560,4.667,6,4.0,5,0.257
9126904533,2396.333,1474,3143,2.0,3,2.0,3,0.354
9126904536,1666.667,1500,1750,5.667,6,5.333,6,0.087
9126905531,337.333,228,506,1.0,1,1.0,1,0.439
9126905533,110.333,80,137,1.0,1,1.0,1,0.26
9126917501,2223.333,1770,2770,3.0,3,3.0,3,0.228
9126917502,1635.0,1485,1825,2.333,3,2.333,3,0.106
9126917506,216.667,200,250,1.0,1,1.0,1,0.133
9126917507,78.0,28,128,1.0,1,1.0,1,0.641
9126917521,440.0,390,490,1.333,2,1.333,2,0.114
9126917531,884.667,647,1091,2.0,2,2.0,2,0.253
9126917533,748.333,555,963,2.0,3,2.0,3,0.274
9126936506,500.0,500,500,1.0,1,1.0,1,0.0
9126936507,566.667,500,600,1.0,1,1.0,1,0.102
9126937501,110.0,70,150,1.5,2,1.5,2,0.514
9126937502,35.333,12,72,1.333,2,1.333,2,0.91
9126984502,400.0,400,400,1.0,1,1.0,1,0.0
9126987501,4.0,4,4,1.0,1,1.0,1,0.0
9126987502,28.333,5,40,1.0,1,1.0,1,0.713
9126994531,802.0,370,1314,7.333,10,5.667,8,0.595
9127690120,558.333,535,605,1.333,2,1.333,2,0.072
9127690170,166.667,153,174,1.0,1,1.0,1,0.071
9127690220,727.667,660,776,1.0,1,1.0,1,0.083
9127917501,3344.667,2720,4050,3.0,3,3.0,3,0.2
9127917502,4444.667,3758,4818,4.333,5,4.333,5,0.134
9127917506,2466.667,1050,3250,2.0,3,2.0,3,0.498
9127917507,294.333,11,561,1.0,1,1.0,1,0.936
9127917531,860.667,676,1079,4.333,6,4.333,6,0.237
9127990171,6036.667,5420,6910,1.0,1,1.0,1,0.129
9127990172,8846.667,6820,10070,3.0,3,3.0,3,0.2
9127990181,130.0,110,150,1.0,1,1.0,1,0.154
9127990182,153.333,130,180,1.0,1,1.0,1,0.164
9127990701,572.0,561,584,1.0,1,1.0,1,0.02
9127990702,480.0,430,510,1.0,1,1.0,1,0.091
9135590050,10050.0,8520,11410,1.333,2,1.333,2,0.145
9135590051,2230.0,1910,2630,2.667,4,2.333,3,0.164
9135590120,80.0,80,80,1.0,1,1.0,1,0.0
9135590130,448.0,346,500,1.0,1,1.0,1,0.197
9135690050,2113.333,1210,2820,1.667,2,1.667,2,0.389
9135690051,1639.333,1108,2030,1.333,2,1.333,2,0.291
9136690071,6880.0,5910,8140,2.333,3,2.333,3,0.166
9136690072,9954.667,8898,10848,1.333,2,1.333,2,0.099
9136690073,2550.333,2159,2789,3.0,5,2.667,4,0.134
9136690074,2992.333,2534,3331,2.333,3,2.333,3,0.138
9143500551,598.333,155,935,1.333,2,1.333,2,0.67
9143500552,472.667,376,546,1.0,1,1.0,1,0.185
9143500583,2103.667,1780,2573,4.0,4,4.0,4,0.198
9143600550,391.333,88,648,1.333,2,1.333,2,0.723
9144400551,741.667,452,1000,2.0,2,2.0,2,0.371
9144400552,296.0,183,422,1.333,2,1.333,2,0.406
9144400583,799.333,665,1015,3.0,4,3.0,4,0.236
9144600551,1615.667,619,2499,2.333,3,2.333,3,0.585
9144600552,160.0,120,200,1.0,1,1.0,1,0.354
9144600583,875.0,672,1078,2.0,3,2.0,3,0.232
9144690200,250.0,242,254,1.0,1,1.0,1,0.028
9144900551,427.333,4,674,1.333,2,1.333,2,0.862
9144900552,163.333,150,170,1.0,1,1.0,1,0.071
9152255001,1392.333,1027,1623,2.667,3,2.667,3,0.23
9152255002,2259.667,1932,2424,4.667,5,4.667,5,0.126
9152355001,19.333,19,20,1.0,1,1.0,1,0.03
9152355002,7.0,6,9,1.0,1,1.0,1,0.247
9153355001,25.667,17,38,1.0,1,1.0,1,0.427
9153355002,23.0,4,33,1.0,1,1.0,1,0.716
9154355001,272.0,218,350,1.333,2,1.333,2,0.254
9154355002,143.667,101,204,1.333,2,1.333,2,0.374
9162255021,6.667,6,8,1.0,1,1.0,1,0.173
9172321001,154.0,84,242,1.0,1,1.0,1,0.523
9172321002,156.333,139,191,1.0,1,1.0,1,0.192
9172921650,236.333,230,242,1.0,1,1.0,1,0.026
9172990030,196.0,196,196,1.0,1,1.0,1,0.0
9172990040,100.0,100,100,1.0,1,1.0,1,0.0
9173903000,6300.0,6300,6300,7.0,7,7.0,7,0.0
9173903005,1022.0,918,1124,2.333,3,2.333,3,0.101
9173927000,95.333,87,105,1.0,1,1.0,1,0.095
9173929000,143.0,100,186,2.0,3,1.5,2,0.425
9173929020,125.0,125,125,1.0,1,1.0,1,0.0
9173936000,145.333,133,157,1.0,1,1.0,1,0.083
9173946000,82.333,4,237,1.0,1,1.0,1,1.627
9173951000,218.0,218,218,1.0,1,1.0,1,0.0
9173955650,20.0,15,25,1.0,1,1.0,1,0.354
9173990005,2607.0,2607,2607,2.0,2,2.0,2,0.0
9173990010,227.0,227,227,1.0,1,1.0,1,0.0
9174209005,1059.333,767,1219,1.0,1,1.0,1,0.239
9174290040,1249.0,954,1409,3.667,4,3.667,4,0.205
9174290050,27.0,27,27,1.0,1,1.0,1,0.0
9174290060,23.0,23,23,1.0,1,1.0,1,0.0
9174908652,5.0,5,5,1.333,2,1.333,2,0.0
9174909001,850.333,617,1018,2.0,3,1.667,2,0.245
9174909002,427.5,4,851,1.5,2,1.5,2,1.401
9174909011,2691.0,2691,2691,6.0,6,6.0,6,0.0
9174909012,2402.0,2200,2603,5.0,5,5.0,5,0.084
9174935001,24.667,23,28,1.0,1,1.0,1,0.117
9174935002,13.5,11,16,1.0,1,1.0,1,0.262
9174937001,18.333,3,27,1.0,1,1.0,1,0.726
9174937002,39.0,3,75,1.0,1,1.0,1,1.305
9174945002,23.667,15,28,1.0,1,1.0,1,0.317
9174947001,170.0,168,171,1.0,1,1.0,1,0.01
9174947002,58.667,55,61,1.0,1,1.0,1,0.055
9175902550,5.333,2,7,1.0,1,1.0,1,0.541
9175906001,64.333,11,171,1.0,1,1.0,1,1.436
9175908000,3.0,3,3,1.0,1,1.0,1,0.0
9175926656,18.0,1,52,1.0,1,1.0,1,1.636
9175926657,7.667,1,21,1.0,1,1.0,1,1.506
9175929000,53.0,25,81,1.5,2,1.5,2,0.747
9175929020,300.0,150,500,1.0,1,1.0,1,0.601
9175990020,77.0,77,77,1.0,1,1.0,1,0.0
9176901001,175.0,175,175,1.0,1,1.0,1,0.0
9176901061,30.0,30,30,1.0,1,1.0,1,0.0
9176902001,420.0,420,420,1.0,1,1.0,1,0.0
9176902022,113.333,50,145,1.0,1,1.0,1,0.484
9176903001,175.0,125,225,1.0,1,1.0,1,0.286
9176903002,243.333,201,278,1.0,1,1.0,1,0.161
9176908651,273.667,131,345,1.0,1,1.0,1,0.451
9176908652,191.0,117,327,1.0,1,1.0,1,0.617
9176922651,45.667,45,47,1.0,1,1.0,1,0.025
9176922652,49.667,9,126,1.0,1,1.0,1,1.332
9176923651,114.667,109,121,1.0,1,1.0,1,0.053
9176923652,66.0,2,102,1.0,1,1.0,1,0.842
9176924651,294.0,294,294,1.0,1,1.0,1,
9176924652,145.333,119,170,1.333,2,1.333,2,0.176
9176925651,31.0,31,31,1.0,1,1.0,1,0.0
9176925652,72.333,60,79,1.0,1,1.0,1,0.148
9176926651,53.333,50,55,1.0,1,1.0,1,0.054
9176926652,33.0,33,33,1.0,1,1.0,1,0.0
9176932651,14.333,1,26,1.0,1,1.0,1,0.878
9176932652,7.0,6,9,1.0,1,1.0,1,0.247
9176935651,50.333,49,51,1.0,1,1.0,1,0.023
9176935652,58.0,58,58,1.0,1,1.0,1,0.0
9176936651,375.0,320,483,1.333,2,1.333,2,0.249
9176936652,298.333,264,317,1.0,1,1.0,1,0.1
9176946651,515.667,9,815,1.667,2,1.667,2,0.856
9176946652,622.333,74,1295,1.333,2,1.333,2,0.996
9176956651,194.333,155,273,1.0,1,1.0,1,0.351
9176956652,4.0,1,7,1.0,1,1.0,1,1.061
9176957651,108.667,45,231,1.0,1,1.0,1,0.975
9176957652,56.333,7,105,1.0,1,1.0,1,0.87
9176977651,68.0,60,84,1.333,2,1.333,2,0.204
9176977652,111.333,109,116,1.0,1,1.0,1,0.036
9176988653,1.0,1,1,1.0,1,1.0,1,0.0
9176990171,110.333,102,127,1.0,1,1.0,1,0.131
9176990172,254.333,242,269,1.0,1,1.0,1,0.054
9176990660,51.0,31,91,1.0,1,1.0,1,0.679
9176990900,985.333,452,1552,1.0,1,1.0,1,0.559
9180200020,217.5,77,358,1.5,2,1.5,2,0.914
9180200080,241.333,73,473,1.0,1,1.0,1,0.859
9180200200,116.333,48,153,1.667,2,1.667,2,0.509
9180202000,137.667,136,141,2.0,2,2.0,2,0.021
9180206000,89.667,73,123,1.0,1,1.0,1,0.322
9180300020,50.667,1,76,1.0,1,1.0,1,0.849
9180301000,52.0,52,52,1.0,1,1.0,1,
9180306000,8.0,3,18,1.0,1,1.0,1,1.083
9180400020,232.667,231,236,1.0,1,1.0,1,0.012
9180404000,3.0,3,3,1.0,1,1.0,1,
9180600010,525.333,438,638,1.0,1,1.0,1,0.195
9180602000,382.0,92,535,3.333,4,3.333,4,0.658
9180602100,1.0,1,1,1.0,1,1.0,1,0.0
9180608000,47.667,2,139,1.0,1,1.0,1,1.659
9180608010,156.333,123,173,1.333,2,1.333,2,0.185
9180700020,440.0,330,532,1.333,2,1.333,2,0.232
9180701000,50.0,50,50,1.0,1,1.0,1,
9180703000,25.0,10,40,1.0,1,1.0,1,0.6
9180709000,200.5,185,216,1.0,1,1.0,1,0.109
9180800020,166.667,99,220,1.333,2,1.333,2,0.371
9180900020,264.667,165,330,1.667,2,1.667,2,0.331
9180904000,32.0,32,32,1.0,1,1.0,1,0.0
9183642000,529.333,481,611,2.333,3,2.333,3,0.134
9184200100,233.667,89,323,1.667,2,1.667,2,0.541
9184257000,105.0,5,155,1.0,1,1.0,1,0.825
9184502000,47.667,44,55,1.0,1,1.0,1,0.133
9184600000,43.0,43,43,1.0,1,1.0,1,0.0
9184602010,384.0,271,605,1.333,2,1.333,2,0.498
9184604010,3956.667,1910,8050,5.333,10,5.333,10,0.896
9184605005,449.667,427,481,1.0,1,1.0,1,0.062
9184606000,354.667,240,412,1.667,2,1.667,2,0.28
9184642005,45.667,44,49,1.0,1,1.0,1,0.063
9185160010,341.0,252,441,1.0,1,1.0,1,0.279
9186000000,123.667,6,239,1.333,2,1.333,2,0.942
9186100000,60.0,60,60,1.0,1,1.0,1,0.0
9189923000,83.0,73,92,1.0,1,1.0,1,0.115
9190117655,1.0,1,1,1.0,1,1.0,1,0.0
9190121655,316.5,131,502,1.5,2,1.5,2,0.829
9190521406,107.333,98,112,1.333,2,1.333,2,0.075
9190521407,100.0,50,192,1.333,2,1.333,2,0.798
9192117005,28.0,28,28,1.0,1,1.0,1,0.0
9192121005,175.0,150,200,1.0,1,1.0,1,0.202
9192122000,18.0,18,18,1.0,1,1.0,1,0.0
9192521402,15.0,15,15,1.0,1,1.0,1,0.0
9192921656,46.333,13,63,1.0,1,1.0,1,0.623
9192921657,31.667,25,45,1.0,1,1.0,1,0.365
9193290010,22.0,22,22,1.0,1,1.0,1,0.0
9193500000,6.0,6,6,1.0,1,1.0,1,
9193600000,5.0,5,5,1.0,1,1.0,1,0.0
9193900000,8.0,8,8,1.0,1,1.0,1,0.0
9199500000,12.0,5,25,1.0,1,1.0,1,0.939
9200112000,1846.0,346,3046,2.333,3,2.333,3,0.745
9200112001,455.333,269,591,2.333,3,2.333,3,0.366
9200117000,14.667,8,28,1.0,1,1.0,1,0.787
9200190000,687.667,406,886,1.333,2,1.333,2,0.364
9200190100,2.0,2,2,1.0,1,1.0,1,0.0
9204017000,920.0,815,1029,1.667,2,1.667,2,0.116
9204017030,91.0,77,98,1.0,1,1.0,1,0.133
9204090010,513.0,373,583,1.0,1,1.0,1,0.236
9204117000,216.667,210,230,1.0,1,1.0,1,0.053
9204317000,233.333,200,300,1.0,1,1.0,1,0.247
9205012160,379.0,154,529,2.0,2,2.0,2,0.524
9205012180,791.667,450,1125,1.0,1,1.0,1,0.426
9205012181,343.0,293,393,1.0,1,1.0,1,0.146
9211012180,207.333,174,244,1.667,2,1.0,1,0.169
9256601000,55.0,55,55,1.0,1,1.0,1,0.0
9256601030,47.0,47,47,1.0,1,1.0,1,0.0
9256601033,2.0,2,2,1.0,1,1.0,1,0.0
9256604000,42.667,42,43,1.0,1,1.0,1,0.014
9256604030,1.0,1,1,1.0,1,1.0,1,0.0
9256604033,23.0,23,23,1.0,1,1.0,1,0.0
9256611000,13.0,13,13,1.0,1,1.0,1,0.0
9256641030,9.0,6,13,1.0,1,1.0,1,0.401
9260004250,108.667,52,172,1.333,2,1.333,2,0.555
9260004280,913.0,785,1028,4.667,5,4.667,5,0.134
9260004350,987.0,757,1167,1.333,2,1.333,2,0.212
9260004380,991.333,839,1178,2.0,3,2.0,3,0.174
9260004500,2849.333,2494,3364,4.333,5,4.333,5,0.16
9260004530,1270.667,957,1744,3.0,4,3.0,4,0.328
9260006500,103.667,87,117,1.0,1,1.0,1,0.147
9260006530,161.333,153,173,2.0,2,2.0,2,0.065
9260090040,111.0,111,111,1.0,1,1.0,1,0.0
9260090050,630.667,580,680,1.0,1,1.0,1,0.079
9260090055,395.0,353,455,1.0,1,1.0,1,0.135
9260090060,9.0,9,9,1.0,1,1.0,1,0.0
9260204530,102.0,102,102,1.0,1,1.0,1,0.0
9260299250,113.333,110,120,1.0,1,1.0,1,0.051
9260304180,343.333,260,500,1.0,1,1.0,1,0.395
9260304250,153.333,40,230,1.0,1,1.0,1,0.653
9260304280,97.333,82,107,1.0,1,1.0,1,0.138
9260390000,633.333,440,790,2.0,2,2.0,2,0.281
9260390040,333.0,325,337,1.333,2,1.333,2,0.021
9261004500,3696.667,3340,4120,4.0,5,4.0,5,0.107
9261004530,1625.333,1468,1882,4.667,6,4.0,5,0.138
9261090000,329.0,329,329,1.0,1,1.0,1,0.0
9266104000,56.333,3,113,1.0,1,1.0,1,0.978
9266104030,18.0,13,23,1.0,1,1.0,1,0.393
9267004000,36.0,12,60,1.0,1,1.0,1,0.943
9270504500,840.333,678,1037,1.333,2,1.333,2,0.217
9270504530,192.667,178,216,1.667,3,1.333,2,0.106
9270504600,14.667,4,25,1.0,1,1.0,1,0.716
9271004500,250.333,187,317,1.0,1,1.0,1,0.26
9276304000,1632.667,1366,1766,1.333,2,1.333,2,0.141
9279004000,1131.667,915,1265,1.333,2,1.333,2,0.167
9280700000,2.667,2,4,1.0,1,1.0,1,0.433
9280700110,5.333,2,12,1.0,1,1.0,1,1.083
9280900000,13.333,1,22,1.333,2,1.333,2,0.823
9280900110,12.0,1,23,1.0,1,1.0,1,1.296
9280900140,21.333,12,26,1.0,1,1.0,1,0.379
9282600000,169.333,56,236,1.0,1,1.0,1,0.583
9282600001,55.0,55,55,1.0,1,1.0,1,0.0
9282600005,641.333,608,708,1.0,1,1.0,1,0.09
9282600030,106.667,106,107,1.0,1,1.0,1,0.005
9282600031,237.0,198,310,1.0,1,1.0,1,0.267
9282600034,147.0,112,165,1.0,1,1.0,1,0.206
9282809030,1817.0,1590,2041,3.333,4,3.333,4,0.124
9282909010,22.0,22,22,1.0,1,1.0,1,0.0
9283006010,6.333,3,8,1.0,1,1.0,1,0.456
9283009010,10.667,4,24,1.0,1,1.0,1,1.083
9283090090,76.333,35,159,1.0,1,1.0,1,0.938
9283117000,529.333,526,536,1.0,1,1.0,1,0.011
9283117030,254.333,242,272,2.333,3,2.0,2,0.062
9291402000,38.667,29,47,1.0,1,1.0,1,0.235
9291402020,32.0,32,32,1.0,1,1.0,1,0.0
9291602000,364.0,237,498,1.667,2,1.667,2,0.359
9291603000,130.0,130,130,1.0,1,1.0,1,0.0
9291605000,42.667,41,46,1.0,1,1.0,1,0.068
9291690000,35.0,35,35,1.0,1,1.0,1,0.0
9291902000,106.0,85,122,1.333,2,1.333,2,0.179
9291903000,4.0,4,4,1.0,1,1.0,1,0.0
9292402000,109.333,96,116,1.0,1,1.0,1,0.106
9293002720,64.0,38,90,1.0,1,1.0,1,0.575
9293102720,61.0,37,107,1.333,2,1.333,2,0.653
9293202000,98.0,98,98,1.0,1,1.0,1,0.0
9293302720,80.0,80,80,1.0,1,1.0,1,0.0
9293402000,6.0,6,6,1.0,1,1.0,1,0.0
9300011750,111.667,105,115,1.0,1,1.0,1,0.052
9302300000,9.5,1,18,1.0,1,1.0,1,1.265
9304104106,121.0,103,154,1.0,1,1.0,1,0.237
9304104606,401.0,316,552,1.333,2,1.333,2,0.327
9304104608,185.0,171,202,1.0,1,1.0,1,0.085
9304104826,206.333,203,208,1.0,1,1.0,1,0.014
9305104005,155.333,37,242,1.0,1,1.0,1,0.683
9306000000,11572.333,8889,12914,3.667,4,3.667,4,0.201
9307100000,253.0,234,291,1.0,1,1.0,1,0.13
9307222500,157.667,148,164,1.0,1,1.0,1,0.054
9307222506,798.667,381,1025,1.0,1,1.0,1,0.453
9315000000,1.0,1,1,1.0,1,1.0,1,0.0
9317002070,7.0,7,7,1.0,1,1.0,1,0.0
9317008050,4.333,4,5,1.0,1,1.0,1,0.133
9320090010,12.0,12,12,1.0,1,1.0,1,0.0
9325102000,43.333,20,67,1.0,1,1.0,1,0.542
9325106551,1.0,1,1,1.0,1,1.0,1,
9325106552,16.0,16,16,1.0,1,1.0,1,0.0
9325106721,8.333,7,9,1.0,1,1.0,1,0.139
9325106722,49.333,8,71,1.0,1,1.0,1,0.726
9325107000,56.0,56,56,1.0,1,1.0,1,0.0
9325107720,31.333,29,36,1.0,1,1.0,1,0.129
9325112000,32.667,32,34,1.0,1,1.0,1,0.035
9325116550,82.667,71,90,1.333,2,1.333,2,0.124
9325116720,73.667,32,100,1.333,2,1.333,2,0.495
9325119550,19.667,19,20,1.0,1,1.0,1,0.029
9325122631,29.333,28,30,1.0,1,1.0,1,0.039
9325122632,49.333,48,50,1.0,1,1.0,1,0.023
9325122721,21.333,18,23,1.0,1,1.0,1,0.135
9325122722,3.667,3,4,1.0,1,1.0,1,0.157
9325202000,45.667,28,77,1.0,1,1.0,1,0.596
9325206551,1.667,1,2,1.0,1,1.0,1,0.346
9325206552,14.0,14,14,1.0,1,1.0,1,0.0
9325206721,8.0,5,10,1.0,1,1.0,1,0.331
9325206722,5.333,5,6,1.0,1,1.0,1,0.108
9325207721,14.0,14,14,1.0,1,1.0,1,0.0
9325207722,2.0,2,2,1.0,1,1.0,1,0.0
9325208550,5.0,5,5,1.0,1,1.0,1,0.0
9325208720,13.333,7,17,1.0,1,1.0,1,0.413
9325216550,24.0,17,33,1.0,1,1.0,1,0.341
9325216720,45.0,20,71,1.333,2,1.333,2,0.567
9325217721,15.667,15,16,1.0,1,1.0,1,0.037
9325222631,3.333,1,8,1.0,1,1.0,1,1.212
9325222632,14.333,13,17,1.0,1,1.0,1,0.161
9325222721,4.0,1,10,1.0,1,1.0,1,1.299
9325222722,9.333,4,19,1.0,1,1.0,1,0.899
9325302000,198.0,167,223,1.0,1,1.0,1,0.144
9325306551,4.667,4,5,1.0,1,1.0,1,0.124
9325306552,6.0,6,6,1.0,1,1.0,1,0.0
9325306721,48.0,45,50,1.0,1,1.0,1,0.055
9325306722,22.0,17,28,1.0,1,1.0,1,0.253
9325307000,43.0,43,43,1.0,1,1.0,1,0.0
9325307720,47.667,37,53,1.0,1,1.0,1,0.194
9325307721,2.0,2,2,1.0,1,1.0,1,0.0
9325307722,8.0,8,8,1.0,1,1.0,1,0.0
9325308550,2.0,2,2,1.0,1,1.0,1,0.0
9325308720,10.667,10,12,1.0,1,1.0,1,0.108
9325312000,55.333,45,62,1.0,1,1.0,1,0.164
9325316550,50.333,19,76,1.0,1,1.0,1,0.575
9325316720,181.667,145,222,1.333,2,1.333,2,0.213
9325317721,6.0,6,6,1.0,1,1.0,1,0.0
9325317722,4.333,4,5,1.0,1,1.0,1,0.133
9325319550,22.0,20,23,1.0,1,1.0,1,0.079
9325322631,9.667,9,11,1.0,1,1.0,1,0.119
9325322632,19.0,7,27,1.0,1,1.0,1,0.557
9325322721,39.667,38,42,1.0,1,1.0,1,0.052
9325322722,34.333,30,39,1.0,1,1.0,1,0.131
9325322781,16.667,16,18,1.0,1,1.0,1,0.069
9325322782,10.667,10,12,1.0,1,1.0,1,0.108
9340520500,21.0,21,21,1.0,1,1.0,1,0.0
9340520590,203.0,196,213,2.0,2,2.0,2,0.044
9340520700,26.667,26,27,1.0,1,1.0,1,0.022
9340520790,193.667,187,197,3.0,3,3.0,3,0.03
9340521500,9.0,9,9,1.0,1,1.0,1,0.0
9340521590,104.0,104,104,1.667,2,1.667,2,0.0
9340521700,15.0,15,15,1.0,1,1.0,1,0.0
9340521790,57.0,25,96,1.0,1,1.0,1,0.632
9340720003,21.0,21,21,1.0,1,1.0,1,0.0
9340720500,20.333,19,21,1.333,2,1.333,2,0.057
9340720502,15.0,15,15,1.0,1,1.0,1,0.0
9340720590,770.0,592,903,4.333,6,3.333,4,0.208
9340720700,31.0,31,31,1.0,1,1.0,1,0.0
9340720790,366.0,272,463,2.667,3,2.667,3,0.261
9340721500,11.667,4,17,1.0,1,1.0,1,0.583
9340721590,97.0,92,101,1.0,1,1.0,1,0.047
9340721700,14.667,14,16,1.0,1,1.0,1,0.079
9340721790,88.333,79,93,1.0,1,1.0,1,0.092
9341020003,25.0,25,25,1.0,1,1.0,1,0.0
9341520003,14.0,14,14,1.0,1,1.0,1,0.0
9341520500,80.0,65,94,2.333,3,2.333,3,0.182
9341520501,13.0,13,13,1.0,1,1.0,1,0.0
9341520590,309.667,213,413,3.333,5,3.0,4,0.323
9341520700,84.667,45,125,1.333,2,1.333,2,0.472
9341520701,12.333,9,14,1.0,1,1.0,1,0.234
9341520790,347.333,259,439,3.0,4,3.0,4,0.259
9341521500,43.0,16,70,1.0,1,1.0,1,0.628
9341521590,190.0,139,229,2.0,2,2.0,2,0.243
9341521700,48.333,13,72,1.0,1,1.0,1,0.645
9341521790,218.0,148,253,3.0,4,3.0,4,0.278
9341590010,55.0,55,55,1.0,1,1.0,1,0.0
9341710700,13.0,13,13,1.0,1,1.0,1,0.0
9341720003,1.0,1,1,1.0,1,1.0,1,0.0
9341720500,84.333,62,101,2.667,3,2.667,3,0.238
9341720590,248.333,180,295,2.667,3,2.333,3,0.244
9341720700,45.0,27,63,1.0,1,1.0,1,0.566
9341720701,10.0,10,10,1.0,1,1.0,1,0.0
9341720790,303.0,211,377,3.0,3,3.0,3,0.279
9341721500,101.667,82,140,1.0,1,1.0,1,0.327
9341721590,164.333,151,186,2.0,2,2.0,2,0.115
9341721700,83.0,4,147,1.0,1,1.0,1,0.876
9341721790,184.333,170,193,3.333,4,3.333,4,0.068
9341790000,40.333,37,47,1.0,1,1.0,1,0.143
9342700500,3.333,2,4,1.0,1,1.0,1,0.346
9342700700,8.667,8,10,1.0,1,1.0,1,0.133
9342700900,9.667,9,11,1.0,1,1.0,1,0.119
9344120100,156.667,132,171,2.333,3,2.333,3,0.137
9344120190,162.333,131,181,2.333,5,2.0,4,0.168
9344121100,54.0,51,56,1.0,1,1.0,1,0.049
9344121190,112.333,46,191,2.0,2,2.0,2,0.652
9344220100,69.0,62,73,2.0,2,2.0,2,0.088
9344220190,110.667,99,132,1.667,3,1.333,2,0.167
9344221100,39.0,36,43,1.0,1,1.0,1,0.092
9344221190,25.0,15,30,1.0,1,1.0,1,0.346
9346500700,8.0,8,8,1.0,1,1.0,1,0.0
9346520702,12.0,12,12,1.0,1,1.0,1,0.0
9346520720,13.0,13,13,1.0,1,1.0,1,0.0
9346700700,2.0,2,2,1.0,1,1.0,1,
9346720700,13.0,13,13,1.0,1,1.0,1,0.0
9346900722,4.0,4,4,1.0,1,1.0,1,0.0
9347701700,6.5,1,12,1.0,1,1.0,1,1.197
9349920022,77.333,65,92,1.0,1,1.0,1,0.177
9349920023,49.0,49,49,1.0,1,1.0,1,0.0
9349920024,36.333,20,56,1.0,1,1.0,1,0.502
9349920042,54.0,54,54,1.0,1,1.0,1,0.0
9349920101,25.0,22,29,1.0,1,1.0,1,0.144
9349920102,55.0,53,59,2.0,2,2.0,2,0.063
9349920103,4.0,4,4,1.0,1,1.0,1,
9349920151,8.0,3,18,1.0,1,1.0,1,1.083
9349920152,23.667,22,27,1.0,1,1.0,1,0.122
9349920153,43.667,42,47,1.0,1,1.0,1,0.066
9349921022,43.667,15,96,1.0,1,1.0,1,1.039
9349921023,49.0,49,49,1.0,1,1.0,1,0.0
9349921024,37.0,37,37,1.0,1,1.0,1,0.0
9349921042,45.0,45,45,1.0,1,1.0,1,0.0
9349921101,6.667,5,10,1.0,1,1.0,1,0.433
9349921102,15.667,14,19,1.0,1,1.0,1,0.184
9349921103,9.667,8,13,1.0,1,1.0,1,0.299
9349921151,38.667,37,42,1.0,1,1.0,1,0.075
9349921152,35.0,20,45,1.0,1,1.0,1,0.378
9349921153,35.0,20,45,1.0,1,1.0,1,0.378
9351520500,16.0,16,16,1.0,1,1.0,1,0.0
9351520700,40.0,25,55,1.0,1,1.0,1,0.375
9351521700,20.0,15,30,1.0,1,1.0,1,0.433
9351720500,15.0,15,15,1.0,1,1.0,1,0.0
9351720700,29.333,11,66,1.0,1,1.0,1,1.083
9351721500,30.0,30,30,1.0,1,1.0,1,0.0
9351721700,60.0,60,60,1.0,1,1.0,1,0.0
9354220100,18.0,10,22,1.0,1,1.0,1,0.385
9354221100,25.0,25,25,1.0,1,1.0,1,0.0
9356500700,8.0,8,8,1.0,1,1.0,1,0.0
9356720700,21.0,21,21,1.0,1,1.0,1,0.0
9358002720,9.0,5,11,1.0,1,1.0,1,0.385
9359920101,24.0,24,24,1.0,1,1.0,1,0.0
9362190000,28.333,28,29,1.0,1,1.0,1,0.02
9362290000,54.667,42,80,1.0,1,1.0,1,0.401
9362290100,144.0,144,144,1.0,1,1.0,1,0.0
9362490000,252.0,13,434,1.0,1,1.0,1,0.858
9362490010,1.0,1,1,1.0,1,1.0,1,0.0
9362490020,180.0,180,180,1.0,1,1.0,1,0.0
9363002150,1.0,1,1,1.0,1,1.0,1,0.0
9363004090,113.333,110,120,1.0,1,1.0,1,0.051
9363004120,90.667,87,97,1.0,1,1.0,1,0.061
9363017120,26.667,26,28,1.0,1,1.0,1,0.043
9364001000,96.0,68,115,1.667,2,1.667,2,0.258
9364017000,37.0,6,53,2.0,3,2.0,3,0.726
9364601000,23.333,10,30,1.0,1,1.0,1,0.495
9365101000,23.0,15,27,1.667,2,1.667,2,0.301
9366001000,26.333,15,32,1.667,2,1.667,2,0.373
9382390550,241.667,125,475,1.0,1,1.0,1,0.836
9388190005,485.667,169,1119,1.333,2,1.333,2,1.129
9388190015,925.667,859,959,1.0,1,1.0,1,0.062
9400090110,133.0,129,136,1.333,2,1.333,2,0.027
9400090171,3507.333,3154,3844,2.0,3,2.0,3,0.098
9400090172,3963.333,3590,4630,2.667,4,1.667,3,0.146
9400090176,2166.667,2060,2280,1.0,1,1.0,1,0.051
9400090177,1873.333,1520,2230,1.0,1,1.0,1,0.19
9400090181,346.667,200,430,1.333,2,1.333,2,0.368
9400090182,964.0,954,974,1.333,2,1.333,2,0.01
9400090186,1285.333,1172,1432,1.333,2,1.333,2,0.104
9400090187,1116.667,1000,1260,1.667,2,1.667,2,0.118
9400090910,183.333,100,225,1.0,1,1.0,1,0.394
9400490001,15.0,15,15,1.0,1,1.0,1,0.0
9400490002,4.0,4,4,1.0,1,1.0,1,0.0
9400990006,1368.0,1368,1368,1.0,1,1.0,1,0.0
9400990007,988.0,988,988,2.0,2,2.0,2,0.0
9410917501,252.333,150,304,1.667,2,1.667,2,0.351
9410917502,40.667,40,41,1.0,1,1.0,1,0.014
9410917531,146.333,82,196,1.333,2,1.333,2,0.399
9410918531,93.667,79,123,1.0,1,1.0,1,0.271
9410927501,633.0,454,723,1.333,2,1.333,2,0.245
9410927502,629.333,336,1061,1.333,2,1.333,2,0.607
9410927506,933.333,50,1750,1.0,1,1.0,1,0.913
9410990006,52.667,36,86,1.0,1,1.0,1,0.548
9410990007,133.333,100,175,1.0,1,1.0,1,0.286
9410990186,1500.0,1500,1500,1.0,1,1.0,1,0.0
9411917501,1078.333,901,1264,2.333,3,2.333,3,0.168
9411917502,579.667,512,632,1.667,2,1.667,2,0.106
9411917506,1183.333,1100,1350,2.333,3,2.333,3,0.122
9411917507,350.0,250,400,1.0,1,1.0,1,0.247
9411917531,655.667,571,716,3.333,4,3.333,4,0.115
9411917536,200.0,200,200,2.0,2,2.0,2,0.0
9411927501,2049.0,1277,2619,3.667,5,3.667,5,0.338
9411927502,1800.667,1447,1993,3.333,4,3.333,4,0.17
9411927506,1521.333,638,2238,1.667,2,1.667,2,0.534
9411927507,1600.0,1000,2200,1.667,2,1.667,2,0.375
9411927531,232.333,216,257,3.0,4,3.0,4,0.094
9411927971,141.0,141,141,1.0,1,1.0,1,0.0
9411990178,1.0,1,1,1.0,1,1.0,1,0.0
9411990179,151.0,151,151,1.0,1,1.0,1,0.0
9411990187,617.0,617,617,1.0,1,1.0,1,0.0
9411990331,160.0,153,164,1.0,1,1.0,1,0.038
9411990332,155.333,151,158,1.0,1,1.0,1,0.024
9411990336,55.0,55,55,1.0,1,1.0,1,0.0
9411990337,51.0,36,81,1.0,1,1.0,1,0.509
9412818250,55.0,15,76,1.333,2,1.333,2,0.63
9412818300,144.333,138,156,1.0,1,1.0,1,0.07
9412818310,69.0,69,69,1.0,1,1.0,1,0.0
9412818350,86.667,86,87,1.333,2,1.333,2,0.007
9412818400,24.333,24,25,1.333,2,1.333,2,0.024
9412818450,107.333,107,108,1.0,1,1.0,1,0.005
9413917501,863.667,744,952,2.333,3,2.333,3,0.124
9413917502,1123.333,996,1369,2.333,3,2.333,3,0.189
9413917506,925.0,575,1225,2.333,3,2.333,3,0.354
9413917507,40.0,15,90,1.0,1,1.0,1,1.083
9413917531,817.0,752,925,5.0,7,4.667,6,0.115
9413917536,200.0,200,200,2.0,2,2.0,2,0.0
9413927501,707.667,586,836,1.0,1,1.0,1,0.177
9413927502,782.333,614,912,2.333,3,2.333,3,0.195
9413927506,933.667,867,1017,2.0,2,2.0,2,0.082
9413927507,129.0,29,229,1.0,1,1.0,1,0.775
9413927531,155.0,129,183,1.333,2,1.333,2,0.175
9413990172,366.667,360,370,1.0,1,1.0,1,0.016
9413990173,238.0,221,247,1.0,1,1.0,1,0.062
9413990183,533.0,533,533,1.0,1,1.0,1,0.0
9413990186,166.667,160,170,1.0,1,1.0,1,0.035
9413990189,234.0,234,234,1.0,1,1.0,1,0.0
9414607300,5.333,3,7,1.0,1,1.0,1,0.39
9415402001,336.667,190,544,2.0,3,2.0,3,0.548
9415402002,497.667,309,654,3.333,4,3.333,4,0.351
9415402501,263.333,162,330,2.333,3,2.333,3,0.339
9415402502,304.333,204,368,2.667,3,2.667,3,0.289
9416918251,161.667,1,317,1.333,2,1.333,2,0.978
9416918301,223.333,170,277,2.0,3,2.0,3,0.24
9416918351,143.667,124,165,2.333,4,2.333,4,0.143
9416918401,64.667,41,93,1.333,2,1.333,2,0.407
9416918451,114.0,70,147,1.333,2,1.333,2,0.348
9420817500,456.333,409,492,2.0,2,2.0,2,0.094
9420817530,38.0,23,49,1.333,2,1.333,2,0.354
9420827500,57.667,53,61,1.0,1,1.0,1,0.072
9420890120,193.0,193,193,1.0,1,1.0,1,0.0
9421917601,327.667,247,428,1.667,3,1.667,3,0.281
9421917602,288.0,224,321,2.667,4,2.667,4,0.192
9421927601,207.0,149,252,1.333,2,1.333,2,0.255
9421927602,182.0,122,263,1.0,1,1.0,1,0.4
9421990176,230.0,120,295,1.0,1,1.0,1,0.416
9422817500,40.5,20,61,2.0,2,2.0,2,0.716
9422817600,399.0,329,530,1.667,2,1.667,2,0.285
9422817630,148.0,44,204,1.0,1,1.0,1,0.609
9422827500,306.0,22,529,1.333,2,1.333,2,0.846
9422827600,566.333,465,643,1.667,2,1.667,2,0.162
9422827760,36.333,10,64,1.0,1,1.0,1,0.744
9422890000,652.0,650,653,1.0,1,1.0,1,0.003
9422890001,128.333,38,192,1.667,3,1.333,2,0.626
9422890170,126.667,60,180,1.333,2,1.333,2,0.482
9422890175,460.0,360,540,1.0,1,1.0,1,0.199
9431990101,83.333,80,90,1.0,1,1.0,1,0.069
9431990102,214.333,211,221,1.0,1,1.0,1,0.027
9431990111,82.0,82,82,1.0,1,1.0,1,0.0
9431990112,34.0,34,34,1.0,1,1.0,1,0.0
9432817600,49.333,2,78,1.0,1,1.0,1,0.837
9432890170,150.0,150,150,1.0,1,1.0,1,0.0
9440117551,5.667,1,10,1.0,1,1.0,1,0.796
9440117552,61.0,41,73,1.333,2,1.333,2,0.286
9440217551,33.333,24,40,1.333,2,1.333,2,0.25
9440217552,8.667,1,19,1.0,1,1.0,1,1.072
9440217601,32.667,25,38,1.0,1,1.0,1,0.208
9440217602,23.0,21,27,1.0,1,1.0,1,0.151
9442917551,82.0,66,100,1.0,1,1.0,1,0.208
9442917552,246.667,228,270,2.333,3,2.333,3,0.087
9442927551,163.667,15,272,1.333,2,1.333,2,0.814
9442927552,147.0,105,192,1.333,2,1.333,2,0.296
9442927701,92.0,92,92,2.0,2,2.0,2,
9442927702,96.333,92,99,1.333,2,1.333,2,0.039
9491301553,5.0,5,5,1.0,1,1.0,1,
9491302553,28.333,25,30,1.0,1,1.0,1,0.102
9491311653,70.0,70,70,1.0,1,1.0,1,
9491312653,15.0,5,30,1.0,1,1.0,1,0.882
9491390020,136.333,93,223,1.0,1,1.0,1,0.551
9491501653,66.667,50,100,1.333,2,1.333,2,0.433
9491502653,5.0,5,5,1.0,1,1.0,1,0.0
9491511653,8.333,5,10,1.0,1,1.0,1,0.346
9491590005,114.333,73,145,1.0,1,1.0,1,0.325
9491590145,1200.667,4,1934,1.0,1,1.0,1,0.87
9491602653,23.333,10,40,1.0,1,1.0,1,0.655
9491701652,40.667,38,42,1.0,1,1.0,1,0.057
9491702651,14.667,3,24,1.333,2,1.333,2,0.729
9491702652,3.0,3,3,1.0,1,1.0,1,
9491785651,4.0,2,5,1.0,1,1.0,1,0.433
9491785652,10.0,7,16,1.333,2,1.333,2,0.52
9491801651,45.333,45,46,1.0,1,1.0,1,0.013
9491801652,45.667,45,47,1.0,1,1.0,1,0.025
9491802651,82.0,78,89,1.333,2,1.333,2,0.074
9491802652,25.667,12,33,1.0,1,1.0,1,0.462
9492301553,44.333,1,76,1.0,1,1.0,1,0.876
9492301653,20.0,20,20,1.0,1,1.0,1,0.0
9492302551,78.333,25,140,3.0,5,2.333,3,0.74
9492302553,218.333,75,325,2.0,3,2.0,3,0.591
9492302556,133.333,100,150,1.0,1,1.0,1,0.217
9492311553,5.0,5,5,1.0,1,1.0,1,0.0
9492312553,31.667,5,50,1.0,1,1.0,1,0.746
9492312556,200.0,200,200,3.0,4,2.0,2,0.0
9492601553,17.0,9,25,1.0,1,1.0,1,0.666
9492602551,110.333,83,125,3.0,5,2.667,4,0.215
9492602553,58.333,45,65,1.0,1,1.0,1,0.198
9492602556,50.0,50,50,1.0,1,1.0,1,0.0
9492690010,70.0,70,70,1.333,2,1.333,2,0.0
9493801651,4.0,4,4,1.0,1,1.0,1,
9493801652,9.0,9,9,1.0,1,1.0,1,
9499103005,1.0,1,1,1.0,1,1.0,1,0.0
9511590010,131.333,98,198,1.0,1,1.0,1,0.44
9511590030,93.0,5,166,1.0,1,1.0,1,0.877
9554100000,106.5,106,107,1.0,1,1.0,1,0.007
9554100030,76.333,58,93,1.333,2,1.333,2,0.23
9560700000,126.667,100,140,1.0,1,1.0,1,0.182
9560800000,26.0,26,26,1.0,1,1.0,1,0.0
9562500000,142.667,70,218,1.0,1,1.0,1,0.519
9562700000,536.0,536,536,1.0,1,1.0,1,0.0
9563000000,91.0,91,91,1.0,1,1.0,1,0.0
9564090000,105.0,105,105,1.0,1,1.0,1,0.0
9567301000,58.333,57,61,1.0,1,1.0,1,0.04
9567302000,20.0,20,20,1.0,1,1.0,1,0.0
9610217004,3.0,3,3,1.0,1,1.0,1,0.0
9610417021,2.0,2,2,1.0,1,1.0,1,0.0
9610417200,22.333,21,25,1.0,1,1.0,1,0.103
9610417221,50.0,50,50,1.0,1,1.0,1,0.0
9610517200,37.0,37,37,1.0,1,1.0,1,0.0
9610617200,3.0,3,3,1.0,1,1.0,1,0.0
9610917200,58.0,8,158,1.333,2,1.333,2,1.493
9611995177,68.333,7,101,1.333,2,1.333,2,0.778
9633311035,148.0,148,148,1.0,1,1.0,1,0.0
9633811035,90.0,90,90,1.0,1,1.0,1,0.0
9660090000,258.333,37,407,1.0,1,1.0,1,0.756
9660231001,25.333,2,62,1.333,2,1.333,2,1.269
9660231011,39.0,39,39,1.0,1,1.0,1,0.0
9660232001,23.0,23,23,1.0,1,1.0,1,0.0
9660235001,21.0,21,21,1.0,1,1.0,1,0.0
9660290175,42.0,42,42,1.0,1,1.0,1,0.0
9662231000,24.0,24,24,1.0,1,1.0,1,0.0
9662232000,7.0,7,7,1.0,1,1.0,1,0.0
9662290175,65.333,62,72,1.0,1,1.0,1,0.088
9663236001,18.0,18,18,1.0,1,1.0,1,0.0
9664231001,30.0,30,30,1.0,1,1.0,1,0.0
9664236001,20.0,20,20,1.0,1,1.0,1,0.0
9700000100,53.333,52,56,1.0,1,1.0,1,0.043
9700090175,814.0,500,971,1.0,1,1.0,1,0.334
9700090176,187.0,187,187,1.0,1,1.0,1,0.0
9700090177,402.0,402,402,1.0,1,1.0,1,0.0
9700131001,7.0,7,7,1.0,1,1.0,1,0.0
9700131002,18.0,18,18,1.0,1,1.0,1,0.0
9700231001,671.667,505,1005,1.667,3,1.667,3,0.43
9700231002,582.667,512,724,1.333,2,1.333,2,0.21
9700235002,10.0,10,10,1.0,1,1.0,1,0.0
9700290175,223.333,180,260,1.0,1,1.0,1,0.181
9700390175,28.0,28,28,1.0,1,1.0,1,0.0
9720090171,219.0,219,219,1.0,1,1.0,1,0.0
9720090172,218.667,212,222,1.0,1,1.0,1,0.026
9720090176,187.333,174,204,1.0,1,1.0,1,0.082
9720090177,173.333,160,190,1.0,1,1.0,1,0.088
9730200000,5.0,5,5,1.0,1,1.0,1,0.0
9730301000,14.0,14,14,1.0,1,1.0,1,0.0
9730302000,18.0,18,18,1.0,1,1.0,1,0.0
9730303000,11.333,11,12,1.0,1,1.0,1,0.051
9730401000,25.0,25,25,1.0,1,1.0,1,0.0
9730402000,26.333,25,29,1.0,1,1.0,1,0.088
9730900000,20.0,20,20,1.0,1,1.0,1,0.0
9731701000,46.0,33,72,2.0,2,2.0,2,0.489
9732102000,39.333,39,40,1.0,1,1.0,1,0.015
9736003720,6.0,6,6,1.0,1,1.0,1,0.0
9736005720,23.0,23,23,1.0,1,1.0,1,0.0
9738003720,53.333,50,60,1.0,1,1.0,1,0.108
9738005720,6.0,6,6,1.0,1,1.0,1,0.0
9748601001,3.333,1,8,1.0,1,1.0,1,1.212
9748601002,62.333,62,63,1.0,1,1.0,1,0.009
9750019002,4.0,4,4,1.0,1,1.0,1,0.0
9750019003,302.0,302,302,1.0,1,1.0,1,0.0
9750130000,87.667,31,131,1.0,1,1.0,1,0.585
9750240000,71.5,71,72,1.0,1,1.0,1,0.01
9750240001,38.0,29,45,1.0,1,1.0,1,0.215
9750290000,88.667,40,114,1.0,1,1.0,1,0.475
9751180002,34.333,1,51,1.0,1,1.0,1,0.841
9751180005,65.0,65,65,1.0,1,1.0,1,0.0
9751250005,48.0,48,48,1.0,1,1.0,1,0.0
9751260002,10.0,10,10,1.0,1,1.0,1,0.0
9751260003,28.0,28,28,1.0,1,1.0,1,0.0
9751410011,300.333,137,502,2.0,4,1.333,2,0.618
9751410012,560.333,197,742,2.333,3,2.0,2,0.562
9751500000,34.333,26,51,1.0,1,1.0,1,0.42
9751500001,20.0,20,20,1.0,1,1.0,1,
9751500002,4.667,1,7,1.0,1,1.0,1,0.689
9751500003,121.0,52,179,1.0,1,1.0,1,0.531
9751500004,52.0,2,102,1.0,1,1.0,1,1.36
9751500005,23.5,2,45,1.0,1,1.0,1,1.294
9751500006,19.667,15,22,1.0,1,1.0,1,0.205
9751500007,20.0,20,20,1.0,1,1.0,1,
9751500009,22.5,20,25,1.0,1,1.0,1,0.157
9751610002,31.5,23,40,1.0,1,1.0,1,0.382
9751620001,60.667,1,93,1.0,1,1.0,1,0.853
9751620002,30.667,30,32,1.0,1,1.0,1,0.038
9751620003,2.0,2,2,1.0,1,1.0,1,0.0
9751620004,87.333,19,154,1.333,2,1.333,2,0.773
9751620009,48.333,45,50,1.0,1,1.0,1,0.06
9751620010,40.667,34,54,1.0,1,1.0,1,0.284
9751620013,82.667,60,94,1.0,1,1.0,1,0.237
9751620014,23.0,23,23,1.0,1,1.0,1,0.0
9751660006,206.0,150,234,1.0,1,1.0,1,0.235
9751660007,9.0,9,9,1.0,1,1.0,1,0.0
9751660008,7.0,7,7,1.0,1,1.0,1,0.0
9751670007,21.333,12,36,1.0,1,1.0,1,0.603
9751690001,75.667,39,149,1.0,1,1.0,1,0.839
9753010001,13.0,13,13,1.0,1,1.0,1,0.0
9753010002,11.0,11,11,1.0,1,1.0,1,0.0
9753010004,29.0,25,31,1.0,1,1.0,1,0.119
9753010007,33.333,32,34,1.0,1,1.0,1,0.035
9753010008,221.333,180,242,1.0,1,1.0,1,0.162
9753010009,41.333,41,42,1.0,1,1.0,1,0.014
9753010010,38.0,20,47,1.0,1,1.0,1,0.41
9753010012,37.0,37,37,1.0,1,1.0,1,0.0
9753010020,66.0,66,66,1.0,1,1.0,1,0.0
9753050002,2.0,2,2,1.0,1,1.0,1,
9856049,1052.667,9,1664,5.667,8,5.667,8,0.863
9856050,1057.667,725,1585,6.0,9,6.0,9,0.437
9856053,289.0,21,469,2.0,3,2.0,3,0.819
9856054,352.667,313,373,2.0,2,2.0,2,0.097
9856097,271.0,235,334,2.0,2,2.0,2,0.202
9856098,562.667,321,771,4.333,5,4.333,5,0.403
9857021,73.5,44,103,1.5,2,1.5,2,0.568
9857023,21.0,21,21,1.0,1,1.0,1,
9857024,8.0,8,8,1.0,1,1.0,1,
9857025,11.0,11,11,1.0,1,1.0,1,
9857026,6.0,1,11,1.0,1,1.0,1,1.179
9858022,168.0,168,168,1.0,1,1.0,1,
9858023,18.0,18,18,1.0,1,1.0,1,
9869114251,182.667,148,220,1.333,2,1.333,2,0.197
9869114252,106.0,4,208,1.5,2,1.5,2,1.361
9869114301,96.667,82,109,1.333,2,1.333,2,0.141
9869114302,56.0,27,91,1.333,2,1.333,2,0.579
9869114351,131.0,86,176,1.5,2,1.5,2,0.486
9869114352,94.333,21,156,1.333,2,1.333,2,0.724
9869114401,300.667,264,347,2.0,4,2.0,4,0.141
9869114402,192.667,135,277,1.333,2,1.333,2,0.388
9869131401,101.333,35,215,1.0,1,1.0,1,0.976
9869134251,73.667,37,92,1.0,1,1.0,1,0.431
9869134252,52.0,52,52,1.0,1,1.0,1,0.0
9869190111,113.667,96,129,2.0,2,2.0,2,0.146
9869190112,417.0,401,441,1.0,1,1.0,1,0.051
9874114251,33.0,2,64,1.0,1,1.0,1,1.329
9874114252,14.5,4,25,1.0,1,1.0,1,1.024
9874114301,12.333,9,14,1.0,1,1.0,1,0.234
9874114302,16.5,12,21,1.0,1,1.0,1,0.386
9874114351,1.0,1,1,1.0,1,1.0,1,0.0
9874114352,15.667,9,19,1.0,1,1.0,1,0.369
9874114401,14.0,10,16,1.0,1,1.0,1,0.247
9874114402,6.667,1,12,1.0,1,1.0,1,0.826
9879114251,6.667,1,16,1.0,1,1.0,1,1.222
9879114252,11.333,1,17,1.0,1,1.0,1,0.791
9879114301,19.667,4,46,1.0,1,1.0,1,1.167
9879114302,21.333,17,27,1.0,1,1.0,1,0.241
9879114351,27.333,25,30,1.0,1,1.0,1,0.092
9879114352,28.0,26,31,1.0,1,1.0,1,0.094
9879114401,13.0,5,21,1.0,1,1.0,1,0.87
9879114402,13.0,3,32,1.0,1,1.0,1,1.266
9950090120,805.333,788,839,1.0,1,1.0,1,0.036
9960090170,1005.667,774,1168,1.0,1,1.0,1,0.205
9960107001,413.0,173,734,2.333,4,2.333,4,0.7
9960107011,9.0,9,9,1.0,1,1.0,1,0.0
9960108001,65.0,65,65,1.0,1,1.0,1,0.0
9960207001,4065.0,3223,5546,8.667,11,7.333,8,0.317
9960207011,24.0,24,24,1.0,1,1.0,1,0.0
9960208001,25.667,8,60,1.0,1,1.0,1,1.159
9960208301,384.0,350,416,1.333,2,1.333,2,0.086
9960307001,994.333,886,1094,3.0,4,3.0,4,0.105
9960307011,4.0,4,4,1.0,1,1.0,1,0.0
9960308001,32.667,20,52,1.0,1,1.0,1,0.521
9960308301,346.333,245,434,1.667,2,1.667,2,0.275
9960407001,316.667,267,364,1.667,2,1.667,2,0.153
9960407006,25.0,25,25,1.0,1,1.0,1,0.0
9960407011,176.0,146,211,1.0,1,1.0,1,0.186
9960407016,22.0,16,34,1.0,1,1.0,1,0.472
9960408001,53.0,44,71,1.0,1,1.0,1,0.294
9960408301,17.0,17,17,1.0,1,1.0,1,0.0
9960507001,602.0,1,1770,2.0,4,2.0,4,1.68
9960508001,20.667,20,22,1.0,1,1.0,1,0.056
9962107001,335.0,328,349,1.0,1,1.0,1,0.036
9962207001,44.0,36,51,1.0,1,1.0,1,0.172
9962307001,47.333,27,63,1.333,2,1.333,2,0.39
9962407001,96.0,60,156,1.0,1,1.0,1,0.545
9962507001,118.333,10,212,1.0,1,1.0,1,0.86
9963107001,28.333,27,31,1.0,1,1.0,1,0.082
9963207001,39.667,38,41,1.0,1,1.0,1,0.039
9963307001,69.667,60,87,1.667,3,1.667,3,0.216
9963407001,14.667,3,26,1.333,2,1.333,2,0.784
9963507001,42.0,18,61,1.0,1,1.0,1,0.522
9964107000,700.0,486,839,2.333,3,2.333,3,0.269
9964127000,812.0,737,962,1.333,2,1.333,2,0.16
9964207000,155.0,58,252,1.0,1,1.0,1,0.885
9964227000,409.333,384,460,1.0,1,1.0,1,0.107
9964307000,165.333,8,397,2.0,2,2.0,2,1.239
9964327000,54.0,54,54,1.0,1,1.0,1,0.0
9964407000,49.0,43,55,1.0,1,1.0,1,0.122
9964427000,182.667,150,199,1.0,1,1.0,1,0.155
9964507000,204.0,204,204,1.0,1,1.0,1,0.0
9964527000,199.0,199,199,1.0,1,1.0,1,0.0
9965107000,10.333,7,13,1.0,1,1.0,1,0.296
9965207000,48.667,48,50,1.0,1,1.0,1,0.024
9965307000,23.333,10,50,1.0,1,1.0,1,0.99
9965407000,10.667,10,11,1.0,1,1.0,1,0.054
9965507000,205.667,11,303,1.0,1,1.0,1,0.82
9966207000,39.0,11,88,1.667,3,1.667,3,1.092
9966307000,50.0,50,50,1.0,1,1.0,1,0.0
9966407000,13.667,13,15,1.0,1,1.0,1,0.084
9966507000,75.333,40,93,1.0,1,1.0,1,0.406
9967207001,108.333,102,114,1.0,1,1.0,1,0.056
9967207201,54.667,22,110,1.333,2,1.333,2,0.881
9967207202,49.333,46,56,1.0,1,1.0,1,0.117
9967208001,141.0,141,141,1.0,1,1.0,1,0.0
9967208201,55.333,8,84,1.333,2,1.333,2,0.746
9967208202,63.0,37,115,1.0,1,1.0,1,0.715
9967307001,321.667,309,346,1.0,1,1.0,1,0.066
9967307201,37.667,6,71,1.0,1,1.0,1,0.864
9967307202,165.333,152,192,1.0,1,1.0,1,0.14
9967308001,31.0,3,58,1.0,1,1.0,1,0.888
9967308201,53.667,3,149,1.667,2,1.667,2,1.539
9967308202,64.0,4,109,1.333,2,1.333,2,0.845
9967407001,68.333,63,79,1.0,1,1.0,1,0.135
9967407201,8.333,1,22,1.0,1,1.0,1,1.422
9967407202,9.667,1,14,1.0,1,1.0,1,0.776
9967408001,25.333,24,26,1.0,1,1.0,1,0.046
9967408201,19.0,19,19,1.0,1,1.0,1,
9967408202,9.333,8,10,1.0,1,1.0,1,0.124
9967507001,68.333,51,102,1.0,1,1.0,1,0.427
9967507201,220.333,175,272,2.333,3,2.333,3,0.222
9967507202,242.667,227,274,1.333,2,1.333,2,0.112
9967508001,8.0,8,8,1.0,1,1.0,1,0.0
9967508201,80.0,80,80,1.0,1,1.0,1,0.0
9967508202,7.0,7,7,1.0,1,1.0,1,0.0
9968107000,22.667,2,34,1.0,1,1.0,1,0.791
9968207000,17.0,2,25,1.0,1,1.0,1,0.765
9968307000,37.5,37,38,1.0,1,1.0,1,0.019
9968407000,26.0,26,26,1.0,1,1.0,1,
9968507000,20.667,16,30,1.0,1,1.0,1,0.391
9969207000,163.0,163,163,2.0,2,2.0,2,
9969207100,34.0,33,35,1.0,1,1.0,1,0.042
9969307000,35.5,2,69,1.0,1,1.0,1,1.335
9969307100,32.667,15,67,1.0,1,1.0,1,0.91
9969407000,16.333,16,17,1.0,1,1.0,1,0.035
9969407100,18.0,18,18,1.0,1,1.0,1,0.0
9969507000,22.333,22,23,1.0,1,1.0,1,0.026
9969507100,15.333,14,18,1.0,1,1.0,1,0.151
A000042046,214.0,41,560,5.667,14,5.667,14,1.4
A000071180,2273.0,2068,2664,3.667,4,3.667,4,0.149
A000071181,7539.333,6311,8854,11.667,14,11.667,14,0.169
A000071182,488.333,485,495,2.0,2,2.0,2,0.012
A000071190,880.0,680,1040,3.667,5,3.667,5,0.208
A000071191,3389.667,3066,3776,4.667,5,4.667,5,0.106
A000071193,547.667,491,581,2.333,3,2.333,3,0.09
A000071258,186.667,170,200,1.0,1,1.0,1,0.082
A000071259,1874.333,1491,2251,1.0,1,1.0,1,0.203
A000084691,2.0,2,2,1.0,1,1.0,1,
A000084787,44.0,24,57,1.0,1,1.0,1,0.4
A000084792,2.0,1,3,1.0,1,1.0,1,0.5
A000084797,2.667,2,4,1.0,1,1.0,1,0.433
A000084798,12.667,12,14,1.0,1,1.0,1,0.091
A000084801,185.0,120,250,1.5,2,1.5,2,0.497
A000126955,480.667,325,563,1.0,1,1.0,1,0.281
A000127006,600.0,400,800,1.667,2,1.667,2,0.333
A000127007,600.0,400,800,1.667,2,1.667,2,0.333
A000127008,152.667,96,236,2.333,3,2.333,3,0.483
A000127009,140.667,100,216,1.333,2,1.333,2,0.464
A000127032,428.333,417,434,1.0,1,1.0,1,0.023
A000127033,567.0,567,567,1.0,1,1.0,1,0.0
A000127127,100.0,100,100,1.0,1,1.0,1,0.0
A000127130,21.667,14,26,1.0,1,1.0,1,0.307
A000127131,27.0,19,31,1.0,1,1.0,1,0.257
A000127134,4833.333,3500,6250,1.0,1,1.0,1,0.285
A000127135,250.0,250,250,1.0,1,1.0,1,0.0
A000127136,6272.0,5772,7272,1.0,1,1.0,1,0.138
A000127409,1354.667,1242,1499,2.0,2,2.0,2,0.097
A000127421,30.667,24,34,1.0,1,1.0,1,0.188
A000127587,446.667,349,618,1.333,2,1.333,2,0.333
A000127605,30.0,30,30,1.0,1,1.0,1,
A000127627,192.0,157,228,1.0,1,1.0,1,0.185
A000127664,723.667,532,1093,1.667,3,1.333,2,0.442
A000128105,3.0,1,4,1.0,1,1.0,1,0.577
A000128171,10.0,10,10,1.0,1,1.0,1,0.0
A000130003,9.0,9,9,1.0,1,1.0,1,0.0
A000130012,7.0,1,16,1.0,1,1.0,1,1.134
A000130090,4.0,4,4,1.0,1,1.0,1,
A000130177,10.0,10,10,1.0,1,1.0,1,0.0
A000130210,14.667,8,28,1.0,1,1.0,1,0.787
A000130221,7.667,7,8,1.0,1,1.0,1,0.075
A000130225,116.667,70,140,1.0,1,1.0,1,0.346
A000130233,8.333,6,11,1.0,1,1.0,1,0.302
A000130236,3.0,3,3,1.0,1,1.0,1,
A000130254,15.667,5,25,1.0,1,1.0,1,0.643
A000130255,14.5,10,19,1.5,2,1.5,2,0.439
A000130265,2.0,2,2,2.0,2,2.0,2,
A000130266,1.0,1,1,1.0,1,1.0,1,
A000130270,201.333,133,238,1.333,2,1.333,2,0.294
A000130342,6.333,5,7,1.0,1,1.0,1,0.182
A000130343,3.333,2,5,1.0,1,1.0,1,0.458
A000130406,56.0,34,69,1.0,1,1.0,1,0.342
A000130414,21.333,16,26,1.0,1,1.0,1,0.236
A000130415,9.333,3,13,1.0,1,1.0,1,0.59
A000130416,20.0,20,20,1.0,1,1.0,1,0.0
A000130423,13.0,8,19,1.0,1,1.0,1,0.428
A000130453,24.333,19,27,1.0,1,1.0,1,0.19
A000130459,189.333,155,226,1.0,1,1.0,1,0.188
A000130478,3.667,3,4,1.0,1,1.0,1,0.157
A000130511,1.0,1,1,1.0,1,1.0,1,0.0
A000130539,1.0,1,1,1.0,1,1.0,1,0.0
A000130543,4.0,4,4,1.0,1,1.0,1,
A000130551,1.0,1,1,1.0,1,1.0,1,
A000130555,3.667,3,4,1.0,1,1.0,1,0.157
A000130558,21.0,11,31,1.0,1,1.0,1,0.673
A000130625,4.0,4,4,1.0,1,1.0,1,0.0
A000130626,11.0,11,11,1.0,1,1.0,1,0.0
A000130659,10.0,10,10,1.0,1,1.0,1,0.0
A000130948,20.0,20,20,1.0,1,1.0,1,
A000130980,1.0,1,1,1.0,1,1.0,1,
A000131016,1.0,1,1,1.0,1,1.0,1,
A000131031,5.0,5,5,1.0,1,1.0,1,0.0
A000131032,3.0,3,3,1.0,1,1.0,1,0.0
A000131041,47.5,43,52,1.0,1,1.0,1,0.134
A000131042,37.0,27,55,1.0,1,1.0,1,0.422
A000131045,5.333,4,6,1.0,1,1.0,1,0.217
A000131046,4.667,3,7,1.0,1,1.0,1,0.446
A000131048,1.0,1,1,1.0,1,1.0,1,
A000131126,13.333,12,14,1.0,1,1.0,1,0.087
A000131151,3.0,1,4,1.0,1,1.0,1,0.577
A000131159,1.0,1,1,1.0,1,1.0,1,
A000131217,4.0,4,4,1.0,1,1.0,1,0.0
A000131220,4.0,4,4,1.0,1,1.0,1,
A000131258,1.0,1,1,1.0,1,1.0,1,0.0
A000131552,15.0,15,15,1.0,1,1.0,1,0.0
A000131556,1.0,1,1,1.0,1,1.0,1,0.0
A000131557,1.0,1,1,1.0,1,1.0,1,
A000131558,1.0,1,1,1.0,1,1.0,1,
A000131569,1.0,1,1,1.0,1,1.0,1,0.0
A000131599,1.0,1,1,1.0,1,1.0,1,0.0
A000131613,1.0,1,1,1.0,1,1.0,1,
A000131615,34.0,33,35,1.0,1,1.0,1,0.042
A000131772,39.0,39,39,1.0,1,1.0,1,0.0
A000131773,5.0,5,5,1.0,1,1.0,1,
A000131813,2.0,2,2,1.0,1,1.0,1,0.0
A000131921,32.0,32,32,1.0,1,1.0,1,0.0
A000131936,50.0,50,50,1.0,1,1.0,1,0.0
A000131940,25.0,25,25,1.0,1,1.0,1,0.0
A000131942,11.0,11,11,1.0,1,1.0,1,0.0
A000131943,100.0,100,100,1.0,1,1.0,1,
A000131950,674.333,591,716,1.0,1,1.0,1,0.107
A000131963,4758.333,4425,4925,4.0,4,4.0,4,0.061
A000131975,11.0,11,11,1.0,1,1.0,1,0.0
A000131984,83.333,25,125,1.0,1,1.0,1,0.624
A000131992,37.5,25,50,1.0,1,1.0,1,0.471
A000131993,12.667,6,16,1.0,1,1.0,1,0.456
A000131994,66.667,50,100,1.0,1,1.0,1,0.433
A000131997,350.0,350,350,1.0,1,1.0,1,0.0
A000131998,5.0,5,5,1.0,1,1.0,1,0.0
A000131999,91.0,57,134,1.333,2,1.333,2,0.432
A000132016,143.667,127,152,1.0,1,1.0,1,0.1
A000132017,19.0,19,19,1.0,1,1.0,1,0.0
A000132022,425.0,425,425,1.0,1,1.0,1,0.0
A000132026,97.333,84,109,1.0,1,1.0,1,0.129
A000132046,33.333,25,50,1.0,1,1.0,1,0.433
A000132054,121.0,121,121,1.0,1,1.0,1,0.0
A000132063,254.0,254,254,2.0,2,2.0,2,0.0
A000132067,25.0,25,25,1.0,1,1.0,1,0.0
A000132068,63.0,61,64,1.0,1,1.0,1,0.027
A000132069,135.667,99,154,2.0,2,2.0,2,0.234
A000132070,241.667,225,250,1.333,2,1.333,2,0.06
A000132071,78.0,76,79,1.0,1,1.0,1,0.022
A000132072,73.0,73,73,1.0,1,1.0,1,0.0
A000132073,191.667,175,200,1.0,1,1.0,1,0.075
A000132084,94.0,94,94,1.0,1,1.0,1,0.0
A000132090,5.333,5,6,1.0,1,1.0,1,0.108
A000132421,4.0,3,6,1.0,1,1.0,1,0.433
A000132424,15.667,14,18,1.0,1,1.0,1,0.133
A000132425,2.333,1,3,1.0,1,1.0,1,0.495
A000132427,1.0,1,1,1.0,1,1.0,1,0.0
A000132438,1.0,1,1,1.0,1,1.0,1,0.0
A000132440,1.0,1,1,1.0,1,1.0,1,0.0
A000132442,5.0,3,6,1.0,1,1.0,1,0.346
A000132443,2.0,2,2,1.0,1,1.0,1,0.0
A000132446,2.0,2,2,1.0,1,1.0,1,0.0
A000132448,2.0,2,2,1.0,1,1.0,1,0.0
A000132460,8.667,2,19,1.0,1,1.0,1,1.047
A000132461,1.0,1,1,1.0,1,1.0,1,
A000132471,2.0,1,3,1.5,2,1.5,2,0.707
A000132473,2.333,1,3,1.333,2,1.333,2,0.495
A000132474,4.333,2,8,1.0,1,1.0,1,0.742
A000132477,9.0,8,11,1.0,1,1.0,1,0.192
A000132483,10.0,10,10,1.0,1,1.0,1,0.0
A000132484,9.0,9,9,1.0,1,1.0,1,0.0
A000132485,1.0,1,1,1.0,1,1.0,1,
A000132487,6.0,5,8,1.0,1,1.0,1,0.289
A000133008,15.667,11,18,1.0,1,1.0,1,0.258
A000133023,920.333,833,1033,1.333,2,1.333,2,0.111
A000133098,255.0,255,255,2.0,2,2.0,2,0.0
A000133174,22.333,15,35,1.0,1,1.0,1,0.493
A000133176,2.0,2,2,1.0,1,1.0,1,
A000133399,5.333,2,7,1.0,1,1.0,1,0.541
A000133401,3.0,3,3,1.0,1,1.0,1,0.0
A000133402,50.0,50,50,1.0,1,1.0,1,
A000133425,1.0,1,1,1.0,1,1.0,1,0.0
A000133626,175.0,150,200,1.0,1,1.0,1,0.202
A000133628,25.0,25,25,1.0,1,1.0,1,0.0
A000133630,75.0,75,75,1.0,1,1.0,1,0.0
A000133632,25.0,25,25,1.0,1,1.0,1,0.0
A000133801,50.0,50,50,1.0,1,1.0,1,0.0
A000133803,75.0,75,75,1.0,1,1.0,1,0.0
A000134180,87.5,50,125,1.0,1,1.0,1,0.606
A000134181,100.0,100,100,1.0,1,1.0,1,0.0
A000134182,137.5,125,150,1.0,1,1.0,1,0.129
A000134183,50.0,50,50,1.0,1,1.0,1,
A000135503,25.0,25,25,1.0,1,1.0,1,
A000135504,75.0,75,75,1.0,1,1.0,1,0.0
A000135506,125.0,125,125,1.0,1,1.0,1,0.0
A000135507,49.0,49,49,1.0,1,1.0,1,0.0
A000135509,149.0,149,149,1.0,1,1.0,1,0.0
A000135513,62.5,25,100,1.0,1,1.0,1,0.849
A000135516,99.5,99,100,2.0,2,2.0,2,0.007
A000135754,125.0,125,125,1.0,1,1.0,1,0.0
A000135756,75.0,75,75,1.0,1,1.0,1,0.0
A000135760,100.0,100,100,1.0,1,1.0,1,0.0
A000135770,39.5,27,52,1.0,1,1.0,1,0.448
A000135773,50.0,50,50,1.0,1,1.0,1,0.0
A000135775,99.0,99,99,1.0,1,1.0,1,0.0
A000135776,62.5,50,75,1.0,1,1.0,1,0.283
A000135778,87.5,75,100,1.0,1,1.0,1,0.202
A000135788,24.0,24,24,1.0,1,1.0,1,0.0
A000135790,175.0,175,175,1.0,1,1.0,1,0.0
A000135803,87.5,75,100,1.0,1,1.0,1,0.202
A000135812,37.5,25,50,1.0,1,1.0,1,0.471
A000135819,12.0,12,12,1.0,1,1.0,1,0.0
A000135822,61.5,24,99,1.0,1,1.0,1,0.862
A000135833,50.0,25,75,1.0,1,1.0,1,0.707
A000139527,3.0,3,3,1.0,1,1.0,1,
A000139531,3.0,3,3,1.0,1,1.0,1,
A000139560,2.0,2,2,1.0,1,1.0,1,
A000139566,158.0,158,158,2.0,2,2.0,2,0.0
A000139582,45.0,45,45,1.0,1,1.0,1,0.0
A000139585,300.0,300,300,1.0,1,1.0,1,0.0
A000139586,140.0,140,140,1.0,1,1.0,1,0.0
A000139587,200.0,200,200,1.0,1,1.0,1,0.0
A000139589,566.667,250,950,1.0,1,1.0,1,0.626
A000140194,15.0,15,15,2.0,2,2.0,2,0.0
A000140325,4.0,4,4,1.0,1,1.0,1,0.0
A000140326,10.333,7,12,1.0,1,1.0,1,0.279
A000140327,2.0,2,2,1.0,1,1.0,1,
A000141076,136.0,136,136,1.0,1,1.0,1,0.0
A000141077,92.0,92,92,1.0,1,1.0,1,0.0
A000141080,128.0,128,128,1.0,1,1.0,1,0.0
A000141082,6674.0,4999,9974,2.333,3,2.333,3,0.428
A000141083,1759.667,293,3793,1.0,1,1.0,1,1.033
A000141085,260.333,257,267,1.0,1,1.0,1,0.022
A000141098,217.0,217,217,1.0,1,1.0,1,0.0
A000141100,234.667,228,248,1.0,1,1.0,1,0.049
A000141103,15.0,15,15,1.0,1,1.0,1,0.0
A000141401,436.0,236,636,1.0,1,1.0,1,0.649
A000141402,506.667,330,750,1.0,1,1.0,1,0.43
A000141403,253.333,200,280,1.0,1,1.0,1,0.182
A000141405,4.5,1,8,1.0,1,1.0,1,1.1
A000141407,2475.0,1775,2945,1.0,1,1.0,1,0.25
A000141409,278.5,119,438,1.0,1,1.0,1,0.81
A000141411,416.667,320,500,1.0,1,1.0,1,0.218
A000141414,14.0,14,14,1.0,1,1.0,1,0.0
A000141422,22.0,22,22,1.0,1,1.0,1,0.0
A000141423,30.667,14,64,1.0,1,1.0,1,0.941
A000141425,70.0,70,70,1.0,1,1.0,1,0.0
A000141426,30.0,30,30,1.0,1,1.0,1,0.0
A000141427,93.0,93,93,1.0,1,1.0,1,0.0
A000141431,10.0,10,10,1.0,1,1.0,1,0.0
A000141432,14.0,14,14,1.0,1,1.0,1,0.0
A000141433,70.0,70,70,1.0,1,1.0,1,0.0
A000141435,75.0,75,75,1.0,1,1.0,1,0.0
A000141436,49.0,49,49,1.0,1,1.0,1,0.0
A000141440,3.0,3,3,1.0,1,1.0,1,0.0
A000141441,5.0,5,5,1.0,1,1.0,1,0.0
A000141443,13.0,13,13,1.0,1,1.0,1,0.0
A000141444,2.0,2,2,1.0,1,1.0,1,0.0
A000141445,4.0,4,4,1.0,1,1.0,1,0.0
A000141450,22.0,22,22,1.0,1,1.0,1,0.0
A000141451,80.0,80,80,1.0,1,1.0,1,0.0
A000141454,8.0,8,8,1.0,1,1.0,1,0.0
A000141456,2.0,2,2,1.0,1,1.0,1,0.0
A000141458,40.0,40,40,1.0,1,1.0,1,0.0
A000141459,110.0,110,110,1.0,1,1.0,1,0.0
A000141464,2.0,2,2,1.0,1,1.0,1,0.0
A000141478,17.333,4,34,1.0,1,1.0,1,0.881
A000141479,17.333,4,44,1.0,1,1.0,1,1.332
A000141480,54.0,34,84,1.0,1,1.0,1,0.49
A000141481,21.333,8,38,1.0,1,1.0,1,0.716
A000141482,20.0,20,20,1.0,1,1.0,1,
A000141986,2.0,2,2,1.0,1,1.0,1,0.0
A000142204,113.667,37,152,1.0,1,1.0,1,0.584
A000142205,22.0,16,25,1.0,1,1.0,1,0.236
A000142206,110.667,34,254,1.0,1,1.0,1,1.123
A000142207,7.667,4,15,1.0,1,1.0,1,0.828
A000142208,214.333,8,320,1.667,2,1.667,2,0.834
A000142209,29.333,8,45,1.0,1,1.0,1,0.652
A000142210,24.667,18,28,1.0,1,1.0,1,0.234
A000142211,10.0,9,12,1.0,1,1.0,1,0.173
A000142213,2.667,2,4,1.0,1,1.0,1,0.433
A000142215,2.0,2,2,1.0,1,1.0,1,0.0
A000142216,87.0,59,143,1.0,1,1.0,1,0.557
A000142217,58.0,5,85,1.0,1,1.0,1,0.791
A000142218,2.0,2,2,1.0,1,1.0,1,0.0
A000142219,10.0,10,10,1.0,1,1.0,1,
A000142221,7.0,7,7,1.0,1,1.0,1,
A000142225,76.333,73,78,1.0,1,1.0,1,0.038
A000142226,3.0,3,3,1.0,1,1.0,1,0.0
A000142227,7.0,7,7,1.0,1,1.0,1,0.0
A000142229,110.333,80,133,1.0,1,1.0,1,0.248
A000142230,133.0,121,145,1.667,2,1.667,2,0.09
A000142231,30.0,30,30,1.0,1,1.0,1,0.0
A000142232,1.0,1,1,1.0,1,1.0,1,
A000142233,109.0,109,109,1.0,1,1.0,1,
A000142369,90.0,80,100,1.0,1,1.0,1,0.157
A000142867,210.0,210,210,1.0,1,1.0,1,0.0
A000142869,457.0,457,457,1.0,1,1.0,1,0.0
A000142873,800.0,800,800,1.0,1,1.0,1,0.0
A000142874,438.0,438,438,1.0,1,1.0,1,0.0
A000142875,1372.0,1369,1378,1.0,1,1.0,1,0.004
A000142879,1142.0,1142,1142,1.0,1,1.0,1,0.0
A000142882,446.333,433,453,1.0,1,1.0,1,0.026
A000142886,82.0,50,98,1.0,1,1.0,1,0.338
A000142888,1891.0,1891,1891,1.0,1,1.0,1,0.0
A000142889,200.0,200,200,1.0,1,1.0,1,0.0
A000142923,15.0,15,15,1.0,1,1.0,1,0.0
A000142932,82.0,50,98,1.0,1,1.0,1,0.338
A000142933,3.0,3,3,1.0,1,1.0,1,0.0
A000142934,478.0,318,598,1.667,2,1.667,2,0.302
A000142935,150.0,150,150,1.0,1,1.0,1,0.0
A000142939,292.0,292,292,2.0,2,2.0,2,0.0
A000142941,126.0,126,126,2.0,2,2.0,2,
A000142953,22.667,20,24,1.0,1,1.0,1,0.102
A000142957,261.333,150,317,1.0,1,1.0,1,0.369
A000142966,500.0,500,500,1.0,1,1.0,1,0.0
A000142968,27.0,27,27,1.0,1,1.0,1,0.0
A000142969,46.0,20,59,1.0,1,1.0,1,0.489
A000143003,16.667,10,20,1.0,1,1.0,1,0.346
A000143010,13.0,5,17,1.0,1,1.0,1,0.533
A000143019,50.0,50,50,1.0,1,1.0,1,0.0
A000143021,2879.0,2879,2879,4.667,5,4.667,5,0.0
A000143022,452.0,444,456,1.0,1,1.0,1,0.015
A000143023,947.0,947,947,1.0,1,1.0,1,0.0
A000143024,360.667,360,362,2.0,2,2.0,2,0.003
A000143025,268.333,265,275,1.0,1,1.0,1,0.022
A000143027,980.0,980,980,1.0,1,1.0,1,0.0
A000143028,832.333,791,873,1.0,1,1.0,1,0.049
A000143029,228.333,215,235,1.0,1,1.0,1,0.051
A000143030,1699.333,1000,2099,2.667,3,2.667,3,0.358
A000143032,48.333,25,60,1.0,1,1.0,1,0.418
A000143035,13.667,7,17,1.0,1,1.0,1,0.422
A000143036,15.0,15,15,1.0,1,1.0,1,0.0
A000143045,10.0,10,10,1.0,1,1.0,1,0.0
A000143310,4.0,4,4,1.0,1,1.0,1,0.0
A000143316,9.0,9,9,1.0,1,1.0,1,0.0
A000143319,22.0,22,22,1.0,1,1.0,1,0.0
A000143324,3681.0,2351,4346,1.0,1,1.0,1,0.313
A000143329,116.667,100,150,1.0,1,1.0,1,0.247
A000143330,1035.333,935,1165,2.0,2,2.0,2,0.114
A000143331,2.0,2,2,1.0,1,1.0,1,0.0
A000143332,4.667,4,5,1.0,1,1.0,1,0.124
A000143334,7.0,7,7,1.0,1,1.0,1,0.0
A000143339,1696.0,1086,2206,1.0,1,1.0,1,0.334
A000143340,7.333,4,14,1.0,1,1.0,1,0.787
A000143341,49.0,49,49,1.0,1,1.0,1,0.0
A000143342,60.0,30,80,1.0,1,1.0,1,0.441
A000143343,70.333,47,97,1.0,1,1.0,1,0.358
A000143345,27.333,26,28,1.0,1,1.0,1,0.042
A000143346,70.0,70,70,1.0,1,1.0,1,
A000143347,1120.667,874,1344,1.0,1,1.0,1,0.21
A000143348,24.0,8,40,1.0,1,1.0,1,0.943
A000143350,15.667,9,29,1.0,1,1.0,1,0.737
A000143354,38.667,22,52,1.0,1,1.0,1,0.395
A000143374,60.0,60,60,1.0,1,1.0,1,0.0
A000143375,5.0,5,5,1.0,1,1.0,1,0.0
A000143376,34.333,21,41,1.0,1,1.0,1,0.336
A000143378,35.0,35,35,1.0,1,1.0,1,0.0
A000143379,153.667,127,187,1.0,1,1.0,1,0.199
A000143381,10.0,10,10,1.0,1,1.0,1,0.0
A000143382,21.667,15,25,1.0,1,1.0,1,0.266
A000143384,31.333,18,38,1.0,1,1.0,1,0.369
A000143385,155.333,122,222,1.0,1,1.0,1,0.372
A000143422,2.0,2,2,1.0,1,1.0,1,0.0
A000143441,10.0,10,10,1.0,1,1.0,1,
A000143443,98.0,98,98,1.0,1,1.0,1,0.0
A000143464,30.0,30,30,1.0,1,1.0,1,0.0
A000143466,10.0,10,10,1.0,1,1.0,1,0.0
A000143478,22.0,22,22,1.0,1,1.0,1,0.0
A000143484,25.0,25,25,1.0,1,1.0,1,0.0
A000143486,1.0,1,1,1.0,1,1.0,1,0.0
A000143538,6.667,6,7,1.0,1,1.0,1,0.087
A000143542,18.0,18,18,1.0,1,1.0,1,0.0
A000143546,1.0,1,1,1.0,1,1.0,1,0.0
A000143550,3.0,3,3,1.0,1,1.0,1,0.0
A000143569,1.0,1,1,1.0,1,1.0,1,0.0
A000143605,128.333,124,137,5.0,5,5.0,5,0.058
A000143616,33.0,33,33,1.0,1,1.0,1,0.0
A000143626,25.0,25,25,1.0,1,1.0,1,0.0
A000143636,3.0,3,3,1.0,1,1.0,1,0.0
A000143637,3.0,3,3,1.0,1,1.0,1,0.0
A000143638,5.0,5,5,1.0,1,1.0,1,0.0
A000143640,20.0,20,20,1.0,1,1.0,1,0.0
A000145609,666.0,350,1278,1.0,1,1.0,1,0.796
A000145749,50.0,50,50,1.0,1,1.0,1,0.0
A000145811,225.0,175,275,1.0,1,1.0,1,0.222
A000145812,466.667,300,600,1.0,1,1.0,1,0.327
A000145814,73.333,40,90,1.0,1,1.0,1,0.394
A000145828,6.0,6,6,1.0,1,1.0,1,0.0
A000145829,16.0,16,16,1.0,1,1.0,1,0.0
A000145833,93.0,91,97,1.0,1,1.0,1,0.037
A000145839,14.0,14,14,1.0,1,1.0,1,0.0
A000145851,149.0,149,149,1.0,1,1.0,1,0.0
A000145852,18.0,18,18,1.0,1,1.0,1,0.0
A000145853,120.0,116,128,1.0,1,1.0,1,0.058
A000145856,4779.0,4779,4779,1.0,1,1.0,1,0.0
A000145869,109.0,104,114,1.0,1,1.0,1,0.065
A000145870,172.667,128,221,2.0,2,2.0,2,0.27
A000145872,61.333,18,91,1.0,1,1.0,1,0.626
A000145873,66.0,27,97,1.0,1,1.0,1,0.541
A000145874,202.333,47,287,1.0,1,1.0,1,0.666
A000145875,46.0,19,70,1.0,1,1.0,1,0.557
A000145876,279.667,234,352,1.0,1,1.0,1,0.227
A000145878,260.333,22,444,1.667,2,1.667,2,0.831
A000145880,73.333,67,79,2.0,2,2.0,2,0.082
A000145908,4.0,4,4,1.0,1,1.0,1,0.0
A000145909,9.667,9,10,1.0,1,1.0,1,0.06
A000145919,83.333,50,100,1.0,1,1.0,1,0.346
A000145923,1.667,1,2,1.0,1,1.0,1,0.346
A000145927,40.0,20,50,1.0,1,1.0,1,0.433
A000145929,623.0,300,1069,1.667,2,1.667,2,0.64
A000145950,48.0,48,48,1.0,1,1.0,1,0.0
A000145954,19.667,15,22,1.0,1,1.0,1,0.205
A000145955,29.333,20,34,1.0,1,1.0,1,0.276
A000145958,29.0,29,29,1.0,1,1.0,1,0.0
A000145961,16.0,16,16,1.0,1,1.0,1,0.0
A000145965,5.0,5,5,1.0,1,1.0,1,0.0
A000145972,99.0,99,99,1.0,1,1.0,1,
A000145973,558.667,332,965,1.0,1,1.0,1,0.631
A000145978,165.667,59,331,1.0,1,1.0,1,0.876
A000145980,273.0,177,393,1.0,1,1.0,1,0.403
A000145982,24.5,24,25,1.0,1,1.0,1,0.029
A000145987,81.0,81,81,3.0,3,2.0,2,0.0
A000145991,91.667,83,96,1.0,1,1.0,1,0.082
A000145994,136.5,97,176,1.0,1,1.0,1,0.409
A000145997,48.667,17,65,1.0,1,1.0,1,0.564
A000146007,2.0,2,2,1.0,1,1.0,1,
A000146091,397.0,397,397,1.0,1,1.0,1,0.0
A000146093,107.0,107,107,1.0,1,1.0,1,0.0
A000146095,50.0,50,50,1.0,1,1.0,1,0.0
A000146099,283.0,283,283,1.0,1,1.0,1,0.0
A000146101,115.0,115,115,1.0,1,1.0,1,0.0
A000146102,427.667,401,441,1.0,1,1.0,1,0.054
A000146104,793.0,793,793,1.0,1,1.0,1,0.0
A000146108,103.0,103,103,1.0,1,1.0,1,0.0
A000146125,30.667,24,44,1.0,1,1.0,1,0.377
A000146126,191.0,171,211,1.0,1,1.0,1,0.105
A000146127,84.333,31,161,1.0,1,1.0,1,0.807
A000146128,23.667,17,27,1.0,1,1.0,1,0.244
A000146129,57.667,41,71,1.333,2,1.333,2,0.265
A000146130,95.667,59,119,1.0,1,1.0,1,0.336
A000146131,666.667,250,1000,1.0,1,1.0,1,0.573
A000146136,251.0,251,251,1.0,1,1.0,1,0.0
A000146137,63.667,57,67,1.333,2,1.333,2,0.091
A000146140,200.0,200,200,1.0,1,1.0,1,0.0
A000146141,102.0,82,112,2.667,3,2.667,3,0.17
A000146143,36.0,32,38,2.0,3,2.0,3,0.096
A000146144,35.0,31,37,2.0,3,2.0,3,0.099
A000146145,24.0,24,24,1.0,1,1.0,1,0.0
A000146146,32.0,32,32,1.0,1,1.0,1,0.0
A000146153,1823.333,1800,1835,1.0,1,1.0,1,0.011
A000146154,1857.0,1457,2057,1.0,1,1.0,1,0.187
A000146155,1170.667,1000,1256,1.0,1,1.0,1,0.126
A000146183,218.0,218,218,1.0,1,1.0,1,0.0
A000146188,99.0,99,99,1.0,1,1.0,1,0.0
A000146245,90.0,48,111,1.0,1,1.0,1,0.404
A000146285,194.667,140,264,4.667,6,4.667,6,0.325
A000146287,123.667,87,181,6.0,8,6.0,8,0.407
A000146294,905.667,825,969,2.0,2,2.0,2,0.081
A000146308,2.0,2,2,1.0,1,1.0,1,0.0
A000146313,8630.0,8557,8766,7.0,8,7.0,8,0.014
A000146314,116.0,116,116,1.0,1,1.0,1,0.0
A000146315,1107.0,1053,1176,1.667,2,1.667,2,0.057
A000146316,292.333,289,294,1.333,2,1.333,2,0.01
A000146317,2814.333,2372,3216,4.333,5,4.333,5,0.15
A000147161,1.0,1,1,1.0,1,1.0,1,0.0
A000147172,283.0,197,340,1.0,1,1.0,1,0.268
A000147266,5.0,5,5,1.0,1,1.0,1,
A000147283,4.0,2,5,1.0,1,1.0,1,0.433
A000147289,2.0,2,2,1.0,1,1.0,1,0.0
A000147326,19.667,1,32,1.0,1,1.0,1,0.836
A000147327,2.0,2,2,1.0,1,1.0,1,
A000147719,3.0,3,3,1.0,1,1.0,1,0.0
A000175942,110.0,110,110,1.0,1,1.0,1,0.0
A000175944,130.667,115,141,1.0,1,1.0,1,0.106
A000175964,109.0,109,109,1.0,1,1.0,1,0.0
A000175965,594.0,593,595,1.0,1,1.0,1,0.002
A000175966,353.667,303,453,1.0,1,1.0,1,0.243
A000175971,157.0,157,157,2.0,2,2.0,2,0.0
A000175972,171.0,171,171,1.0,1,1.0,1,0.0
A000175973,190.0,190,190,1.0,1,1.0,1,0.0
A000178752,101.5,95,108,2.0,3,1.5,2,0.091
A000178925,20.0,20,20,1.0,1,1.0,1,0.0
A000178941,7.667,1,14,1.0,1,1.0,1,0.849
A000178957,15.0,10,20,1.0,1,1.0,1,0.471
A000179785,86.333,86,87,1.333,2,1.333,2,0.007
A000179786,147.333,147,148,2.0,2,2.0,2,0.004
A000180490,7100.0,4400,8575,5.333,6,5.333,6,0.33
A000180491,1708.333,1625,1800,2.0,2,2.0,2,0.051
A000180492,900.0,100,1350,1.0,1,1.0,1,0.772
A000180539,550.0,550,550,1.0,1,1.0,1,0.0
A000187296,103.667,94,123,1.0,1,1.0,1,0.162
A000187334,108.5,82,135,1.5,2,1.5,2,0.345
A000187335,73.333,32,155,1.0,1,1.0,1,0.964
A000189117,6.0,6,6,1.0,1,1.0,1,0.0
A000189908,461.0,461,461,1.0,1,1.0,1,0.0
A000190022,17.333,16,18,1.0,1,1.0,1,0.067
A000190079,1.0,1,1,1.0,1,1.0,1,0.0
A000190318,1.0,1,1,1.0,1,1.0,1,
A000190362,16.0,6,36,1.0,1,1.0,1,1.083
A000190460,17.0,17,17,1.0,1,1.0,1,0.0
A000190469,2.0,2,2,1.0,1,1.0,1,
A000190470,2.0,2,2,1.0,1,1.0,1,0.0
A000190524,1109.333,1051,1186,2.0,2,2.0,2,0.063
A000190732,213.333,200,220,1.0,1,1.0,1,0.054
A000191169,775.0,350,1200,1.0,1,1.0,1,0.776
A000191170,70.0,70,70,1.0,1,1.0,1,0.0
A000191172,483.333,350,650,1.0,1,1.0,1,0.316
A000191173,100.0,100,100,1.0,1,1.0,1,
A000191383,8.0,8,8,1.0,1,1.0,1,0.0
A000191384,13.667,4,22,1.0,1,1.0,1,0.664
A000191388,50.0,34,73,1.0,1,1.0,1,0.408
A000191499,1.0,1,1,1.0,1,1.0,1,0.0
A000191839,1.0,1,1,1.0,1,1.0,1,0.0
A000191843,1.0,1,1,1.0,1,1.0,1,0.0
A000191847,2.0,2,2,1.0,1,1.0,1,0.0
A000191857,28.0,22,31,1.0,1,1.0,1,0.186
A000191882,1.0,1,1,1.0,1,1.0,1,0.0
A000191889,1.0,1,1,1.0,1,1.0,1,0.0
A000191891,23.667,19,28,1.0,1,1.0,1,0.191
A000191895,1.0,1,1,1.0,1,1.0,1,0.0
A000191898,4.5,4,5,1.0,1,1.0,1,0.157
A000191904,1.5,1,2,1.0,1,1.0,1,0.471
A000191905,2.667,1,4,1.0,1,1.0,1,0.573
A000191906,8.0,5,10,1.333,2,1.333,2,0.331
A000191907,7.0,7,7,1.0,1,1.0,1,0.0
A000191945,71.333,59,82,1.0,1,1.0,1,0.162
A000191946,22.0,18,24,1.0,1,1.0,1,0.157
A000191947,15.0,15,15,1.0,1,1.0,1,0.0
A000191948,11.333,11,12,1.0,1,1.0,1,0.051
A000191949,3.0,3,3,1.0,1,1.0,1,
A000191950,40.0,39,41,1.0,1,1.0,1,0.035
A000191951,45.0,43,47,1.0,1,1.0,1,0.044
A000192268,223.667,199,245,1.0,1,1.0,1,0.104
A000192842,19.0,14,23,1.0,1,1.0,1,0.241
A000193071,1451.333,998,1678,1.0,1,1.0,1,0.271
A000193072,851.333,848,858,1.0,1,1.0,1,0.007
A000193073,942.0,942,942,1.0,1,1.0,1,0.0
A000193276,1.0,1,1,1.0,1,1.0,1,
A000196314,4.0,4,4,1.0,1,1.0,1,
A000196642,9.0,7,10,1.0,1,1.0,1,0.192
A000197217,1.0,1,1,1.0,1,1.0,1,
A000197348,15.0,15,15,1.0,1,1.0,1,0.0
A000198716,1.667,1,2,1.0,1,1.0,1,0.346
A000199163,1.0,1,1,1.0,1,1.0,1,0.0
A000199221,3.0,3,3,1.0,1,1.0,1,0.0
A000199249,5.0,5,5,1.0,1,1.0,1,0.0
A000199369,3.0,3,3,1.0,1,1.0,1,0.0
A000199379,4.0,4,4,1.0,1,1.0,1,0.0
A000199723,6.5,3,10,1.0,1,1.0,1,0.761
A000201065,1.0,1,1,1.0,1,1.0,1,
A000210223,1.0,1,1,1.0,1,1.0,1,
A000220251,1.0,1,1,1.0,1,1.0,1,0.0
A000229208,527.333,514,534,3.0,3,3.0,3,0.022
A000229209,1185.333,952,1552,5.333,7,5.333,7,0.271
A000229210,1167.0,1167,1167,4.0,4,4.0,4,0.0
A000229214,4280.667,4228,4320,20.333,22,20.333,22,0.011
A000229215,1343.333,1316,1386,6.0,6,6.0,6,0.028
A000229352,130.0,130,130,1.0,1,1.0,1,0.0
A000229353,87.0,87,87,1.0,1,1.0,1,0.0
A000229354,89.0,89,89,1.0,1,1.0,1,0.0
A000229355,99.0,99,99,1.0,1,1.0,1,0.0
A000229382,159.0,159,159,1.0,1,1.0,1,0.0
A000229383,257.667,251,261,1.0,1,1.0,1,0.022
A000229384,622.333,589,689,1.333,2,1.333,2,0.093
A000229397,60.0,60,60,1.0,1,1.0,1,0.0
A000229398,247.0,247,247,1.333,2,1.333,2,0.0
A000229399,180.0,180,180,1.0,1,1.0,1,0.0
A000229446,110.0,80,170,1.333,2,1.333,2,0.472
A000229447,455.0,400,510,1.5,2,1.5,2,0.171
A000229448,227.333,114,394,1.0,1,1.0,1,0.648
A000229564,199.0,150,297,1.667,3,1.667,3,0.426
A000229565,2293.333,1500,2690,3.333,4,3.333,4,0.3
A000229566,297.0,277,327,1.0,1,1.0,1,0.089
A000229567,70.333,67,77,1.0,1,1.0,1,0.082
A000229568,2490.333,2170,2981,3.333,4,3.333,4,0.173
A000229569,376.333,313,443,2.0,2,2.0,2,0.173
A000229583,91.0,91,91,1.0,1,1.0,1,0.0
A000229584,86.0,86,86,1.0,1,1.0,1,0.0
A000229585,53.0,53,53,1.0,1,1.0,1,0.0
A000229593,482.0,482,482,1.0,1,1.0,1,0.0
A000229594,102.0,102,102,1.0,1,1.0,1,0.0
A000229595,99.0,99,99,1.0,1,1.0,1,0.0
A000229596,97.0,97,97,1.0,1,1.0,1,0.0
A000229597,101.0,101,101,1.0,1,1.0,1,0.0
A000229598,76.0,76,76,1.0,1,1.0,1,0.0
A000229602,96.0,96,96,1.0,1,1.0,1,0.0
A000229603,100.0,100,100,1.0,1,1.0,1,0.0
A000229608,4.0,4,4,1.0,1,1.0,1,
A000229614,179.0,179,179,1.0,1,1.0,1,0.0
A000229615,180.0,180,180,1.0,1,1.0,1,0.0
A000229616,162.0,162,162,1.0,1,1.0,1,0.0
A000229617,200.0,200,200,1.0,1,1.0,1,0.0
A000229618,116.0,116,116,1.0,1,1.0,1,0.0
A000229619,114.0,114,114,1.0,1,1.0,1,0.0
A000231842,132.0,19,309,1.0,1,1.0,1,1.176
A000231891,25.0,25,25,1.0,1,1.0,1,
A000232182,1.0,1,1,1.0,1,1.0,1,0.0
A000232185,16.0,4,24,1.0,1,1.0,1,0.661
A000233908,25.0,25,25,1.0,1,1.0,1,
A000240510,72.333,69,79,1.0,1,1.0,1,0.08
A000240511,128.0,128,128,2.0,2,2.0,2,0.0
A000240512,20.0,10,30,1.0,1,1.0,1,0.707
A000240513,270.0,270,270,1.0,1,1.0,1,0.0
A000240514,180.0,180,180,1.0,1,1.0,1,0.0
A000240515,229.0,229,229,1.0,1,1.0,1,0.0
A000240516,73.0,73,73,1.0,1,1.0,1,0.0
A000240521,203.0,203,203,1.0,1,1.0,1,0.0
A000240522,35.0,35,35,1.0,1,1.0,1,0.0
A000240523,144.0,144,144,1.0,1,1.0,1,0.0
A000240524,293.0,269,339,3.333,4,3.0,4,0.136
A000240545,1.0,1,1,1.0,1,1.0,1,0.0
A000240558,208.0,208,208,1.0,1,1.0,1,0.0
A000240559,186.667,180,190,1.0,1,1.0,1,0.031
A000240560,342.667,336,346,1.0,1,1.0,1,0.017
A000240561,125.667,119,129,1.0,1,1.0,1,0.046
A000240562,164.667,148,198,1.0,1,1.0,1,0.175
A000240563,173.333,150,220,1.0,1,1.0,1,0.233
A000240564,173.333,150,220,1.0,1,1.0,1,0.233
A000240565,220.0,220,220,1.0,1,1.0,1,0.0
A000240566,187.0,187,187,1.0,1,1.0,1,0.0
A000255147,25.0,18,32,1.0,1,1.0,1,0.396
A000255162,1.0,1,1,1.0,1,1.0,1,0.0
A000255358,131.667,65,165,1.0,1,1.0,1,0.438
A000292135,3.333,3,4,1.0,1,1.0,1,0.173
A000300229,16.0,16,16,1.0,1,1.0,1,0.0
A000301083,4.0,4,4,1.0,1,1.0,1,0.0
A000301086,17.0,17,17,1.0,1,1.0,1,0.0
A000301087,16.0,16,16,1.0,1,1.0,1,0.0
A000302024,3.0,3,3,1.0,1,1.0,1,0.0
A000302254,1051.333,863,1251,3.333,4,3.333,4,0.185
A000302452,1.0,1,1,1.0,1,1.0,1,0.0
A000302987,2779.667,2613,3013,4.333,5,4.333,5,0.075
A000303049,75.0,75,75,2.0,2,2.0,2,0.0
A000303089,38.0,38,38,1.0,1,1.0,1,0.0
A000303279,31.0,31,31,1.0,1,1.0,1,0.0
A000303301,150.0,150,150,1.0,1,1.0,1,0.0
A000303302,50.0,50,50,1.0,1,1.0,1,0.0
A000303303,66.0,66,66,1.0,1,1.0,1,0.0
A000303305,82.0,82,82,1.0,1,1.0,1,0.0
A000303306,50.0,50,50,1.0,1,1.0,1,0.0
A000303307,133.333,50,300,2.0,4,2.0,4,1.083
A000303308,50.0,50,50,1.0,1,1.0,1,0.0
A000303309,50.0,50,50,1.0,1,1.0,1,0.0
A000303311,50.0,50,50,1.0,1,1.0,1,0.0
A000303312,50.0,50,50,1.0,1,1.0,1,0.0
A000303313,100.0,100,100,1.0,1,1.0,1,0.0
A000303314,50.0,50,50,1.0,1,1.0,1,0.0
A000303327,12791.667,6885,17739,26.333,35,26.0,35,0.429
A000303329,837.667,745,952,2.667,4,2.667,4,0.126
A000303330,1894.0,1149,2271,6.333,7,6.0,7,0.341
A000303331,3363.667,3136,3600,6.667,7,6.667,7,0.069
A000303348,314.667,284,360,2.0,2,2.0,2,0.127
A000303381,83.333,34,108,1.0,1,1.0,1,0.513
A000303775,20.0,20,20,1.0,1,1.0,1,0.0
A000303776,8.0,8,8,1.0,1,1.0,1,0.0
A000303777,11.0,11,11,1.0,1,1.0,1,0.0
A000303802,1411.333,907,1958,5.0,7,5.0,7,0.373
A000303807,398.0,115,681,1.5,2,1.5,2,1.006
A000303822,52.667,44,59,1.333,2,1.333,2,0.147
A000304005,10.0,10,10,1.0,1,1.0,1,0.0
A000304120,1291.0,1032,1637,4.0,5,4.0,5,0.241
A000304122,473.0,194,675,2.333,3,2.333,3,0.528
A000304124,213.333,112,312,1.333,2,1.333,2,0.469
A000304194,42.333,25,51,1.0,1,1.0,1,0.355
A000304326,204.333,141,293,2.333,3,2.333,3,0.387
A000304329,34.667,18,46,1.0,1,1.0,1,0.425
A000304349,158.0,61,220,2.0,3,2.0,3,0.538
A000304350,18.0,17,20,1.0,1,1.0,1,0.096
A000304352,11.5,5,18,1.0,1,1.0,1,0.799
A000304353,1252.0,933,1628,4.333,5,4.333,5,0.28
A000304359,1319.333,1051,1684,11.333,13,11.333,13,0.248
A000304361,115.333,1,190,2.0,3,2.0,3,0.872
A000304362,133.5,122,145,3.0,3,3.0,3,0.122
A000304444,1.0,1,1,1.0,1,1.0,1,
A000304493,100.0,100,100,1.0,1,1.0,1,0.0
A000304494,9.0,9,9,1.0,1,1.0,1,0.0
A000304497,183.333,100,225,1.0,1,1.0,1,0.394
A000304630,4.667,3,7,1.0,1,1.0,1,0.446
A000304656,24.333,19,30,1.333,2,1.333,2,0.226
A000304679,3.5,3,4,1.5,2,1.5,2,0.202
A000304846,39.667,38,42,2.0,2,2.0,2,0.052
A000304851,21.333,21,22,1.0,1,1.0,1,0.027
A000304897,29.667,29,31,1.667,3,1.667,3,0.039
A000304905,1.0,1,1,1.0,1,1.0,1,0.0
A000305256,5.0,5,5,1.0,1,1.0,1,0.0
A000306726,4552.667,4082,4951,3.667,4,3.667,4,0.096
A000306728,1726.0,1624,1828,1.333,2,1.333,2,0.059
A000306729,3184.667,2200,3686,3.667,4,3.667,4,0.268
A000306730,3020.0,2794,3404,1.333,2,1.333,2,0.111
A000306879,7.0,7,7,1.0,1,1.0,1,0.0
A000306969,7.5,7,8,1.0,1,1.0,1,0.094
A000307011,70.0,50,100,1.0,1,1.0,1,0.378
A000307012,1541.333,1073,2108,11.0,15,10.667,15,0.34
A000307013,2714.667,2714,2715,18.333,19,18.333,19,0.0
A000307014,3010.667,1886,4304,20.0,29,19.667,28,0.404
A000307015,92.0,82,102,1.0,1,1.0,1,0.109
A000307016,2250.667,1530,2630,5.667,7,5.667,7,0.277
A000307017,2502.667,2303,2713,8.667,9,8.667,9,0.082
A000307018,4344.667,3958,4658,10.333,11,10.333,11,0.082
A000307019,379.667,373,383,1.0,1,1.0,1,0.015
A000307020,1147.0,1080,1201,5.667,6,5.667,6,0.054
A000307021,1913.333,1530,2290,6.667,8,6.667,8,0.199
A000307022,11743.667,10024,13362,37.333,43,36.667,42,0.142
A000307023,247.0,247,247,3.0,3,3.0,3,0.0
A000307024,521.0,431,591,3.0,3,3.0,3,0.157
A000307025,663.667,544,751,3.0,3,3.0,3,0.162
A000307026,5097.333,4503,5721,13.333,15,13.333,15,0.12
A000307027,284.333,261,311,2.333,3,2.333,3,0.089
A000307028,3352.333,3095,3839,10.333,11,10.333,11,0.126
A000307029,1242.333,1129,1319,6.0,7,6.0,7,0.081
A000307030,16743.333,13222,20635,44.333,54,44.0,53,0.222
A000307031,66.667,60,80,1.0,1,1.0,1,0.173
A000307032,270.667,264,274,3.333,4,3.333,4,0.021
A000307033,147.0,147,147,2.0,2,2.0,2,0.0
A000307034,275.0,220,323,1.667,2,1.667,2,0.189
A000307097,2.667,1,4,1.0,1,1.0,1,0.573
A000307512,8.333,8,9,1.0,1,1.0,1,0.069
A000307528,10.0,3,15,1.0,1,1.0,1,0.624
A000307529,44.0,44,44,1.0,1,1.0,1,0.0
A000307530,8.0,7,9,1.0,1,1.0,1,0.125
A000307531,3.333,1,6,1.0,1,1.0,1,0.755
A000307533,6.333,3,9,1.0,1,1.0,1,0.482
A000307536,6.667,4,10,1.0,1,1.0,1,0.458
A000307539,8.333,7,9,1.0,1,1.0,1,0.139
A000307540,3.0,3,3,1.0,1,1.0,1,0.0
A000307541,3.5,1,6,1.0,1,1.0,1,1.01
A000307542,5.0,3,7,1.0,1,1.0,1,0.4
A000307543,3.0,1,4,1.0,1,1.0,1,0.577
A000307688,23.333,14,30,1.0,1,1.0,1,0.357
A000307699,5.667,4,9,1.0,1,1.0,1,0.509
A000308391,2.0,2,2,1.0,1,1.0,1,0.0
A000308397,12.0,12,12,1.0,1,1.0,1,0.0
A000308403,20.667,20,21,1.0,1,1.0,1,0.028
A000308404,15.667,15,17,1.0,1,1.0,1,0.074
A000308405,9.0,9,9,1.0,1,1.0,1,0.0
A000308411,2.667,2,3,1.0,1,1.0,1,0.217
A000308693,62.0,62,62,1.0,1,1.0,1,0.0
A000308694,125.667,87,178,2.0,2,2.0,2,0.374
A000308695,20.0,20,20,1.0,1,1.0,1,0.0
A000308697,108.667,61,140,2.333,3,2.333,3,0.386
A000308698,187.333,165,216,2.667,3,2.667,3,0.139
A000308699,15.667,9,29,1.333,2,1.333,2,0.737
A000308700,10.0,10,10,1.0,1,1.0,1,0.0
A000308701,129.667,128,131,2.0,2,2.0,2,0.012
A000308702,51.0,10,133,1.667,3,1.667,3,1.392
A000308703,111.0,100,122,1.0,1,1.0,1,0.14
A000308704,29.0,29,29,1.0,1,1.0,1,0.0
A000308705,66.0,66,66,1.0,1,1.0,1,0.0
A000308708,20.0,20,20,1.0,1,1.0,1,0.0
A000308709,30.0,20,45,1.0,1,1.0,1,0.441
A000308710,10.0,10,10,1.0,1,1.0,1,0.0
A000308711,108.333,100,125,1.667,2,1.667,2,0.133
A000308713,116.667,90,135,1.667,2,1.667,2,0.203
A000308714,125.0,125,125,1.0,1,1.0,1,0.0
A000308715,95.0,90,100,1.0,1,1.0,1,0.053
A000308716,50.0,50,50,1.0,1,1.0,1,0.0
A000308751,228.0,228,228,1.0,1,1.0,1,0.0
A000308755,4.0,4,4,2.0,2,2.0,2,0.0
A000308758,16.333,2,40,1.333,2,1.333,2,1.264
A000308759,10.0,10,10,1.0,1,1.0,1,
A000308761,328.0,325,331,3.0,3,3.0,3,0.009
A000308762,497.667,495,501,3.0,3,3.0,3,0.006
A000309875,260.0,260,260,1.0,1,1.0,1,0.0
A000309899,1.0,1,1,1.0,1,1.0,1,0.0
A000310227,1.0,1,1,1.0,1,1.0,1,0.0
A000310424,311.0,311,311,1.0,1,1.0,1,0.0
A000310425,100.0,100,100,1.0,1,1.0,1,0.0
A000310426,170.0,170,170,1.0,1,1.0,1,0.0
A000310427,100.0,100,100,1.0,1,1.0,1,0.0
A000310908,20.0,20,20,1.0,1,1.0,1,0.0
A000311624,50.0,50,50,1.0,1,1.0,1,0.0
A000312289,8.0,8,8,1.0,1,1.0,1,0.0
A000312290,23.0,23,23,1.0,1,1.0,1,0.0
A000313431,488.0,252,612,1.333,2,1.333,2,0.419
A000313432,466.667,380,510,2.667,3,2.667,3,0.161
A000313433,450.0,450,450,2.0,2,2.0,2,0.0
A000313506,49.0,49,49,1.0,1,1.0,1,
A000313517,7.333,5,12,1.0,1,1.0,1,0.551
A000313523,21.333,16,24,1.0,1,1.0,1,0.217
A000313528,49.0,49,49,1.0,1,1.0,1,
A000313671,2949.667,2841,3059,1.333,2,1.333,2,0.037
A000313693,1064.333,1022,1146,3.0,4,3.0,4,0.066
A000313694,179.667,170,188,1.0,1,1.0,1,0.051
A000313695,1114.0,1081,1180,2.333,3,2.333,3,0.051
A000313696,496.333,431,584,3.667,5,3.0,4,0.159
A000313697,412.667,406,416,1.0,1,1.0,1,0.014
A000313698,340.333,324,359,1.0,1,1.0,1,0.052
A000313699,200.667,144,254,1.0,1,1.0,1,0.274
A000313700,32.667,26,46,1.0,1,1.0,1,0.353
A000313701,740.333,618,815,2.0,2,2.0,2,0.144
A000313702,111.667,65,165,1.0,1,1.0,1,0.451
A000313703,79.5,49,110,1.0,1,1.0,1,0.543
A000313704,62.0,27,82,1.667,3,1.667,3,0.491
A000313705,163.333,130,190,1.333,2,1.333,2,0.187
A000313706,25.0,25,25,1.0,1,1.0,1,0.0
A000313707,158.333,125,195,1.0,1,1.0,1,0.222
A000313708,189.0,149,209,1.0,1,1.0,1,0.183
A000313709,76.0,76,76,1.0,1,1.0,1,0.0
A000313710,167.0,127,187,1.0,1,1.0,1,0.207
A000313711,199.0,179,239,1.333,2,1.333,2,0.174
A000313712,271.0,231,351,1.0,1,1.0,1,0.256
A000313713,34.667,28,38,1.0,1,1.0,1,0.167
A000313714,38.667,17,51,1.0,1,1.0,1,0.487
A000315481,1.0,1,1,1.0,1,1.0,1,0.0
A000315888,295.333,242,362,1.0,1,1.0,1,0.207
A000315967,422.667,356,456,1.0,1,1.0,1,0.137
A000316052,59.333,57,64,30.333,33,30.333,33,0.068
A000316152,1.0,1,1,1.0,1,1.0,1,
A000316153,2.0,2,2,1.0,1,1.0,1,
A000316164,1771.667,1582,1878,10.0,10,10.0,10,0.093
A000316165,300.333,269,323,3.333,4,3.0,3,0.093
A000316166,1320.333,1269,1352,7.667,8,7.667,8,0.034
A000316167,747.667,562,879,6.667,8,6.333,7,0.221
A000316168,885.0,850,909,6.0,7,6.0,7,0.035
A000316169,1190.333,1040,1311,9.0,10,9.0,10,0.116
A000316170,1336.0,1334,1338,14.0,14,14.0,14,0.001
A000316171,5825.0,5451,6086,12.333,13,12.333,13,0.057
A000316172,2945.0,2612,3178,10.0,10,8.667,10,0.1
A000316173,1203.333,869,1488,6.0,7,5.667,7,0.26
A000318038,3902.667,2920,4474,3.0,4,3.0,4,0.219
A000318039,126.667,100,150,1.0,1,1.0,1,0.199
A000318040,193.333,160,210,1.667,2,1.667,2,0.149
A000318041,1386.667,820,1960,2.333,3,2.333,3,0.411
A000318042,246.667,220,290,1.0,1,1.0,1,0.153
A000318043,493.333,120,780,1.0,1,1.0,1,0.686
A000319414,37.5,25,50,1.0,1,1.0,1,0.471
A000319416,46.667,30,55,1.0,1,1.0,1,0.309
A000319522,2151.333,2018,2218,1.0,1,1.0,1,0.054
A000321416,481.0,378,678,1.0,1,1.0,1,0.355
A000321417,405.333,272,672,2.333,3,2.333,3,0.57
A000321418,189.333,56,356,1.333,2,1.333,2,0.807
A000321419,93.333,60,160,1.333,2,1.333,2,0.619
A000321428,7.667,7,9,1.0,1,1.0,1,0.151
A000321762,25.0,25,25,1.0,1,1.0,1,0.0
A000322659,5.0,5,5,1.0,1,1.0,1,
A000323150,3.0,3,3,1.0,1,1.0,1,0.0
A000323151,2.0,2,2,1.0,1,1.0,1,
A000323463,468.0,468,468,1.0,1,1.0,1,0.0
A000323530,47.333,35,72,2.0,2,2.0,2,0.451
A000323531,22.667,20,24,1.0,1,1.0,1,0.102
A000323668,33.0,1,70,1.0,1,1.0,1,1.054
A000324095,322.0,318,324,5.667,6,5.667,6,0.011
A000324369,56.0,55,58,1.333,2,1.333,2,0.031
A000324370,9.0,5,11,1.0,1,1.0,1,0.385
A000324371,5.0,5,5,1.0,1,1.0,1,0.0
A000324504,6000.0,6000,6000,5.0,5,5.0,5,0.0
A000325259,644.0,554,704,4.0,4,4.0,4,0.123
A000325593,15.333,14,16,1.0,1,1.0,1,0.075
A000325595,45.0,45,45,1.0,1,1.0,1,0.0
A000325608,123.0,90,147,1.0,1,1.0,1,0.24
A000325609,22.667,1,64,1.0,1,1.0,1,1.58
A000325610,8.0,8,8,1.0,1,1.0,1,0.0
A000325611,18.0,14,21,1.333,2,1.333,2,0.2
A000325612,88.333,22,141,1.333,2,1.333,2,0.687
A000325613,220.667,165,270,2.0,2,2.0,2,0.239
A000325615,145.667,115,166,1.0,1,1.0,1,0.186
A000325616,142.667,130,161,1.0,1,1.0,1,0.114
A000325617,27.0,11,43,1.0,1,1.0,1,0.593
A000325747,6.0,6,6,1.0,1,1.0,1,0.0
A000325769,21.333,18,26,1.333,2,1.333,2,0.195
A000326343,1.0,1,1,1.0,1,1.0,1,0.0
A000326379,8.0,8,8,1.0,1,1.0,1,0.0
A000326380,14.0,1,32,1.0,1,1.0,1,1.15
A000326381,19.667,19,20,1.0,1,1.0,1,0.029
A000326382,92.333,77,103,1.0,1,1.0,1,0.147
A000326383,49.667,36,60,1.0,1,1.0,1,0.249
A000326384,8.0,8,8,1.0,1,1.0,1,0.0
A000326385,10.0,10,10,1.0,1,1.0,1,
A000326386,35.0,35,35,1.0,1,1.0,1,0.0
A000326387,8.0,8,8,1.0,1,1.0,1,0.0
A000326388,35.0,35,35,1.0,1,1.0,1,0.0
A000326389,20.0,20,20,1.0,1,1.0,1,0.0
A000326390,10.0,10,10,1.0,1,1.0,1,0.0
A000326391,10.0,10,10,1.0,1,1.0,1,0.0
A000326392,15.0,15,15,1.0,1,1.0,1,0.0
A000326393,10.0,10,10,1.0,1,1.0,1,0.0
A000326394,25.0,20,30,1.0,1,1.0,1,0.2
A000326395,45.0,30,60,1.0,1,1.0,1,0.333
A000326396,18.333,15,20,1.0,1,1.0,1,0.157
A000326858,216.0,216,216,1.0,1,1.0,1,0.0
A000326866,100.0,100,100,1.0,1,1.0,1,0.0
A000326873,2335.0,2335,2335,2.0,2,2.0,2,0.0
A000326874,1500.0,1500,1500,3.0,3,3.0,3,0.0
A000326878,112.0,112,112,1.0,1,1.0,1,0.0
A000326879,219.0,219,219,1.0,1,1.0,1,0.0
A000326881,1500.0,1500,1500,3.0,3,3.0,3,0.0
A000326887,976.0,903,1048,2.667,3,2.667,3,0.074
A000326891,367.333,366,368,2.0,2,2.0,2,0.003
A000326893,273.0,257,305,1.0,1,1.0,1,0.102
A000326895,1365.0,1361,1373,1.0,1,1.0,1,0.005
A000326896,40.333,38,42,1.333,2,1.333,2,0.052
A000326899,1280.667,1164,1436,2.333,3,2.0,3,0.109
A000326900,600.0,472,718,2.667,3,2.667,3,0.206
A000326903,722.333,648,762,1.667,2,1.667,2,0.089
A000326906,1139.333,1090,1200,1.333,2,1.333,2,0.049
A000326907,408.0,338,470,2.0,2,2.0,2,0.163
A000327212,1.667,1,2,1.0,1,1.0,1,0.346
A000328339,531.0,513,559,24.0,25,23.667,25,0.046
A000328340,182.0,162,220,19.333,23,19.0,22,0.181
A000328341,173.333,160,187,15.333,16,15.333,16,0.078
A000328818,38.667,26,46,1.333,2,1.333,2,0.285
A000328937,22.0,20,24,2.0,2,2.0,2,0.129
A000329124,20.0,20,20,1.0,1,1.0,1,0.0
A000329127,24.0,18,30,2.0,2,2.0,2,0.354
A000329130,20.0,20,20,1.0,1,1.0,1,0.0
A000329221,98.0,96,100,1.5,2,1.5,2,0.029
A000329233,41.0,31,51,1.0,1,1.0,1,0.345
A000329289,40.0,40,40,1.0,1,1.0,1,0.0
A000329300,34.0,34,34,1.0,1,1.0,1,
A000329303,19.0,18,20,2.0,3,1.5,2,0.074
A000329474,17.0,14,20,1.0,1,1.0,1,0.25
A000329518,32.0,32,32,1.0,1,1.0,1,
A000329541,123.0,120,126,2.0,2,2.0,2,0.034
A000329544,29.0,20,38,2.0,2,2.0,2,0.439
A000329546,20.0,20,20,1.0,1,1.0,1,0.0
A000329560,25.0,10,40,1.5,2,1.5,2,0.849
A000329722,24.0,16,32,2.0,3,2.0,3,0.471
A000329938,18.0,18,18,2.0,2,2.0,2,
A000329941,20.0,20,20,1.0,1,1.0,1,
A000329991,24.0,20,28,1.5,2,1.5,2,0.236
A000330030,19.0,18,20,1.5,2,1.5,2,0.074
A000330220,15.0,10,20,1.0,1,1.0,1,0.471
A000330279,17.0,14,20,1.0,1,1.0,1,0.25
A000330313,18.0,16,20,2.0,2,2.0,2,0.157
A000330523,20.5,19,22,2.0,2,2.0,2,0.103
A000330526,16.0,12,20,1.5,2,1.5,2,0.354
A000330631,23.0,14,32,1.0,1,1.0,1,0.553
A000330637,29.0,20,40,1.333,2,1.333,2,0.35
A000330714,80.333,40,120,1.333,2,1.333,2,0.498
A000330716,76.333,20,107,1.667,2,1.667,2,0.64
A000330718,18.0,10,24,1.333,2,1.333,2,0.401
A000330720,76.667,20,114,1.667,2,1.667,2,0.651
A000330722,83.0,80,86,1.5,2,1.5,2,0.051
A000330723,85.333,60,115,1.667,2,1.667,2,0.325
A000330725,15.667,7,20,1.333,2,1.333,2,0.479
A000330727,60.0,20,100,1.0,1,1.0,1,0.667
A000330730,68.667,20,120,1.0,1,1.0,1,0.729
A000330734,27.0,20,40,1.0,1,1.0,1,0.417
A000330735,173.333,120,260,1.0,1,1.0,1,0.437
A000330745,18.333,13,22,1.667,2,1.667,2,0.258
A000330748,6.0,6,6,2.0,2,2.0,2,
A000330767,28.333,20,40,1.667,2,1.667,2,0.367
A000330830,17.667,13,20,1.333,2,1.333,2,0.229
A000330834,46.0,46,46,2.0,2,2.0,2,
A000330998,195.0,160,230,2.0,3,1.5,2,0.254
A000331003,21.0,4,38,2.5,4,1.5,2,1.145
A000331044,78.5,60,97,1.5,2,1.5,2,0.333
A000331187,50.0,50,50,1.0,1,1.0,1,0.0
A000331724,44.5,39,50,1.0,1,1.0,1,0.175
A000331727,49.0,48,50,1.0,1,1.0,1,0.029
A000331867,43.0,36,50,1.0,1,1.0,1,0.23
A000331918,88.0,88,88,1.0,1,1.0,1,
A000332004,20.0,20,20,1.0,1,1.0,1,0.0
A000332646,12.5,5,20,1.0,1,1.0,1,0.849
A000333525,60.0,60,60,2.0,2,2.0,2,
A000333526,80.0,80,80,2.0,2,2.0,2,
A000333601,19.5,19,20,1.0,1,1.0,1,0.036
A000333604,140.5,100,181,2.0,2,2.0,2,0.408
A000333606,30.0,20,40,2.0,2,2.0,2,0.471
A000333611,55.0,50,60,1.5,2,1.5,2,0.129
A000333650,28.0,26,30,2.0,2,2.0,2,0.101
A000333651,37.0,30,44,1.5,2,1.5,2,0.268
A000334835,32.0,32,32,1.0,1,1.0,1,
A000334838,128.0,128,128,1.5,2,1.5,2,0.0
A000334849,6.0,6,6,1.0,1,1.0,1,
A000334852,27.0,23,31,1.5,2,1.5,2,0.21
A000334858,24.0,24,24,1.0,1,1.0,1,
A000334864,30.0,28,32,1.0,1,1.0,1,0.094
A000334950,33.0,33,33,1.0,1,1.0,1,
A000334990,84.0,84,84,2.0,2,2.0,2,
A000335039,32.0,32,32,1.0,1,1.0,1,
A000335481,40.5,36,45,2.0,2,2.0,2,0.157
A000335483,318.0,318,318,2.0,2,2.0,2,
A000335486,24.0,18,30,1.0,1,1.0,1,0.354
A000335550,20.0,20,20,1.0,1,1.0,1,
A000336033,22.0,21,23,1.0,1,1.0,1,0.064
A000336039,74.0,65,83,2.0,2,2.0,2,0.172
A000336047,16.0,7,25,2.0,2,2.0,2,0.795
A000336239,19.0,7,31,1.5,2,1.5,2,0.893
A000336242,100.0,40,160,2.0,3,1.5,2,0.849
A000336243,9.0,2,16,1.5,2,1.5,2,1.1
A000336245,10.0,10,10,1.0,1,1.0,1,0.0
A000336262,5.0,4,6,2.0,2,2.0,2,0.283
A000336270,15.0,10,20,1.0,1,1.0,1,0.471
A000340707,8.0,8,8,1.0,1,1.0,1,0.0
A000340880,141.0,137,145,2.0,3,1.5,2,0.04
A000340883,35.0,30,40,2.5,3,2.5,3,0.202
A000340886,32.0,32,32,1.0,1,1.0,1,0.0
A000340892,162.5,120,205,1.0,1,1.0,1,0.37
A000340896,48.0,32,64,1.0,1,1.0,1,0.471
A000340902,47.0,32,62,1.0,1,1.0,1,0.451
A000340919,32.0,32,32,1.0,1,1.0,1,0.0
A000340954,164.0,164,164,1.0,1,1.0,1,0.0
A000340969,32.0,32,32,1.0,1,1.0,1,0.0
A000340991,32.0,32,32,1.0,1,1.0,1,0.0
A000341124,48.0,32,64,1.5,2,1.5,2,0.471
A000341127,28.5,26,31,1.5,2,1.5,2,0.124
A000341136,96.0,96,96,1.0,1,1.0,1,0.0
A000341139,29.5,25,34,1.0,1,1.0,1,0.216
A000341149,31.5,31,32,1.0,1,1.0,1,0.022
A000341155,32.0,32,32,1.0,1,1.0,1,0.0
A000341174,30.0,28,32,1.0,1,1.0,1,0.094
A000341192,32.0,32,32,1.0,1,1.0,1,0.0
A000341195,32.0,32,32,1.0,1,1.0,1,0.0
A000341276,96.0,96,96,1.0,1,1.0,1,0.0
A000341280,42.0,32,52,1.5,2,1.5,2,0.337
A000341281,31.5,31,32,1.5,2,1.5,2,0.022
A000341283,40.0,32,48,1.5,2,1.5,2,0.283
A000341287,28.0,24,32,1.0,1,1.0,1,0.202
A000341288,27.0,22,32,1.0,1,1.0,1,0.262
A000341289,64.0,31,97,2.0,2,2.0,2,0.729
A000341291,170.5,152,189,2.0,2,2.0,2,0.153
A000341370,54.0,48,60,1.0,1,1.0,1,0.157
A000341372,80.0,72,88,1.0,1,1.0,1,0.141
A000341377,27.5,24,31,1.0,1,1.0,1,0.18
A000341379,48.0,48,48,1.5,2,1.5,2,0.0
A000341392,32.5,24,41,1.0,1,1.0,1,0.37
A000341419,12.0,12,12,1.0,1,1.0,1,0.0
A000341462,12.0,12,12,2.0,2,2.0,2,
A000341464,21.0,18,24,1.5,2,1.5,2,0.202
A000341467,25.5,24,27,1.5,2,1.5,2,0.083
A000341469,12.0,12,12,1.0,1,1.0,1,
A000341480,19.0,14,24,2.0,2,2.0,2,0.372
A000341482,28.0,24,32,1.0,1,1.0,1,0.202
A000341486,19.0,12,26,1.5,2,1.5,2,0.521
A000341498,12.0,12,12,1.0,1,1.0,1,
A000341835,60.5,32,89,1.0,1,1.0,1,0.666
A000341873,32.0,32,32,1.0,1,1.0,1,
A000341876,53.0,53,53,2.0,2,2.0,2,
A000342735,147.5,72,223,2.0,3,1.5,2,0.724
A000342737,28.0,23,33,2.5,3,2.5,3,0.253
A000342739,14.0,14,14,1.0,1,1.0,1,
A000342741,67.5,51,84,2.5,4,1.5,2,0.346
A000342743,36.0,36,36,2.0,3,1.5,2,0.0
A000342747,36.0,36,36,1.0,1,1.0,1,0.0
A000342749,58.0,48,68,1.5,2,1.5,2,0.244
A000342752,36.0,24,48,1.0,1,1.0,1,0.471
A000342761,60.0,36,84,1.0,1,1.0,1,0.566
A000342764,46.5,45,48,1.5,2,1.5,2,0.046
A000342779,8.0,8,8,1.0,1,1.0,1,
A000342781,21.5,19,24,1.5,2,1.5,2,0.164
A000342784,10.5,9,12,1.0,1,1.0,1,0.202
A000342791,24.0,24,24,1.0,1,1.0,1,
A000342804,94.5,56,133,2.0,3,1.5,2,0.576
A000342806,72.0,36,108,1.0,1,1.0,1,0.707
A000342811,7.0,2,12,1.0,1,1.0,1,1.01
A000342815,40.0,24,56,1.0,1,1.0,1,0.566
A000342817,60.0,60,60,1.0,1,1.0,1,
A000343153,12.0,12,12,2.0,2,2.0,2,
A000343155,44.0,26,62,2.0,3,2.0,3,0.579
A000343293,96.0,96,96,1.0,1,1.0,1,
A000343297,290.0,187,393,3.0,4,2.0,2,0.502
A000343302,96.0,49,143,2.5,3,2.0,2,0.692
A000343305,112.5,95,130,3.5,4,2.0,2,0.22
A000343309,109.5,87,132,2.0,3,1.5,2,0.291
A000343312,111.5,110,113,1.0,1,1.0,1,0.019
A000343318,57.5,43,72,2.0,2,2.0,2,0.357
A000343321,48.0,24,72,1.0,1,1.0,1,0.707
A000343324,58.0,50,66,2.0,3,1.5,2,0.195
A000343332,56.5,45,68,2.5,3,2.0,2,0.288
A000343336,68.0,56,80,1.0,1,1.0,1,0.25
A000343350,94.5,84,105,2.0,3,1.5,2,0.157
A000343353,288.0,288,288,3.0,3,3.0,3,
A000343361,48.5,47,50,2.5,4,1.5,2,0.044
A000343364,17.5,12,23,2.0,3,1.5,2,0.444
A000343367,57.0,55,59,2.5,3,2.0,2,0.05
A000343388,16.5,11,22,1.5,2,1.5,2,0.471
A000343391,30.0,24,36,1.0,1,1.0,1,0.283
A000343396,14.5,12,17,1.5,2,1.5,2,0.244
A000343399,23.5,23,24,2.5,3,2.0,2,0.03
A000343402,27.5,24,31,2.0,3,1.5,2,0.18
A000343421,48.0,48,48,3.0,3,2.0,2,
A000343464,98.0,98,98,2.0,2,2.0,2,
A000343469,24.0,24,24,1.0,1,1.0,1,
A000343472,9.0,9,9,1.0,1,1.0,1,
A000343510,12.5,12,13,1.0,1,1.0,1,0.057
A000344028,28.0,28,28,1.0,1,1.0,1,
A000344038,21.0,21,21,2.0,2,2.0,2,
A000344078,25.0,25,25,1.0,1,1.0,1,
A000344106,27.0,27,27,1.0,1,1.0,1,
A000344176,23.0,23,23,1.0,1,1.0,1,
A000344217,9154.0,8740,9772,4.333,5,4.333,5,0.06
A000344397,6.0,1,11,1.0,1,1.0,1,0.833
A000344429,791.333,745,853,23.0,24,23.0,24,0.07
A000344430,135.333,113,161,9.0,10,9.0,10,0.179
A000344431,301.667,276,318,25.667,27,25.667,27,0.075
A000344433,233.333,184,289,23.0,29,22.667,28,0.226
A000349384,10293.0,9318,10854,5.333,7,5.333,7,0.082
A000349456,5891.0,5628,6097,5.667,6,5.667,6,0.041
A000349457,3577.333,3243,3775,6.0,6,6.0,6,0.081
A000349458,15277.333,14298,16376,7.667,8,7.0,8,0.068
A000349459,49416.0,47170,51268,23.667,26,23.333,26,0.042
A000349460,9940.0,9183,10908,8.667,9,8.0,8,0.089
A000349461,8061.0,7751,8393,5.333,6,5.333,6,0.04
A000349462,1265.333,1136,1402,2.333,3,2.333,3,0.105
A000349463,751.0,427,1075,1.333,2,1.333,2,0.431
A000349464,13962.333,13741,14189,7.0,7,7.0,7,0.016
A000349465,14197.333,11536,16881,12.667,15,10.333,11,0.188
A000349466,7563.0,6991,8415,10.0,12,9.667,11,0.099
A000349467,3410.333,3134,3697,8.0,9,7.667,8,0.083
A000349468,7409.667,6311,8684,6.667,8,6.333,7,0.161
A000349469,5525.333,4411,6353,6.333,8,6.333,8,0.181
A000349470,1260.0,1130,1460,1.333,2,1.333,2,0.14
A000349471,6441.667,4565,8316,7.0,7,7.0,7,0.291
A000349472,5798.667,3433,8034,11.333,13,10.333,12,0.397
A000349473,488.333,477,503,1.0,1,1.0,1,0.027
A000349474,269.0,79,499,1.333,2,1.333,2,0.791
A000349475,431.0,403,481,1.333,2,1.333,2,0.101
A000349476,5335.333,4545,5741,3.667,4,3.333,4,0.128
A000349477,1287.0,1163,1397,3.0,4,2.667,4,0.091
A000349478,5677.667,5313,6202,6.0,7,5.333,6,0.082
A000349479,1151.667,900,1367,2.667,3,2.667,3,0.205
A000349480,4780.0,3724,5968,5.0,6,5.0,6,0.236
A000349481,4666.0,4350,4830,3.333,4,3.333,4,0.059
A000349482,1506.0,1293,1775,1.333,2,1.333,2,0.163
A000349483,4248.667,3674,4864,3.667,5,3.667,5,0.14
A000349484,2010.667,1502,2524,4.333,6,4.0,5,0.254
A000349485,4563.0,4356,4703,3.667,4,3.667,4,0.04
A000349486,2959.0,2637,3267,3.0,4,3.0,4,0.107
A000349487,4377.333,4019,4823,3.333,5,3.333,5,0.093
A000349488,2507.333,2414,2568,5.0,6,5.0,6,0.033
A000349489,1436.667,1192,1698,4.667,5,4.667,5,0.176
A000349490,1558.333,1272,1945,8.0,10,7.667,9,0.223
A000349491,5654.0,3810,7211,9.333,11,8.0,10,0.304
A000349492,1984.0,1653,2175,6.333,8,6.333,8,0.145
A000349493,1288.333,1258,1343,2.667,3,2.667,3,0.037
A000349494,611.667,566,665,1.333,2,1.333,2,0.082
A000349495,678.0,584,791,3.0,3,3.0,3,0.155
A000349496,475.333,322,600,3.0,3,3.0,3,0.297
A000349497,983.0,685,1326,4.0,6,3.667,5,0.328
A000349499,402.333,395,416,2.0,2,2.0,2,0.029
A000349500,363.333,358,374,2.333,3,2.333,3,0.025
A000349501,436.0,434,440,1.333,2,1.333,2,0.008
A000349502,1755.667,1538,1959,6.333,8,6.333,8,0.12
A000349503,774.667,774,775,1.0,1,1.0,1,0.001
A000349504,584.0,584,584,2.0,2,2.0,2,0.0
A000349505,3698.667,3431,3950,7.0,8,7.0,8,0.07
A000349506,849.0,677,998,4.333,6,3.667,4,0.19
A000349507,987.667,933,1039,2.667,3,2.667,3,0.054
A000349508,528.0,472,574,2.0,2,2.0,2,0.098
A000349509,779.333,769,794,2.333,3,2.333,3,0.017
A000349510,3062.333,2721,3581,11.333,15,11.333,15,0.149
A000349511,9279.333,9035,9722,7.333,8,7.0,7,0.041
A000349512,7717.333,7010,8326,11.333,12,10.333,11,0.086
A000349513,2704.667,2473,2932,4.333,5,4.0,4,0.085
A000349514,1046.0,700,1231,1.0,1,1.0,1,0.287
A000349515,1551.333,1435,1671,1.0,1,1.0,1,0.076
A000349516,4248.667,4024,4696,7.0,8,6.667,8,0.091
A000349517,2096.667,1934,2205,5.0,6,4.667,5,0.068
A000350358,32.0,32,32,1.0,1,1.0,1,
A000350988,64.0,32,96,1.5,2,1.5,2,0.707
A000355562,36.0,36,36,1.0,1,1.0,1,0.0
A000355563,817.333,806,826,2.333,3,2.333,3,0.013
A000355565,2129.0,2089,2158,7.667,8,7.333,8,0.017
A000355566,607.333,526,709,3.333,4,3.333,4,0.153
A000355571,897.0,811,988,3.0,4,3.0,4,0.099
A000366709,2211.333,1307,2850,10.333,13,10.0,12,0.364
A000366729,76.667,30,170,1.0,1,1.0,1,1.054
A000366730,377.333,300,532,1.333,2,1.333,2,0.355
A000366731,2835.0,2275,3515,4.333,6,4.333,6,0.222
A000366732,1230.0,1150,1310,3.0,3,3.0,3,0.065
A000366734,421.333,338,488,2.0,2,2.0,2,0.181
A000366769,2033.333,1720,2310,3.667,4,3.667,4,0.146
A000366772,210.0,210,210,1.0,1,1.0,1,0.0
A000366773,715.0,635,795,2.333,3,2.333,3,0.112
A000366774,2204.0,1774,2664,4.0,5,4.0,5,0.202
A000366799,140.0,140,140,1.0,1,1.0,1,0.0
A000366800,147.0,147,147,1.0,1,1.0,1,0.0
A000366801,754.333,681,861,2.667,3,2.667,3,0.125
A000366802,356.0,296,396,2.667,3,2.667,3,0.149
A000366807,536.667,470,610,4.0,4,4.0,4,0.131
A000366811,243.333,130,350,2.0,3,2.0,3,0.453
A000366813,410.667,314,494,1.667,2,1.667,2,0.221
A000366814,148.0,28,238,2.0,3,2.0,3,0.731
A000367123,601.667,555,695,1.333,2,1.333,2,0.134
A000367124,4249.0,2469,5849,2.667,3,2.667,3,0.399
A000367125,1213.333,960,1390,1.667,2,1.667,2,0.185
A000367126,226.667,140,340,1.0,1,1.0,1,0.453
A000367127,3400.667,2384,4134,2.667,4,2.667,4,0.267
A000391462,562.333,429,779,1.0,1,1.0,1,0.337
A000391463,1909.5,1895,1924,2.0,2,2.0,2,0.011
A000391464,341.0,241,441,1.0,1,1.0,1,0.415
A000391706,370.333,274,461,35.333,45,34.667,43,0.253
A000391711,1579.333,1515,1656,69.333,72,68.333,71,0.045
A000391712,878.667,847,916,74.0,78,74.0,78,0.04
A000391713,355.333,316,381,60.667,65,60.667,65,0.097
A000391714,317.667,250,359,32.0,35,30.667,34,0.186
A000391715,545.333,431,605,17.333,19,16.667,18,0.182
A000391716,1205.333,1082,1305,86.667,96,86.333,95,0.094
A000391717,743.667,724,767,64.0,66,63.333,65,0.029
A000391833,2963.0,2810,3055,2.667,3,2.667,3,0.045
A000391906,4031.0,3918,4091,4.0,5,3.667,4,0.024
A000391910,3158.667,1862,3993,2.667,3,2.667,3,0.36
A000391915,7365.0,6619,8103,5.333,6,5.333,6,0.101
A000391921,8460.0,7511,9152,5.667,6,5.667,6,0.1
A000391930,655.667,618,684,1.667,2,1.667,2,0.052
A000391959,4287.333,3785,4600,6.667,7,6.667,7,0.102
A000391962,538.667,416,607,1.333,2,1.333,2,0.198
A000391963,1822.333,1685,1898,3.667,4,3.667,4,0.065
A000391967,695.333,615,788,4.333,5,4.333,5,0.125
A000391976,1342.667,1296,1386,4.667,5,4.667,5,0.034
A000391977,570.0,537,592,2.667,3,2.667,3,0.051
A000392029,9.0,9,9,1.0,1,1.0,1,0.0
A000392030,6.667,6,7,1.0,1,1.0,1,0.087
A000392031,8.0,8,8,1.0,1,1.0,1,0.0
A000392278,84.0,84,84,1.0,1,1.0,1,0.0
A000392279,196.0,195,197,1.0,1,1.0,1,0.005
A000392280,69.333,63,81,2.333,3,2.333,3,0.146
A000392281,107.0,98,112,1.333,2,1.333,2,0.073
A000392282,1499.0,1497,1503,2.0,2,2.0,2,0.002
A000392283,28.0,27,29,1.0,1,1.0,1,0.036
A000392284,202.667,198,212,4.0,4,4.0,4,0.04
A000392285,19.667,19,20,1.0,1,1.0,1,0.029
A000392288,164.0,164,164,1.333,2,1.333,2,0.0
A000392289,61.333,60,63,1.0,1,1.0,1,0.025
A000392661,1.0,1,1,1.0,1,1.0,1,
A000393371,1.0,1,1,1.0,1,1.0,1,
A000393427,1.0,1,1,1.0,1,1.0,1,
A000393465,2.0,2,2,1.0,1,1.0,1,0.0
A000393700,1.0,1,1,1.0,1,1.0,1,0.0
A000393701,21.0,21,21,1.0,1,1.0,1,
A000393708,11.667,5,19,1.667,2,1.667,2,0.602
A000393716,4.0,4,4,3.0,3,2.0,2,0.0
A000393719,37.667,26,53,1.0,1,1.0,1,0.368
A000393745,4.0,3,5,1.0,1,1.0,1,0.354
A000393751,51.0,49,52,1.0,1,1.0,1,0.034
A000393752,117.0,73,139,1.0,1,1.0,1,0.326
A000394071,1106.667,814,1300,2.0,3,2.0,3,0.233
A000394073,630.333,538,705,1.667,2,1.667,2,0.135
A000394075,262.0,262,262,1.0,1,1.0,1,0.0
A000394994,1.0,1,1,1.0,1,1.0,1,0.0
A000395070,240.0,118,465,1.333,2,1.333,2,0.813
A000395071,689.333,563,817,2.0,2,2.0,2,0.184
A000395073,1391.333,1235,1636,3.667,4,3.667,4,0.154
A000395074,2542.0,1880,2969,1.0,1,1.0,1,0.229
A000395076,2120.667,2048,2238,2.333,3,2.333,3,0.048
A000395077,2819.0,1691,3707,1.333,2,1.333,2,0.365
A000395078,1152.667,982,1494,1.0,1,1.0,1,0.256
A000395079,492.0,370,726,2.0,2,2.0,2,0.412
A000395080,2197.333,1860,2444,5.0,7,4.667,6,0.138
A000395081,1146.667,940,1500,2.667,4,2.667,4,0.268
A000395082,745.333,720,789,2.667,3,2.667,3,0.051
A000395424,1.0,1,1,1.0,1,1.0,1,
A000397319,2024.0,1820,2156,2.667,3,2.667,3,0.089
A000397704,1009.333,892,1224,8.0,10,8.0,10,0.184
A000397705,43.667,43,45,1.0,1,1.0,1,0.026
A000397779,697.333,459,969,2.333,4,2.0,3,0.368
A000397931,2.0,2,2,1.0,1,1.0,1,0.0
A000398004,4.0,4,4,1.0,1,1.0,1,0.0
A000398005,12.0,12,12,1.0,1,1.0,1,0.0
A000398361,4.0,4,4,1.0,1,1.0,1,0.0
A000398552,611.333,461,688,13.333,16,13.0,15,0.213
A000398553,396.0,249,572,13.333,19,12.0,16,0.413
A000398860,11.0,11,11,1.0,1,1.0,1,0.0
A000398864,18.667,16,24,1.0,1,1.0,1,0.247
A000398867,6.667,4,10,1.0,1,1.0,1,0.458
A000398910,10.667,5,14,1.0,1,1.0,1,0.462
A000398913,4.0,4,4,1.0,1,1.0,1,0.0
A000398984,9.667,7,12,1.0,1,1.0,1,0.26
A000399314,1.0,1,1,1.0,1,1.0,1,
A000399315,11.667,5,16,1.0,1,1.0,1,0.502
A000399397,3.0,3,3,1.0,1,1.0,1,0.0
A000399969,1.0,1,1,1.0,1,1.0,1,0.0
A000400292,8.333,8,9,1.0,1,1.0,1,0.069
A000400295,26.0,26,26,1.0,1,1.0,1,0.0
A000400296,8.333,5,11,1.0,1,1.0,1,0.367
A000400740,264.667,255,274,1.667,2,1.667,2,0.036
A000401544,1.0,1,1,1.0,1,1.0,1,
A000401591,255.0,251,261,4.0,4,4.0,4,0.021
A000401592,12.333,11,13,1.0,1,1.0,1,0.094
A000401593,2355.333,2282,2397,5.667,6,5.667,6,0.027
A000401594,4719.0,3999,5500,9.667,11,9.333,10,0.159
A000402295,3.333,3,4,1.0,1,1.0,1,0.173
A000402380,1.0,1,1,1.0,1,1.0,1,0.0
A000402439,63.667,58,71,1.0,1,1.0,1,0.105
A000402641,2.0,2,2,1.0,1,1.0,1,0.0
A000402835,2173.667,1825,2395,2.333,3,2.333,3,0.141
A000403986,121.333,106,132,1.667,2,1.667,2,0.112
A000403987,26.0,22,32,1.0,1,1.0,1,0.204
A000403989,94.0,94,94,1.0,1,1.0,1,0.0
A000403991,743.333,743,744,4.333,5,4.333,5,0.001
A000403992,45.0,45,45,1.0,1,1.0,1,0.0
A000403994,32.0,31,34,1.333,2,1.333,2,0.054
A000403996,793.333,740,820,3.0,3,3.0,3,0.058
A000403998,3091.667,2949,3255,11.0,12,11.0,12,0.05
A000403999,340.0,320,350,3.0,3,3.0,3,0.051
A000404000,50.0,50,50,1.0,1,1.0,1,0.0
A000404001,177.0,176,179,1.0,1,1.0,1,0.01
A000404008,1174.333,991,1521,7.0,9,7.0,9,0.256
A000404240,201.0,126,251,1.0,1,1.0,1,0.329
A000404241,24.667,8,58,1.0,1,1.0,1,1.17
A000405056,951.0,663,1140,2.333,3,2.333,3,0.267
A000405057,515.0,489,554,1.0,1,1.0,1,0.067
A000405058,1687.0,1613,1747,1.0,1,1.0,1,0.04
A000405059,885.667,711,986,1.0,1,1.0,1,0.171
A000405060,249.0,249,249,1.0,1,1.0,1,0.0
A000406750,33.0,33,33,1.0,1,1.0,1,
A000407340,12.0,12,12,1.0,1,1.0,1,0.0
A000407341,18.0,10,22,1.0,1,1.0,1,0.385
A000407717,5.0,5,5,1.0,1,1.0,1,0.0
A000408102,1.0,1,1,1.0,1,1.0,1,0.0
A000408340,1141.333,1128,1148,12.0,12,12.0,12,0.01
A000408925,4048.0,3350,4867,17.333,23,16.667,21,0.189
A000408926,138.0,137,140,1.0,1,1.0,1,0.013
A000408927,148.333,146,153,1.0,1,1.0,1,0.027
A000408930,2.333,1,5,1.0,1,1.0,1,0.99
A000408931,258.0,258,258,1.0,1,1.0,1,0.0
A000408932,1432.333,1431,1435,2.333,3,2.333,3,0.002
A000408933,451.0,451,451,2.0,2,2.0,2,0.0
A000408934,238.0,238,238,2.0,2,2.0,2,0.0
A000409261,233.333,200,300,1.0,1,1.0,1,0.247
A000409263,315.0,315,315,4.0,4,4.0,4,0.0
A000409855,293.333,210,380,2.0,2,2.0,2,0.29
A000409856,487.667,391,566,2.0,3,1.667,2,0.182
A000409901,820.0,500,980,1.0,1,1.0,1,0.338
A000409928,505.333,417,632,3.0,4,3.0,4,0.223
A000409929,495.333,416,570,2.667,4,2.667,4,0.156
A000409930,1493.0,1331,1632,14.333,16,14.333,16,0.102
A000409931,617.667,557,671,8.333,9,8.333,9,0.093
A000410199,1.0,1,1,1.0,1,1.0,1,0.0
A000410268,26.0,26,26,1.0,1,1.0,1,
A000410390,30.0,30,30,2.0,2,2.0,2,
A000410400,244.333,240,250,37.333,38,37.333,38,0.021
A000410684,48.0,32,64,1.0,1,1.0,1,0.471
A000411352,4.0,3,5,1.0,1,1.0,1,0.354
A000411599,50.0,50,50,1.0,1,1.0,1,0.0
A000413859,2.0,2,2,1.0,1,1.0,1,0.0
A000413861,5.0,5,5,1.0,1,1.0,1,0.0
A000413949,1894.333,1521,2431,1.333,2,1.333,2,0.252
A000414589,1835.0,1665,1975,1.333,2,1.333,2,0.086
A000414607,119.0,97,159,21.0,28,20.667,28,0.292
A000414847,1.0,1,1,1.0,1,1.0,1,0.0
A000417700,5.0,5,5,1.0,1,1.0,1,0.0
A000420695,1.0,1,1,1.0,1,1.0,1,0.0
A000421497,632.333,602,657,1.0,1,1.0,1,0.044
A000421498,1291.0,1100,1424,2.667,3,2.667,3,0.131
A000421499,1104.333,728,1549,2.667,3,2.667,3,0.376
A000421500,42.667,38,50,1.333,2,1.333,2,0.151
A000421501,1127.0,1028,1193,14.0,15,13.667,15,0.077
A000421502,240.0,205,283,1.667,2,1.667,2,0.165
A000421503,3745.0,2426,5504,8.667,12,8.333,12,0.423
A000421504,457.333,451,467,1.0,1,1.0,1,0.019
A000421505,7472.667,5734,10571,16.333,22,16.333,22,0.36
A000421506,24.667,21,32,1.0,1,1.0,1,0.257
A000421741,107.333,80,162,1.333,2,1.333,2,0.441
A000421743,1173.0,759,1526,2.333,3,2.333,3,0.33
A000421744,937.0,937,937,4.0,4,4.0,4,0.0
A000421745,2634.0,2634,2634,9.0,9,9.0,9,
A000421746,854.0,854,854,4.0,4,4.0,4,0.0
A000421747,699.0,697,703,4.0,4,4.0,4,0.005
A000421748,4203.0,4203,4203,1.0,1,1.0,1,0.0
A000421749,98.333,81,111,1.0,1,1.0,1,0.158
A000421750,674.0,654,714,1.0,1,1.0,1,0.051
A000421814,1.0,1,1,1.0,1,1.0,1,0.0
A000422828,599.667,428,884,51.667,75,51.667,75,0.414
A000422830,704.333,578,952,71.667,96,71.667,96,0.305
A000422831,653.667,428,1053,9.0,13,9.0,13,0.531
A000422834,1202.667,1156,1256,12.667,14,12.667,14,0.042
A000422846,456.667,271,576,1.0,1,1.0,1,0.357
A000422849,782.667,510,1065,2.333,3,2.0,3,0.355
A000422850,203.667,101,406,1.667,2,1.667,2,0.86
A000422851,1227.0,1171,1333,2.0,2,2.0,2,0.075
A000422852,2587.0,1367,3227,1.0,1,1.0,1,0.409
A000422854,8.333,7,9,1.0,1,1.0,1,0.139
A000422856,253.0,219,321,1.0,1,1.0,1,0.233
A000422857,2884.0,2004,3468,2.333,3,2.333,3,0.269
A000422859,503.333,450,566,1.0,1,1.0,1,0.116
A000422860,1466.0,906,2046,1.667,2,1.667,2,0.389
A000422862,6513.667,6343,6807,5.667,6,5.667,6,0.039
A000422864,452.0,448,454,1.333,2,1.333,2,0.008
A000422865,1178.667,1012,1512,1.333,2,1.333,2,0.245
A000422866,1329.0,1329,1329,1.0,1,1.0,1,0.0
A000422867,1568.0,1568,1568,1.0,1,1.0,1,0.0
A000422868,1898.0,1898,1898,1.0,1,1.0,1,0.0
A000422869,2297.0,2297,2297,1.0,1,1.0,1,0.0
A000422870,1950.0,1950,1950,1.0,1,1.0,1,0.0
A000422871,405.667,239,689,1.333,2,1.333,2,0.608
A000422873,16.0,16,16,2.0,2,2.0,2,
A000422874,202.333,193,220,1.333,2,1.333,2,0.076
A000422877,287.0,287,287,1.0,1,1.0,1,0.0
A000422878,40.0,40,40,1.0,1,1.0,1,0.0
A000422879,40.0,40,40,1.0,1,1.0,1,0.0
A000422880,90.0,90,90,1.0,1,1.0,1,0.0
A000422881,40.0,40,40,1.0,1,1.0,1,0.0
A000422882,66.667,54,92,1.333,2,1.333,2,0.329
A000422883,40.0,40,40,1.0,1,1.0,1,0.0
A000422884,15.0,15,15,2.0,2,2.0,2,0.0
A000422885,281.0,281,281,1.0,1,1.0,1,0.0
A000422886,40.0,40,40,1.0,1,1.0,1,0.0
A000422887,40.0,40,40,1.0,1,1.0,1,0.0
A000422888,40.0,40,40,1.0,1,1.0,1,0.0
A000422889,40.0,40,40,1.0,1,1.0,1,0.0
A000422890,100.0,100,100,1.0,1,1.0,1,0.0
A000422891,40.0,40,40,1.0,1,1.0,1,0.0
A000422892,40.0,40,40,1.0,1,1.0,1,0.0
A000422893,40.0,40,40,1.0,1,1.0,1,0.0
A000422894,43.667,17,97,1.0,1,1.0,1,1.058
A000422895,40.0,40,40,1.0,1,1.0,1,0.0
A000422896,40.0,40,40,1.0,1,1.0,1,0.0
A000422897,40.0,40,40,1.0,1,1.0,1,0.0
A000422898,40.0,40,40,1.0,1,1.0,1,0.0
A000422899,37.333,16,76,1.0,1,1.0,1,0.899
A000422900,40.0,40,40,1.0,1,1.0,1,0.0
A000422901,40.0,40,40,1.0,1,1.0,1,0.0
A000422902,40.0,40,40,1.0,1,1.0,1,0.0
A000422903,40.0,40,40,1.0,1,1.0,1,0.0
A000422904,40.0,40,40,1.0,1,1.0,1,0.0
A000422908,107.667,103,111,2.333,3,2.333,3,0.039
A000422909,40.0,40,40,1.0,1,1.0,1,0.0
A000422910,13.0,13,13,1.0,1,1.0,1,0.0
A000422911,33.0,33,33,1.0,1,1.0,1,0.0
A000422912,25.0,25,25,1.0,1,1.0,1,0.0
A000422915,40.0,40,40,1.0,1,1.0,1,0.0
A000422916,200.0,200,200,1.0,1,1.0,1,0.0
A000422917,209.0,209,209,1.0,1,1.0,1,0.0
A000422918,40.0,40,40,1.0,1,1.0,1,0.0
A000422919,179.0,179,179,1.0,1,1.0,1,0.0
A000422921,40.0,40,40,1.0,1,1.0,1,0.0
A000422922,40.0,40,40,1.0,1,1.0,1,0.0
A000422923,40.0,40,40,1.0,1,1.0,1,0.0
A000422924,100.0,100,100,1.0,1,1.0,1,0.0
A000422926,992.667,961,1026,9.0,9,9.0,9,0.033
A000422927,766.0,515,907,12.0,14,12.0,14,0.284
A000422929,69.0,69,69,1.0,1,1.0,1,0.0
A000422930,120.333,119,121,1.333,2,1.333,2,0.01
A000422931,66.667,50,100,1.0,1,1.0,1,0.433
A000422932,324.0,316,340,1.333,2,1.333,2,0.043
A000422933,78.333,78,79,1.0,1,1.0,1,0.007
A000422934,650.0,649,651,2.333,3,2.333,3,0.002
A000422935,279.0,279,279,2.0,2,2.0,2,0.0
A000422936,679.333,664,690,3.667,4,3.667,4,0.02
A000422937,221.333,219,223,1.0,1,1.0,1,0.009
A000422938,48.333,48,49,1.333,2,1.333,2,0.012
A000422940,607.333,599,615,4.333,5,4.333,5,0.013
A000422942,1293.667,1277,1327,1.0,1,1.0,1,0.022
A000422943,123.333,90,140,1.0,1,1.0,1,0.234
A000422944,2799.333,2766,2816,1.0,1,1.0,1,0.01
A000422945,2246.0,2246,2246,1.0,1,1.0,1,0.0
A000422946,1976.333,1893,2043,1.0,1,1.0,1,0.039
A000423028,759.0,733,775,1.0,1,1.0,1,0.03
A000423031,273.0,238,298,2.333,3,2.333,3,0.114
A000423032,4206.333,4063,4493,20.667,22,20.667,22,0.059
A000423033,1585.0,1529,1657,9.333,10,9.333,10,0.041
A000423034,8354.667,7422,9341,40.667,46,40.667,46,0.115
A000423038,1181.667,1065,1265,1.0,1,1.0,1,0.088
A000423039,261.333,88,398,1.0,1,1.0,1,0.605
A000423041,170.0,170,170,1.0,1,1.0,1,0.0
A000423042,62.333,49,69,1.0,1,1.0,1,0.185
A000423043,656.333,649,661,3.0,4,3.0,4,0.01
A000423044,811.333,788,858,3.333,4,3.333,4,0.05
A000423045,1096.0,1088,1100,5.0,5,5.0,5,0.006
A000423046,890.667,822,926,4.0,4,4.0,4,0.067
A000423047,519.667,282,889,2.333,3,2.333,3,0.624
A000423048,249.333,40,505,1.333,2,1.333,2,0.946
A000423049,210.667,174,245,1.667,2,1.667,2,0.169
A000423050,812.0,812,812,3.333,4,3.333,4,0.0
A000423051,605.667,559,629,3.0,3,3.0,3,0.067
A000423053,1269.0,1269,1269,6.0,6,6.0,6,0.0
A000423055,356.333,270,524,2.333,3,2.333,3,0.408
A000423056,1184.0,1169,1194,6.0,6,6.0,6,0.011
A000423058,2333.0,1340,4319,8.333,15,8.333,15,0.737
A000423060,1080.333,388,2465,4.667,9,4.667,9,1.11
A000423067,350.0,338,374,1.0,1,1.0,1,0.059
A000423069,1354.0,1162,1738,1.333,2,1.333,2,0.246
A000423070,2956.667,2952,2962,3.333,4,3.333,4,0.002
A000423071,344.0,344,344,2.0,2,2.0,2,0.0
A000423072,600.0,600,600,2.0,2,2.0,2,0.0
A000423073,678.0,584,812,2.667,3,2.667,3,0.176
A000423074,266.0,128,502,1.0,1,1.0,1,0.772
A000423075,289.0,184,403,1.0,1,1.0,1,0.38
A000423076,356.667,192,513,1.333,2,1.333,2,0.45
A000423077,552.333,471,691,1.333,2,1.333,2,0.219
A000423078,155.667,155,156,1.333,2,1.333,2,0.004
A000423079,188.0,188,188,1.0,1,1.0,1,0.0
A000423080,143.0,143,143,1.0,1,1.0,1,0.0
A000423081,190.0,186,192,1.0,1,1.0,1,0.018
A000423082,343.0,343,343,1.0,1,1.0,1,0.0
A000423083,141.0,141,141,1.0,1,1.0,1,0.0
A000423084,144.0,144,144,1.0,1,1.0,1,0.0
A000423085,187.0,187,187,2.0,2,2.0,2,0.0
A000423087,111.0,100,133,1.0,1,1.0,1,0.172
A000423088,65.0,65,65,1.0,1,1.0,1,0.0
A000423090,51.667,50,54,1.667,2,1.667,2,0.04
A000423091,50.0,50,50,1.0,1,1.0,1,0.0
A000423092,50.0,50,50,1.0,1,1.0,1,0.0
A000423093,93.0,93,93,1.0,1,1.0,1,0.0
A000423111,137.333,104,204,1.333,2,1.333,2,0.42
A000423112,98.667,19,207,2.333,3,2.0,2,0.985
A000423113,538.333,5,1205,1.333,2,1.333,2,1.135
A000423114,96.0,96,96,1.0,1,1.0,1,0.0
A000423115,124.0,124,124,1.0,1,1.0,1,0.0
A000423116,1257.667,1228,1288,2.333,3,2.333,3,0.024
A000423117,303.333,300,310,1.333,2,1.333,2,0.019
A000423118,1936.667,1882,2015,5.0,6,5.0,6,0.036
A000423119,724.333,531,1111,1.667,3,1.667,3,0.462
A000423120,523.333,150,900,1.0,1,1.0,1,0.717
A000423121,1960.333,1876,2088,4.333,5,4.333,5,0.057
A000423122,1342.667,1056,1496,1.667,2,1.667,2,0.185
A000423123,2697.667,2641,2801,5.667,6,5.667,6,0.033
A000423124,2957.333,2894,3084,1.333,2,1.333,2,0.037
A000423125,137.333,87,163,1.333,2,1.333,2,0.317
A000423126,598.0,578,628,1.333,2,1.333,2,0.044
A000423127,353.333,330,400,1.0,1,1.0,1,0.114
A000423128,33.0,33,33,1.0,1,1.0,1,0.0
A000423129,986.333,945,1037,3.0,3,3.0,3,0.047
A000423130,571.0,93,1377,1.333,2,1.333,2,1.229
A000423131,1992.667,1976,2006,3.0,3,3.0,3,0.008
A000423132,392.333,369,439,1.0,1,1.0,1,0.103
A000423133,896.0,896,896,1.333,2,1.333,2,0.0
A000423134,702.333,619,869,1.0,1,1.0,1,0.206
A000423135,275.667,269,279,1.0,1,1.0,1,0.021
A000423136,138.0,138,138,1.0,1,1.0,1,0.0
A000423137,679.0,679,679,2.0,2,2.0,2,0.0
A000423138,132.667,116,166,1.333,2,1.333,2,0.218
A000423139,92.0,92,92,1.0,1,1.0,1,0.0
A000423140,1627.0,1573,1710,5.333,6,5.333,6,0.045
A000423141,1319.667,1293,1373,1.0,1,1.0,1,0.035
A000423142,599.667,593,603,2.0,2,2.0,2,0.01
A000423143,1646.0,1546,1846,1.0,1,1.0,1,0.105
A000423144,1130.333,1107,1147,2.0,2,2.0,2,0.018
A000423145,380.0,20,1100,1.333,2,1.333,2,1.641
A000423146,338.0,288,428,1.333,2,1.333,2,0.231
A000423147,320.0,320,320,1.0,1,1.0,1,
A000423148,321.333,100,764,1.0,1,1.0,1,1.193
A000423149,221.333,194,245,1.0,1,1.0,1,0.116
A000423150,300.0,220,460,1.0,1,1.0,1,0.462
A000423151,130.0,100,190,1.0,1,1.0,1,0.4
A000423152,181.333,148,198,1.0,1,1.0,1,0.159
A000423153,120.0,80,200,1.0,1,1.0,1,0.577
A000423154,604.0,604,604,1.0,1,1.0,1,0.0
A000423155,272.333,131,493,1.667,2,1.667,2,0.711
A000423156,292.0,252,372,1.0,1,1.0,1,0.237
A000423157,401.0,361,451,1.0,1,1.0,1,0.114
A000423158,81.333,78,88,1.333,2,1.333,2,0.071
A000423159,31.0,31,31,1.0,1,1.0,1,0.0
A000423160,285.667,239,339,1.0,1,1.0,1,0.176
A000423161,86.667,50,160,2.0,2,2.0,2,0.733
A000423163,218.0,218,218,1.0,1,1.0,1,0.0
A000423164,832.0,832,832,2.0,2,2.0,2,0.0
A000423165,157.0,157,157,1.0,1,1.0,1,0.0
A000423174,61.0,53,68,2.0,2,2.0,2,0.124
A000423175,234.0,234,234,1.0,1,1.0,1,0.0
A000423176,1.0,1,1,1.0,1,1.0,1,0.0
A000423177,74.0,74,74,1.0,1,1.0,1,0.0
A000423178,1.0,1,1,1.0,1,1.0,1,0.0
A000423179,1.0,1,1,1.0,1,1.0,1,0.0
A000423184,67.667,1,101,1.0,1,1.0,1,0.853
A000423188,6.0,6,6,1.0,1,1.0,1,0.0
A000423198,5.0,5,5,1.0,1,1.0,1,0.0
A000423206,69.667,3,103,1.0,1,1.0,1,0.829
A000423209,270.0,235,340,1.0,1,1.0,1,0.225
A000423210,134.333,133,135,1.0,1,1.0,1,0.009
A000423211,734.667,718,748,2.333,3,2.333,3,0.021
A000423212,116.667,100,150,1.0,1,1.0,1,0.247
A000423213,460.0,440,500,1.0,1,1.0,1,0.075
A000423214,233.333,225,250,3.0,3,3.0,3,0.062
A000423215,576.667,550,620,1.0,1,1.0,1,0.066
A000423216,484.333,477,497,1.333,2,1.333,2,0.023
A000423217,635.333,626,650,2.0,2,2.0,2,0.02
A000423221,156.667,130,200,1.333,2,1.333,2,0.242
A000423226,99.667,33,133,1.667,2,1.667,2,0.579
A000423227,166.667,95,210,1.0,1,1.0,1,0.375
A000423229,38.0,38,38,1.0,1,1.0,1,0.0
A000423230,101.0,100,103,1.0,1,1.0,1,0.017
A000423231,45.0,45,45,2.0,2,2.0,2,0.0
A000423232,13.0,13,13,1.0,1,1.0,1,0.0
A000423233,13.0,13,13,1.0,1,1.0,1,0.0
A000423750,3.667,1,9,1.0,1,1.0,1,1.26
A000424139,200.0,200,200,1.0,1,1.0,1,0.0
A000424239,77.333,41,122,7.333,11,7.0,11,0.532
A000424274,1.0,1,1,1.0,1,1.0,1,0.0
A000424567,40.0,40,40,1.0,1,1.0,1,0.0
A000424568,105.333,71,171,1.667,2,1.667,2,0.54
A000424569,40.0,40,40,1.0,1,1.0,1,0.0
A000424570,40.0,40,40,1.0,1,1.0,1,0.0
A000424571,40.0,40,40,1.0,1,1.0,1,0.0
A000424572,75.0,75,75,1.0,1,1.0,1,0.0
A000424573,40.0,40,40,1.0,1,1.0,1,0.0
A000424574,40.0,40,40,1.0,1,1.0,1,0.0
A000424575,40.0,40,40,1.0,1,1.0,1,0.0
A000424576,40.0,40,40,1.0,1,1.0,1,0.0
A000424577,200.0,200,200,1.0,1,1.0,1,0.0
A000424578,120.0,120,120,1.0,1,1.0,1,0.0
A000424579,120.0,120,120,1.0,1,1.0,1,0.0
A000424580,120.0,120,120,1.0,1,1.0,1,0.0
A000424581,100.0,100,100,1.0,1,1.0,1,0.0
A000424582,346.333,345,348,3.333,4,3.333,4,0.004
A000424583,103.0,103,103,1.0,1,1.0,1,0.0
A000424584,428.0,300,492,2.0,2,2.0,2,0.259
A000424585,9.0,9,9,1.0,1,1.0,1,0.0
A000424587,45.0,45,45,1.0,1,1.0,1,0.0
A000424588,82.333,50,118,2.667,4,2.0,2,0.414
A000424589,100.0,100,100,1.0,1,1.0,1,
A000424590,1460.0,1460,1460,2.0,2,2.0,2,0.0
A000424591,13882.667,10966,16316,5.333,7,5.333,7,0.195
A000424592,90.0,90,90,1.0,1,1.0,1,0.0
A000424593,350.0,350,350,2.0,2,2.0,2,0.0
A000424594,880.0,880,880,1.0,1,1.0,1,
A000424595,76.0,76,76,1.0,1,1.0,1,0.0
A000424596,158.0,158,158,2.0,2,2.0,2,0.0
A000424597,444.0,444,444,2.0,2,2.0,2,0.0
A000424598,243.333,100,530,1.0,1,1.0,1,1.02
A000424599,404.0,304,604,1.0,1,1.0,1,0.429
A000424601,88.333,87,89,1.0,1,1.0,1,0.013
A000424682,114.333,83,130,1.0,1,1.0,1,0.237
A000424684,626.667,620,640,4.0,4,4.0,4,0.018
A000424757,1.0,1,1,1.0,1,1.0,1,0.0
A000427548,2644.333,2338,2913,1.333,2,1.333,2,0.109
A000427644,35.0,30,45,1.0,1,1.0,1,0.247
A000427663,962.667,900,994,5.0,5,5.0,5,0.056
A000427664,708.0,644,836,4.333,5,4.333,5,0.157
A000427665,1673.333,1340,2140,6.333,8,6.333,8,0.249
A000427668,464.333,364,515,4.0,5,4.0,5,0.187
A000427669,558.0,558,558,4.0,4,4.0,4,0.0
A000427670,400.667,289,467,2.0,2,2.0,2,0.243
A000427696,64.0,64,64,1.0,1,1.0,1,0.0
A000427698,288.0,288,288,2.0,2,2.0,2,0.0
A000427699,544.0,524,584,1.0,1,1.0,1,0.064
A000427700,27.667,1,81,1.333,2,1.333,2,1.669
A000427701,150.0,150,150,1.0,1,1.0,1,0.0
A000427702,202.0,202,202,1.0,1,1.0,1,0.0
A000427703,29.333,23,35,2.667,3,2.667,3,0.205
A000427704,8.0,8,8,1.0,1,1.0,1,0.0
A000427705,51.333,50,53,2.333,3,2.333,3,0.03
A000427707,3.0,3,3,1.0,1,1.0,1,0.0
A000427714,9.0,9,9,1.0,1,1.0,1,0.0
A000427715,8.0,8,8,1.0,1,1.0,1,0.0
A000427716,11.0,11,11,1.0,1,1.0,1,0.0
A000427718,9.0,9,9,1.0,1,1.0,1,0.0
A000427732,23.667,17,37,1.0,1,1.0,1,0.488
A000427733,69.333,50,108,1.0,1,1.0,1,0.483
A000427734,221.0,200,263,1.0,1,1.0,1,0.165
A000427738,1.0,1,1,1.0,1,1.0,1,0.0
A000427740,137.667,131,151,1.0,1,1.0,1,0.084
A000427741,141.0,141,141,2.0,2,2.0,2,0.0
A000427742,119.0,119,119,1.0,1,1.0,1,0.0
A000427743,102.0,102,102,1.0,1,1.0,1,0.0
A000427744,110.0,110,110,2.0,2,2.0,2,0.0
A000427745,102.0,88,109,1.0,1,1.0,1,0.119
A000427747,204.333,201,211,2.0,2,2.0,2,0.028
A000427748,93.0,93,93,2.0,2,2.0,2,0.0
A000427749,211.667,211,212,2.0,2,2.0,2,0.003
A000427750,76.0,22,103,1.667,2,1.667,2,0.615
A000427751,94.0,94,94,1.0,1,1.0,1,0.0
A000427753,257.333,257,258,1.0,1,1.0,1,0.002
A000427754,110.333,105,114,2.0,2,2.0,2,0.043
A000427755,90.0,90,90,1.0,1,1.0,1,0.0
A000427756,473.333,470,480,1.0,1,1.0,1,0.012
A000427757,350.0,350,350,1.0,1,1.0,1,0.0
A000427758,133.333,100,200,1.333,2,1.333,2,0.433
A000427759,300.0,300,300,1.0,1,1.0,1,0.0
A000427760,266.667,240,320,1.0,1,1.0,1,0.173
A000427761,216.667,190,230,1.0,1,1.0,1,0.107
A000427762,209.333,199,220,1.0,1,1.0,1,0.05
A000427763,380.0,370,390,4.0,4,4.0,4,0.026
A000427764,12.0,12,12,1.0,1,1.0,1,0.0
A000427765,103.0,103,103,1.0,1,1.0,1,0.0
A000427766,9.0,9,9,1.0,1,1.0,1,0.0
A000427767,16.0,16,16,1.0,1,1.0,1,0.0
A000427768,105.0,105,105,2.0,2,2.0,2,0.0
A000427769,109.0,109,109,2.0,2,2.0,2,0.0
A000427770,109.0,109,109,2.0,2,2.0,2,0.0
A000427771,116.0,116,116,2.0,2,2.0,2,0.0
A000427772,113.0,113,113,3.0,3,3.0,3,0.0
A000427773,109.0,109,109,2.0,2,2.0,2,0.0
A000427774,100.0,96,104,1.333,2,1.333,2,0.04
A000427775,105.0,105,105,1.0,1,1.0,1,0.0
A000427776,16.0,16,16,1.0,1,1.0,1,0.0
A000427777,26.0,26,26,1.0,1,1.0,1,0.0
A000427779,10.0,10,10,1.0,1,1.0,1,0.0
A000427782,43.0,43,43,1.0,1,1.0,1,0.0
A000428674,2.0,2,2,1.0,1,1.0,1,0.0
A000428675,7.0,7,7,1.0,1,1.0,1,0.0
A000429757,20.333,1,30,1.0,1,1.0,1,0.823
A000429758,60.0,60,60,1.0,1,1.0,1,0.0
A000430897,111.0,41,161,1.667,2,1.667,2,0.563
A000430898,39.0,39,39,1.0,1,1.0,1,0.0
A000430900,38.667,35,43,1.0,1,1.0,1,0.105
A000430902,178.667,93,251,1.667,2,1.667,2,0.447
A000430905,95.0,95,95,1.0,1,1.0,1,0.0
A000431243,111.333,108,113,2.0,2,2.0,2,0.026
A000431338,11722.0,10800,12966,5.333,6,5.333,6,0.095
A000431339,8038.0,7768,8578,4.333,5,4.333,5,0.058
A000431340,6500.0,6118,7136,3.333,4,3.333,4,0.085
A000431341,4103.667,3367,5577,2.667,4,2.667,4,0.311
A000431342,2819.0,2075,3275,3.333,4,3.333,4,0.23
A000431343,3054.333,2101,3973,3.0,4,3.0,4,0.307
A000431344,3125.333,2908,3324,4.0,4,4.0,4,0.067
A000431345,939.333,864,1054,1.0,1,1.0,1,0.107
A000431346,66.667,60,74,1.333,2,1.333,2,0.105
A000431347,643.0,611,707,2.0,2,2.0,2,0.086
A000431348,457.0,317,677,1.0,1,1.0,1,0.422
A000431349,333.333,184,530,1.0,1,1.0,1,0.533
A000431350,939.0,881,968,1.667,2,1.667,2,0.053
A000431351,1825.0,1451,2378,2.667,4,2.667,4,0.268
A000431352,1758.0,1733,1781,2.667,3,2.667,3,0.014
A000431353,1766.0,1742,1784,2.333,3,2.333,3,0.012
A000431354,258.667,15,462,1.0,1,1.0,1,0.875
A000431355,548.333,368,721,1.0,1,1.0,1,0.322
A000431371,557.0,407,647,1.0,1,1.0,1,0.235
A000431377,1682.333,1681,1685,3.0,3,3.0,3,0.001
A000431549,1.0,1,1,1.0,1,1.0,1,0.0
A000432590,96.667,94,98,2.0,2,2.0,2,0.024
A000432592,60.0,60,60,1.0,1,1.0,1,0.0
A000432597,5.0,5,5,1.0,1,1.0,1,0.0
A000432606,5.0,5,5,1.0,1,1.0,1,0.0
A000432607,4.0,4,4,1.0,1,1.0,1,0.0
A000432608,2.0,2,2,1.0,1,1.0,1,0.0
A000432609,5.0,5,5,1.0,1,1.0,1,0.0
A000432612,5.0,5,5,1.0,1,1.0,1,0.0
A000432613,42.0,42,42,1.0,1,1.0,1,0.0
A000432617,28.667,22,32,1.0,1,1.0,1,0.201
A000432618,15.0,15,15,1.0,1,1.0,1,0.0
A000432619,5.0,5,5,1.0,1,1.0,1,0.0
A000432620,35.0,35,35,1.0,1,1.0,1,0.0
A000432621,5.0,5,5,1.0,1,1.0,1,0.0
A000432622,4.0,4,4,1.0,1,1.0,1,0.0
A000432624,13.0,13,13,1.0,1,1.0,1,0.0
A000432625,24.667,24,25,1.0,1,1.0,1,0.023
A000432628,21.0,15,24,1.0,1,1.0,1,0.247
A000432630,52.0,52,52,1.0,1,1.0,1,0.0
A000432631,9.0,9,9,1.0,1,1.0,1,0.0
A000432633,25.0,15,30,1.0,1,1.0,1,0.346
A000432637,10.0,10,10,1.0,1,1.0,1,0.0
A000432640,11.0,11,11,1.0,1,1.0,1,0.0
A000432643,18.0,18,18,1.0,1,1.0,1,0.0
A000432645,11.667,6,15,1.0,1,1.0,1,0.423
A000432646,53.333,50,55,1.0,1,1.0,1,0.054
A000432647,22.0,22,22,1.0,1,1.0,1,0.0
A000432651,16.667,10,20,1.0,1,1.0,1,0.346
A000432652,15.0,15,15,1.0,1,1.0,1,0.0
A000432653,58.0,58,58,1.0,1,1.0,1,0.0
A000432654,82.0,82,82,1.0,1,1.0,1,0.0
A000432655,28.0,28,28,1.0,1,1.0,1,0.0
A000432656,21.333,15,25,1.0,1,1.0,1,0.258
A000432657,24.0,24,24,1.0,1,1.0,1,0.0
A000432658,12.333,6,16,1.0,1,1.0,1,0.447
A000432661,10.667,4,14,1.0,1,1.0,1,0.541
A000432662,207.0,207,207,1.0,1,1.0,1,0.0
A000432665,9.0,9,9,1.0,1,1.0,1,0.0
A000432667,64.0,64,64,1.0,1,1.0,1,0.0
A000432669,15.0,15,15,1.0,1,1.0,1,0.0
A000432677,2.0,2,2,1.0,1,1.0,1,0.0
A000432678,44.0,44,44,1.0,1,1.0,1,0.0
A000432949,132.667,50,224,1.667,2,1.667,2,0.658
A000433313,27.667,27,28,3.0,3,3.0,3,0.021
A000433314,19.667,13,23,1.0,1,1.0,1,0.294
A000433558,496.0,496,496,1.0,1,1.0,1,0.0
A000433559,422.667,422,423,1.0,1,1.0,1,0.001
A000433565,446.667,446,447,3.0,3,3.0,3,0.001
A000433956,1.0,1,1,1.0,1,1.0,1,0.0
A000433962,43.0,41,45,1.333,2,1.333,2,0.047
A000433964,86.0,86,86,1.0,1,1.0,1,0.0
A000437523,17.0,17,17,1.0,1,1.0,1,0.0
A000437689,4.0,4,4,1.0,1,1.0,1,0.0
A000438032,29.0,29,29,1.0,1,1.0,1,0.0
A000438033,63.0,63,63,1.0,1,1.0,1,0.0
A000438060,319.0,319,319,1.0,1,1.0,1,0.0
A000438061,240.0,220,260,1.0,1,1.0,1,0.083
A000438062,160.0,150,170,1.0,1,1.0,1,0.062
A000438063,260.0,260,260,2.0,2,2.0,2,0.0
A000438064,230.0,230,230,1.0,1,1.0,1,0.0
A000438065,216.667,210,220,2.0,2,2.0,2,0.027
A000438066,180.0,180,180,1.0,1,1.0,1,0.0
A000438067,4.0,4,4,1.0,1,1.0,1,0.0
A000438068,9.0,9,9,1.0,1,1.0,1,0.0
A000438069,237.333,204,304,1.333,2,1.333,2,0.243
A000438070,3.0,3,3,1.0,1,1.0,1,0.0
A000438071,310.0,260,360,1.0,1,1.0,1,0.228
A000439259,153.333,150,160,1.333,2,1.333,2,0.038
A000439260,322.333,319,329,1.0,1,1.0,1,0.018
A000439261,279.0,259,319,1.0,1,1.0,1,0.124
A000439262,93.333,70,110,1.0,1,1.0,1,0.223
A000439263,117.667,111,121,1.0,1,1.0,1,0.049
A000439935,199.667,188,208,1.667,3,1.667,3,0.052
A000439936,7685.333,6368,8365,32.333,35,32.0,35,0.148
A000440164,1.0,1,1,1.0,1,1.0,1,0.0
A000440166,10.333,9,13,1.0,1,1.0,1,0.223
A000440936,1725.0,1631,1805,4.333,6,4.0,5,0.051
A000441144,15.0,15,15,1.0,1,1.0,1,0.0
A000441292,18.667,16,22,1.0,1,1.0,1,0.164
A000441306,64.333,62,69,1.0,1,1.0,1,0.063
A000441307,64.667,63,68,1.0,1,1.0,1,0.045
A000441308,1.0,1,1,1.0,1,1.0,1,0.0
A000441310,30.0,30,30,1.0,1,1.0,1,0.0
A000441311,10.5,8,13,1.0,1,1.0,1,0.337
A000441313,18.667,12,22,1.0,1,1.0,1,0.309
A000441314,44.667,29,65,1.0,1,1.0,1,0.413
A000441316,56.0,56,56,1.0,1,1.0,1,0.0
A000441318,89.333,56,119,1.0,1,1.0,1,0.354
A000441320,18.0,18,18,1.0,1,1.0,1,0.0
A000442400,9.0,9,9,1.0,1,1.0,1,0.0
A000450970,4.0,4,4,1.0,1,1.0,1,0.0
A000450972,2.0,2,2,1.0,1,1.0,1,0.0
A000450976,3.0,3,3,1.0,1,1.0,1,0.0
A000450980,4.0,4,4,1.0,1,1.0,1,0.0
A000450983,2.0,2,2,1.0,1,1.0,1,0.0
A000450985,10.0,10,10,1.0,1,1.0,1,0.0
A000450992,19.333,19,20,1.0,1,1.0,1,0.03
A000450993,7.0,7,7,1.0,1,1.0,1,
A000450994,14.0,14,14,1.0,1,1.0,1,
A000450995,5.0,5,5,1.0,1,1.0,1,
A000450996,7.0,6,9,1.0,1,1.0,1,0.247
A000450997,5.0,5,5,1.0,1,1.0,1,
A000450998,22.333,20,25,1.0,1,1.0,1,0.113
A000450999,6.667,6,7,1.0,1,1.0,1,0.087
A000451004,3.0,3,3,1.0,1,1.0,1,0.0
A000451007,3.0,3,3,1.0,1,1.0,1,0.0
A000451008,1.0,1,1,1.0,1,1.0,1,0.0
A000451009,3.0,3,3,1.0,1,1.0,1,0.0
A000451010,2.0,2,2,1.0,1,1.0,1,0.0
A000451011,3.0,3,3,1.0,1,1.0,1,0.0
A000451012,2.0,2,2,1.0,1,1.0,1,0.0
A000451013,2.0,2,2,1.0,1,1.0,1,0.0
A000451016,1.0,1,1,1.0,1,1.0,1,0.0
A000451017,3.0,3,3,1.0,1,1.0,1,0.0
A000451020,5.0,5,5,1.0,1,1.0,1,0.0
A000451021,8.0,8,8,1.0,1,1.0,1,0.0
A000451027,3.0,3,3,1.0,1,1.0,1,0.0
A000451029,4.0,4,4,1.0,1,1.0,1,0.0
A000451030,1.0,1,1,1.0,1,1.0,1,0.0
A000451032,3.0,3,3,1.0,1,1.0,1,0.0
A000451034,10.0,10,10,1.0,1,1.0,1,0.0
A000451038,6.0,6,6,1.0,1,1.0,1,0.0
A000451039,17.0,17,17,1.0,1,1.0,1,0.0
A000451047,7.0,7,7,1.0,1,1.0,1,0.0
A000451052,30.0,30,30,1.0,1,1.0,1,0.0
A000451053,35.333,35,36,1.0,1,1.0,1,0.016
A000451054,11.0,11,11,1.0,1,1.0,1,0.0
A000451055,55.0,55,55,1.0,1,1.0,1,0.0
A000453937,52.667,29,87,1.667,2,1.667,2,0.578
A000453938,50.333,47,57,2.0,2,2.0,2,0.115
A000453939,86.0,86,86,2.0,2,2.0,2,0.0
A000454274,44.0,28,60,1.5,2,1.5,2,0.514
A000454275,1.0,1,1,1.0,1,1.0,1,0.0
A000454276,50.0,40,60,2.0,2,2.0,2,0.283
A000454277,341.667,335,345,3.0,3,3.0,3,0.017
A000454278,38.333,5,75,1.0,1,1.0,1,0.916
A000454280,21.667,15,30,1.0,1,1.0,1,0.353
A000454282,50.667,44,64,1.0,1,1.0,1,0.228
A000454284,19.0,19,19,1.0,1,1.0,1,0.0
A000454288,59.0,59,59,1.0,1,1.0,1,0.0
A000454289,50.0,50,50,1.0,1,1.0,1,0.0
A000454290,49.0,49,49,1.0,1,1.0,1,0.0
A000454291,49.0,49,49,1.0,1,1.0,1,0.0
A000454292,15.333,12,17,1.333,2,1.333,2,0.188
A000454293,37.333,24,44,1.333,2,1.333,2,0.309
A000455432,9629.667,7945,10714,119.333,133,115.333,130,0.154
A000455433,1776.0,1232,2128,22.0,27,22.0,27,0.269
A000455434,499.667,39,1031,7.667,14,6.667,12,1.0
A000455435,5632.667,4583,6383,147.0,161,139.667,151,0.166
A000455436,3528.333,3155,3908,118.333,134,110.333,124,0.107
A000455437,770.0,613,915,68.333,81,66.667,77,0.197
A000455438,694.0,412,1022,36.333,52,35.0,50,0.443
A000455439,2437.667,1487,3335,50.333,69,49.667,68,0.38
A000455440,1784.667,1561,1956,60.333,65,58.333,63,0.114
A000455441,4948.0,2546,6630,253.0,337,250.667,334,0.432
A000455445,1048.333,948,1154,29.333,32,28.0,30,0.098
A000455446,1973.333,1061,3178,72.0,120,71.0,119,0.552
A000455447,1153.667,1045,1214,93.667,98,93.667,98,0.082
A000455448,568.667,533,592,30.0,32,30.0,32,0.055
A000455933,1182.333,1027,1330,6.0,7,5.667,6,0.128
A000455934,774.333,705,837,5.333,7,5.0,6,0.086
A000455935,711.333,710,712,2.0,2,2.0,2,0.002
A000455936,480.667,479,484,1.0,1,1.0,1,0.006
A000455937,18.0,18,18,1.0,1,1.0,1,0.0
A000455938,10.0,10,10,1.0,1,1.0,1,0.0
A000455939,10.0,10,10,1.0,1,1.0,1,0.0
A000455940,10.0,10,10,1.0,1,1.0,1,0.0
A000455941,10.0,10,10,1.0,1,1.0,1,0.0
A000455942,10.0,10,10,1.0,1,1.0,1,0.0
A000455943,10.0,10,10,1.0,1,1.0,1,0.0
A000455944,10.0,10,10,1.0,1,1.0,1,0.0
A000455945,10.0,10,10,1.0,1,1.0,1,0.0
A000456656,8.0,8,8,1.0,1,1.0,1,0.0
A000458075,20.0,20,20,1.0,1,1.0,1,0.0
A000458456,1.0,1,1,1.0,1,1.0,1,
A000460014,40.0,40,40,1.0,1,1.0,1,0.0
A000460494,4.0,4,4,1.0,1,1.0,1,0.0
A000460497,114.0,112,115,4.0,4,4.0,4,0.015
A000460498,113.333,113,114,4.0,4,4.0,4,0.005
A000460499,31.0,31,31,1.0,1,1.0,1,0.0
A000460500,10.0,10,10,1.0,1,1.0,1,0.0
A000460503,24.333,24,25,1.0,1,1.0,1,0.024
A000460506,22.0,22,22,1.0,1,1.0,1,0.0
A000460507,35.0,35,35,1.0,1,1.0,1,0.0
A000460508,162.0,162,162,1.0,1,1.0,1,0.0
A000460509,86.333,56,136,1.0,1,1.0,1,0.502
A000460510,14.0,9,18,1.0,1,1.0,1,0.327
A000460511,9.0,3,13,1.0,1,1.0,1,0.588
A000460512,5.667,1,12,1.0,1,1.0,1,1.003
A000460513,8.667,7,10,1.0,1,1.0,1,0.176
A000460514,19.0,19,19,1.0,1,1.0,1,0.0
A000460515,23.0,16,27,1.0,1,1.0,1,0.264
A000460516,43.0,43,43,1.0,1,1.0,1,0.0
A000460517,3.0,3,3,1.0,1,1.0,1,0.0
A000460518,29.0,29,29,1.0,1,1.0,1,0.0
A000460519,108.0,108,108,1.0,1,1.0,1,0.0
A000460520,10.0,10,10,1.0,1,1.0,1,
A000460521,108.0,108,108,1.0,1,1.0,1,0.0
A000460522,63.0,63,63,1.0,1,1.0,1,0.0
A000460523,11.0,1,21,1.0,1,1.0,1,1.286
A000460524,52.333,1,81,1.0,1,1.0,1,0.851
A000460525,173.0,146,200,1.0,1,1.0,1,0.221
A000460526,23.333,21,25,1.0,1,1.0,1,0.089
A000460527,11.0,11,11,1.0,1,1.0,1,0.0
A000460528,11.0,11,11,1.0,1,1.0,1,0.0
A000460529,15.0,10,20,1.0,1,1.0,1,0.333
A000460530,15.0,15,15,1.0,1,1.0,1,0.0
A000460532,96.0,96,96,1.0,1,1.0,1,0.0
A000460533,9.0,9,9,1.0,1,1.0,1,0.0
A000460534,80.0,80,80,1.0,1,1.0,1,
A000460536,85.0,85,85,1.0,1,1.0,1,0.0
A000460538,80.0,80,80,1.0,1,1.0,1,0.0
A000460827,55.0,55,55,1.0,1,1.0,1,0.0
A000460919,2637.0,2435,2819,15.333,16,14.333,15,0.073
A000460920,23.0,23,23,1.0,1,1.0,1,0.0
A000460921,3400.667,3002,3862,16.0,21,15.333,19,0.127
A000460922,3065.0,2968,3251,15.0,15,14.333,15,0.053
A000460923,2662.667,2530,2871,6.0,7,6.0,7,0.069
A000460924,1950.667,1741,2073,7.0,7,7.0,7,0.094
A000460974,1714.667,1600,1773,38.0,39,38.0,39,0.058
A000460975,1322.667,1251,1385,31.333,34,31.333,34,0.051
A000460977,1092.667,1028,1149,42.667,43,39.0,40,0.056
A000460978,1010.0,954,1042,82.667,84,82.0,84,0.048
A000461042,2667.333,2511,2861,3.333,5,2.333,3,0.067
A000461043,3497.667,3425,3585,3.333,4,3.0,4,0.023
A000461044,4800.0,4737,4876,7.667,9,7.667,9,0.015
A000461045,1247.667,1219,1283,2.667,5,2.0,3,0.026
A000461046,1438.667,1422,1457,2.0,3,1.667,2,0.012
A000461047,41.667,15,92,1.0,1,1.0,1,1.047
A000461048,777.667,751,805,9.667,10,9.667,10,0.035
A000461049,1115.0,1066,1186,6.0,7,5.667,6,0.056
A000461050,1511.333,1476,1545,3.333,5,2.667,3,0.023
A000461051,2002.667,1989,2018,4.667,5,4.667,5,0.007
A000461052,3360.333,3306,3425,10.0,11,10.0,11,0.018
A000461053,1158.667,1144,1181,2.333,4,1.667,2,0.017
A000461054,2030.667,1850,2325,27.0,30,27.0,30,0.127
A000461055,1927.333,1852,2015,31.667,33,30.333,32,0.043
A000461056,957.0,816,1236,20.0,24,20.0,24,0.252
A000461971,26.0,26,26,1.0,1,1.0,1,0.0
A000461972,83.0,83,83,1.0,1,1.0,1,0.0
A000461973,214.0,214,214,1.0,1,1.0,1,0.0
A000461974,50.0,50,50,1.0,1,1.0,1,0.0
A000461976,39.0,39,39,1.0,1,1.0,1,0.0
A000461981,28.667,28,29,1.0,1,1.0,1,0.02
A000461982,32.0,32,32,1.0,1,1.0,1,0.0
A000461984,10.0,10,10,1.0,1,1.0,1,0.0
A000461988,60.0,60,60,1.0,1,1.0,1,0.0
A000461990,7.667,7,8,1.0,1,1.0,1,0.075
A000461991,26.0,26,26,1.0,1,1.0,1,0.0
A000461992,14.0,14,14,1.0,1,1.0,1,0.0
A000461993,27.0,27,27,1.0,1,1.0,1,0.0
A000461995,4.0,4,4,1.0,1,1.0,1,0.0
A000462142,80.0,80,80,1.0,1,1.0,1,0.0
A000462143,80.0,80,80,1.0,1,1.0,1,0.0
A000462157,885.333,857,912,1.333,2,1.333,2,0.031
A000462158,562.0,562,562,1.0,1,1.0,1,0.0
A000462201,209.0,209,209,1.0,1,1.0,1,0.0
A000462634,1649.333,1590,1729,2.0,2,2.0,2,0.043
A000462635,1954.667,1322,2282,12.667,15,12.333,14,0.28
A000463089,1.0,1,1,1.0,1,1.0,1,
A000463437,5311.667,4677,5636,13.0,14,13.0,14,0.103
A000463438,2066.667,1634,2616,5.0,6,5.0,6,0.243
A000463439,6909.667,5074,7905,9.667,11,9.667,11,0.23
A000463440,4459.0,3598,4925,9.667,11,9.667,11,0.167
A000463441,568.667,85,1038,3.667,5,3.667,5,0.838
A000463442,3849.333,3789,3910,8.667,9,8.333,9,0.016
A000463443,1118.333,758,1717,6.0,8,5.0,6,0.467
A000463689,1.0,1,1,1.0,1,1.0,1,
A000464185,1.0,1,1,1.0,1,1.0,1,0.0
A000464458,67.333,65,72,1.0,1,1.0,1,0.06
A000464460,5.0,5,5,1.0,1,1.0,1,0.0
A000492531,15.0,11,21,1.0,1,1.0,1,0.353
A000492532,16.333,6,22,2.0,2,2.0,2,0.549
A000492909,585.0,574,591,3.0,3,3.0,3,0.016
A000493031,2314.667,1214,3142,8.667,10,8.333,10,0.429
A000493350,400.0,400,400,1.0,1,1.0,1,0.0
A000493351,90.0,30,120,1.0,1,1.0,1,0.577
A000493352,400.0,400,400,1.0,1,1.0,1,0.0
A000493353,200.0,200,200,1.0,1,1.0,1,0.0
A000493354,697.333,196,1100,2.0,3,2.0,3,0.66
A000493356,64.0,36,80,1.0,1,1.0,1,0.38
A000493357,80.0,80,80,1.0,1,1.0,1,0.0
A000493358,41.0,41,41,1.0,1,1.0,1,0.0
A000493359,28.0,28,28,1.0,1,1.0,1,0.0
A000493360,16.0,16,16,1.0,1,1.0,1,0.0
A000493361,25.667,22,33,1.333,2,1.333,2,0.247
A000493362,10.667,6,15,1.333,2,1.333,2,0.423
A000493364,390.0,390,390,1.0,1,1.0,1,0.0
A000493365,400.0,400,400,1.0,1,1.0,1,0.0
A000493366,400.0,400,400,1.0,1,1.0,1,0.0
A000493367,400.0,400,400,1.0,1,1.0,1,0.0
A000493368,400.0,400,400,1.0,1,1.0,1,0.0
A000493369,400.0,400,400,1.0,1,1.0,1,0.0
A000493370,461.667,385,555,1.0,1,1.0,1,0.187
A000493371,240.0,240,240,1.0,1,1.0,1,0.0
A000493372,86.667,70,120,1.0,1,1.0,1,0.333
A000493373,400.0,400,400,1.0,1,1.0,1,0.0
A000493374,400.0,400,400,1.0,1,1.0,1,0.0
A000493375,400.0,400,400,1.0,1,1.0,1,0.0
A000493442,716.333,707,721,3.0,3,3.0,3,0.011
A000493443,1883.667,1881,1885,5.0,5,5.0,5,0.001
A000493444,1472.0,1464,1476,5.0,5,5.0,5,0.005
A000493445,819.667,623,1213,2.333,3,2.333,3,0.416
A000493446,1462.0,1461,1464,5.0,5,5.0,5,0.001
A000493447,419.333,86,1086,2.0,4,2.0,4,1.377
A000493806,4891.333,4605,5279,25.0,28,24.667,27,0.071
A000493807,4190.667,3464,4728,22.333,25,21.0,23,0.156
A000493848,19.667,16,22,1.0,1,1.0,1,0.163
A000494164,11.0,11,11,1.0,1,1.0,1,0.0
A000497303,3375.0,3375,3375,1.0,1,1.0,1,0.0
A000497454,1100.0,1100,1100,1.0,1,1.0,1,0.0
A000497458,1100.0,1100,1100,1.0,1,1.0,1,0.0
A000497495,2.0,2,2,1.0,1,1.0,1,0.0
A000497677,35.0,35,35,1.0,1,1.0,1,
A000497678,155.0,155,155,1.0,1,1.0,1,
A000497679,5.0,5,5,1.0,1,1.0,1,
A000497694,1380.0,1380,1380,2.0,2,2.0,2,
A000497695,820.0,820,820,1.0,1,1.0,1,
A000497696,260.0,260,260,1.0,1,1.0,1,
A000497697,981.0,981,981,3.0,3,3.0,3,
A000497698,98.0,98,98,2.0,2,2.0,2,
A000497981,3918.667,3828,4063,3.333,5,3.333,5,0.032
A000497982,3673.667,3554,3758,4.333,5,4.333,5,0.029
A000497983,3861.667,1620,5033,3.667,5,3.667,5,0.503
A000498166,6754.333,6043,7468,10.333,11,10.0,11,0.105
A000498167,1897.333,1895,1902,3.0,3,3.0,3,0.002
A000498169,3000.0,3000,3000,3.0,3,3.0,3,0.0
A000498685,40.0,40,40,1.0,1,1.0,1,0.0
A000498686,40.0,40,40,1.0,1,1.0,1,0.0
A000498687,80.0,80,80,1.0,1,1.0,1,0.0
A000498688,119.667,119,120,1.0,1,1.0,1,0.005
A000498689,160.0,160,160,1.0,1,1.0,1,0.0
A000498690,120.0,120,120,1.0,1,1.0,1,0.0
A000498691,80.0,80,80,1.0,1,1.0,1,0.0
A000498692,80.0,80,80,1.0,1,1.0,1,0.0
A000498693,80.0,80,80,1.0,1,1.0,1,0.0
A000498694,80.0,80,80,1.0,1,1.0,1,0.0
A000498695,120.0,120,120,1.0,1,1.0,1,0.0
A000498696,80.0,80,80,1.0,1,1.0,1,0.0
A000498697,80.0,80,80,1.0,1,1.0,1,0.0
A000498698,80.0,80,80,1.0,1,1.0,1,0.0
A000498699,40.0,40,40,1.0,1,1.0,1,0.0
A000498700,80.0,80,80,1.0,1,1.0,1,0.0
A000498701,80.0,80,80,1.0,1,1.0,1,0.0
A000498702,80.0,80,80,1.0,1,1.0,1,0.0
A000498703,40.0,40,40,1.0,1,1.0,1,0.0
A000498704,80.0,80,80,1.0,1,1.0,1,0.0
A000498705,40.0,40,40,1.0,1,1.0,1,0.0
A000498706,40.0,40,40,1.0,1,1.0,1,0.0
A000498713,8.0,7,10,1.333,2,1.333,2,0.217
A000498714,10.0,10,10,1.0,1,1.0,1,0.0
A000498715,10.0,10,10,1.0,1,1.0,1,0.0
A000498716,10.0,10,10,1.0,1,1.0,1,0.0
A000498717,9.333,9,10,1.0,1,1.0,1,0.062
A000498718,7.0,7,7,1.0,1,1.0,1,0.0
A000498719,10.0,10,10,1.0,1,1.0,1,0.0
A000498720,10.0,10,10,1.0,1,1.0,1,0.0
A000498721,10.0,10,10,1.0,1,1.0,1,0.0
A000498722,10.0,10,10,1.0,1,1.0,1,0.0
A000498723,10.0,10,10,1.0,1,1.0,1,0.0
A000498724,10.0,10,10,1.0,1,1.0,1,0.0
A000498725,10.0,10,10,1.0,1,1.0,1,0.0
A000498726,10.0,10,10,1.0,1,1.0,1,0.0
A000498727,10.0,10,10,1.0,1,1.0,1,0.0
A000498728,10.0,10,10,1.0,1,1.0,1,0.0
A000498729,10.0,10,10,1.0,1,1.0,1,0.0
A000498730,6.0,6,6,1.0,1,1.0,1,0.0
A000498731,10.0,10,10,1.0,1,1.0,1,0.0
A000498732,10.0,10,10,1.0,1,1.0,1,0.0
A000498737,2.0,2,2,1.0,1,1.0,1,0.0
A000498740,3.0,3,3,1.0,1,1.0,1,0.0
A000498759,40.0,40,40,1.0,1,1.0,1,0.0
A000498760,40.0,40,40,1.0,1,1.0,1,0.0
A000498761,40.0,40,40,1.0,1,1.0,1,0.0
A000498762,120.0,120,120,1.0,1,1.0,1,0.0
A000498763,80.0,80,80,1.0,1,1.0,1,0.0
A000498764,80.0,80,80,1.0,1,1.0,1,0.0
A000498765,40.0,40,40,1.0,1,1.0,1,0.0
A000498766,40.0,40,40,1.0,1,1.0,1,0.0
A000498767,40.0,40,40,1.0,1,1.0,1,0.0
A000498768,40.0,40,40,1.0,1,1.0,1,0.0
A000498769,80.0,80,80,1.0,1,1.0,1,0.0
A000498770,80.0,80,80,1.0,1,1.0,1,0.0
A000498771,40.0,40,40,1.0,1,1.0,1,0.0
A000498772,40.0,40,40,1.0,1,1.0,1,0.0
A000498773,40.0,40,40,1.0,1,1.0,1,0.0
A000498774,40.0,40,40,1.0,1,1.0,1,0.0
A000498775,40.0,40,40,1.0,1,1.0,1,0.0
A000498776,80.0,80,80,1.0,1,1.0,1,0.0
A000498777,40.0,40,40,1.0,1,1.0,1,0.0
A000498778,40.0,40,40,1.0,1,1.0,1,0.0
A000498779,40.0,40,40,1.0,1,1.0,1,0.0
A000498780,40.0,40,40,1.0,1,1.0,1,0.0
A000498784,80.0,80,80,1.0,1,1.0,1,0.0
A000498785,40.0,40,40,1.0,1,1.0,1,0.0
A000499152,120.0,120,120,1.0,1,1.0,1,0.0
A000499153,200.0,200,200,1.0,1,1.0,1,0.0
A000499154,80.0,80,80,1.0,1,1.0,1,0.0
A000499155,80.0,80,80,1.0,1,1.0,1,0.0
A000499156,120.0,120,120,1.0,1,1.0,1,0.0
A000499157,80.0,80,80,1.0,1,1.0,1,0.0
A000499158,80.0,80,80,1.0,1,1.0,1,0.0
A000499159,80.0,80,80,1.0,1,1.0,1,0.0
A000499160,120.0,120,120,1.0,1,1.0,1,0.0
A000499161,40.0,40,40,1.0,1,1.0,1,0.0
A000505871,2331.667,2280,2393,9.333,10,9.0,10,0.024
A000505872,2593.333,2593,2594,8.0,8,8.0,8,0.0
A000505873,81.0,79,82,1.0,1,1.0,1,0.021
A000505874,93.0,92,94,1.0,1,1.0,1,0.011
A000505875,2581.667,2581,2582,8.333,9,8.333,9,0.0
A000505876,2594.0,2594,2594,8.0,8,8.0,8,0.0
A000505877,80.0,77,82,1.333,2,1.333,2,0.033
A000505878,92.333,91,94,1.333,2,1.333,2,0.017
A000505879,100.0,100,100,1.0,1,1.0,1,0.0
A000505880,100.0,100,100,1.0,1,1.0,1,0.0
A000505881,200.0,200,200,1.0,1,1.0,1,0.0
A000505882,200.0,200,200,1.0,1,1.0,1,0.0
A000505883,100.0,100,100,1.0,1,1.0,1,0.0
A000505884,100.0,100,100,1.0,1,1.0,1,0.0
A000505885,100.0,100,100,1.0,1,1.0,1,0.0
A000505886,100.0,100,100,1.0,1,1.0,1,0.0
A000505887,100.0,100,100,1.0,1,1.0,1,0.0
A000505888,100.0,100,100,1.0,1,1.0,1,0.0
A000505889,100.0,100,100,1.0,1,1.0,1,0.0
A000505890,100.0,100,100,1.0,1,1.0,1,0.0
A000505891,100.0,100,100,1.0,1,1.0,1,0.0
A000505892,200.0,200,200,1.0,1,1.0,1,0.0
A000510202,3.0,3,3,1.0,1,1.0,1,0.0
A000510204,3.0,3,3,1.0,1,1.0,1,0.0
A000510206,3.0,3,3,1.0,1,1.0,1,0.0
A000510207,3.0,3,3,1.0,1,1.0,1,0.0
A000510212,3.0,3,3,1.0,1,1.0,1,0.0
A000510213,3.0,3,3,1.0,1,1.0,1,0.0
A000510214,3.0,3,3,1.0,1,1.0,1,0.0
A000510218,3.0,3,3,1.0,1,1.0,1,0.0
A000510219,3.0,3,3,1.0,1,1.0,1,0.0
A000510227,3.0,3,3,1.0,1,1.0,1,0.0
A000510228,2.0,2,2,1.0,1,1.0,1,0.0
A000510229,3.0,3,3,1.0,1,1.0,1,0.0
A000510230,3.0,3,3,1.0,1,1.0,1,0.0
A000510232,2.5,1,4,1.0,1,1.0,1,0.849
A000510233,4.0,4,4,1.0,1,1.0,1,0.0
A000510234,14.0,14,14,1.0,1,1.0,1,0.0
A000510235,7.0,7,7,1.0,1,1.0,1,0.0
A000510236,6.0,6,6,1.0,1,1.0,1,0.0
A000510414,20.667,11,30,1.0,1,1.0,1,0.46
A000510415,39.0,23,69,2.0,4,2.0,4,0.667
A000510416,36.0,21,51,2.5,3,2.5,3,0.589
A000510417,40.667,19,75,4.333,8,4.333,8,0.739
A000510418,7.0,7,7,1.0,1,1.0,1,0.0
A000510419,6.0,6,6,1.0,1,1.0,1,0.0
A000510420,28.0,18,40,1.333,2,1.333,2,0.398
A000510421,19.333,9,31,1.667,3,1.667,3,0.572
A000510422,16.5,16,17,1.0,1,1.0,1,0.043
A000510423,4.667,3,6,1.0,1,1.0,1,0.327
A000510424,19.667,4,36,2.0,3,2.0,3,0.814
A000510516,41.0,41,41,1.0,1,1.0,1,0.0
A000510517,84.667,61,104,1.333,2,1.333,2,0.258
A000510518,29.0,17,35,1.0,1,1.0,1,0.358
A000510519,37.667,19,47,1.667,2,1.667,2,0.429
A000510520,23.667,16,29,1.667,2,1.667,2,0.288
A000510521,6.333,6,7,1.0,1,1.0,1,0.091
A000510522,26.0,26,26,2.0,2,2.0,2,
A000510523,15.0,15,15,1.0,1,1.0,1,0.0
A000510525,16.333,9,20,1.667,2,1.667,2,0.389
A000510574,11.5,8,15,1.5,2,1.5,2,0.43
A000510577,4.0,4,4,1.0,1,1.0,1,0.0
A000510578,5.0,5,5,1.0,1,1.0,1,0.0
A000510579,4.0,3,5,1.0,1,1.0,1,0.25
A000510583,3.667,3,4,1.0,1,1.0,1,0.157
A000510584,4.0,3,5,1.333,2,1.333,2,0.25
A000510585,10.333,9,13,1.667,2,1.667,2,0.223
A000510586,20.333,16,24,2.0,3,2.0,3,0.199
A000510590,5.0,4,7,1.0,1,1.0,1,0.346
A000510599,16.333,11,19,1.0,1,1.0,1,0.283
A000510600,14.333,9,19,1.0,1,1.0,1,0.351
A000510604,57.667,29,72,1.0,1,1.0,1,0.431
A000510605,63.333,26,82,1.0,1,1.0,1,0.51
A000510606,98.667,56,122,1.333,2,1.333,2,0.375
A000510607,40.667,26,70,1.0,1,1.0,1,0.625
A000510608,105.333,60,128,1.667,2,1.667,2,0.373
A000510951,25.0,25,25,1.0,1,1.0,1,0.0
A000512665,64.0,64,64,1.0,1,1.0,1,0.0
A000512666,14.0,14,14,1.0,1,1.0,1,0.0
A000512667,16.0,16,16,1.0,1,1.0,1,0.0
A000512668,16.0,16,16,1.0,1,1.0,1,0.0
A000512669,16.0,16,16,1.0,1,1.0,1,0.0
A000512670,46.0,46,46,1.0,1,1.0,1,0.0
A000512671,56.0,56,56,1.0,1,1.0,1,0.0
A000512672,36.0,36,36,1.0,1,1.0,1,0.0
A000512673,16.0,16,16,1.0,1,1.0,1,0.0
A000512674,16.0,16,16,1.0,1,1.0,1,0.0
A000512675,28.0,28,28,1.0,1,1.0,1,0.0
A000512676,28.0,28,28,1.0,1,1.0,1,0.0
A000512677,28.0,28,28,1.0,1,1.0,1,0.0
A000512678,16.0,16,16,1.0,1,1.0,1,0.0
A000512679,16.0,16,16,1.0,1,1.0,1,0.0
A000512680,16.0,16,16,1.0,1,1.0,1,0.0
A000512681,16.0,16,16,1.0,1,1.0,1,0.0
A000512682,16.0,16,16,1.0,1,1.0,1,0.0
A000512683,16.0,16,16,1.0,1,1.0,1,0.0
A000512684,16.0,16,16,1.0,1,1.0,1,0.0
A000514417,3.0,3,3,1.0,1,1.0,1,0.0
A000514418,3.0,3,3,1.0,1,1.0,1,0.0
A000514778,79.333,65,88,1.333,2,1.333,2,0.158
A000514779,492.667,479,500,1.0,1,1.0,1,0.024
A000514780,92.667,79,100,1.0,1,1.0,1,0.128
A000514781,48.0,25,94,1.333,2,1.333,2,0.83
A000514782,51.333,37,80,1.667,2,1.667,2,0.484
A000514783,37.333,25,45,1.333,2,1.333,2,0.289
A000514784,30.0,23,35,1.333,2,1.333,2,0.208
A000514785,99.333,99,100,1.0,1,1.0,1,0.006
A000514786,99.333,99,100,1.0,1,1.0,1,0.006
A000514787,99.333,99,100,1.0,1,1.0,1,0.006
A000514788,60.0,60,60,1.0,1,1.0,1,0.0
A000516135,240.0,240,240,1.0,1,1.0,1,0.0
A000520350,31.0,29,35,1.0,1,1.0,1,0.112
A000520402,17.5,15,20,1.0,1,1.0,1,0.202
A000520403,20.0,20,20,1.0,1,1.0,1,0.0
A000520404,19.5,19,20,1.0,1,1.0,1,0.036
A000520405,17.5,17,18,1.0,1,1.0,1,0.04
A000521787,175.0,125,200,2.0,3,2.0,3,0.247
A000521788,133.333,100,150,1.667,2,1.667,2,0.217
A000521789,218.667,162,269,2.333,3,1.667,2,0.246
A000521790,225.0,175,250,1.667,2,1.667,2,0.192
A000521791,15.667,9,23,2.0,3,2.0,3,0.448
A000521852,139.667,111,185,2.667,6,1.333,2,0.284
A000521853,39.0,29,49,1.5,2,1.5,2,0.363
A000521854,1762.667,1260,2014,1.333,2,1.333,2,0.247
A000521855,294.333,173,363,2.333,5,1.0,1,0.358
A000521856,35.0,35,35,1.0,1,1.0,1,0.0
A000521857,14.0,14,14,1.0,1,1.0,1,0.0
A000521858,162.333,100,258,2.333,4,1.667,2,0.518
A000521859,21.667,16,26,1.667,3,1.333,2,0.237
A000521860,14.0,14,14,1.0,1,1.0,1,0.0
A000521861,134.333,132,139,1.0,1,1.0,1,0.03
A000521862,45.0,36,63,1.0,1,1.0,1,0.346
A000521863,49.0,35,74,1.0,1,1.0,1,0.443
A000521864,29.333,18,35,1.667,2,1.667,2,0.335
A000521865,64.667,37,93,1.0,1,1.0,1,0.433
A000521866,52.333,31,63,1.0,1,1.0,1,0.353
A000521867,346.667,59,578,2.333,4,1.333,2,0.762
A000521868,20.0,20,20,1.0,1,1.0,1,0.0
A000521869,12.333,9,15,1.333,2,1.333,2,0.248
A000521870,3.667,2,7,1.0,1,1.0,1,0.787
A000521874,76.5,57,96,1.0,1,1.0,1,0.36
A000521875,1.0,1,1,1.0,1,1.0,1,0.0
A000521876,14.0,10,18,1.0,1,1.0,1,0.404
A000521877,28.5,22,35,1.5,2,1.5,2,0.323
A000521878,21.5,18,25,1.0,1,1.0,1,0.23
A000521879,31.5,23,40,1.0,1,1.0,1,0.382
A000521880,24.5,18,31,1.0,1,1.0,1,0.375
A000521881,20.5,18,23,1.0,1,1.0,1,0.172
A000521882,22.5,13,32,1.5,2,1.5,2,0.597
A000521883,191.5,141,242,1.5,2,1.5,2,0.373
A000521884,43.5,32,55,1.0,1,1.0,1,0.374
A000521885,29.5,22,37,1.0,1,1.0,1,0.36
A000521886,46.0,40,52,2.0,2,2.0,2,0.184
A000521887,65.5,2,129,1.5,2,1.5,2,1.371
A000521888,82.0,69,95,2.5,4,1.5,2,0.224
A000521889,17.5,15,20,1.0,1,1.0,1,0.202
A000521890,24.5,21,28,1.0,1,1.0,1,0.202
A000521891,11.0,9,13,1.0,1,1.0,1,0.257
A000521892,51.0,51,51,1.0,1,1.0,1,
A000521893,10.0,10,10,1.0,1,1.0,1,0.0
A000521894,80.5,58,103,1.0,1,1.0,1,0.395
A000521895,21.0,16,26,1.5,2,1.5,2,0.337
A000521919,8.333,7,9,1.333,2,1.333,2,0.139
A000521921,36.0,29,45,1.667,2,1.667,2,0.227
A000521922,25.0,25,25,1.0,1,1.0,1,0.0
A000521924,7.0,7,7,1.0,1,1.0,1,0.0
A000522202,231.0,99,363,1.0,1,1.0,1,0.808
A000522203,68.667,25,101,1.333,2,1.333,2,0.572
A000522204,25.333,15,33,1.333,2,1.333,2,0.367
A000522205,454.0,288,537,1.667,2,1.667,2,0.317
A000522206,112.667,68,145,1.667,2,1.667,2,0.355
A000522207,43.0,43,43,1.0,1,1.0,1,0.0
A000522208,13.0,13,13,1.0,1,1.0,1,0.0
A000522209,27.333,22,38,1.0,1,1.0,1,0.338
A000524505,15.0,15,15,2.0,2,2.0,2,
A000525816,1275.0,1275,1275,4.0,4,4.0,4,
A000525818,267.0,267,267,3.0,3,2.0,2,
A000525819,40.0,40,40,1.0,1,1.0,1,
A000525821,365.0,365,365,1.0,1,1.0,1,
A000525822,520.0,520,520,2.0,2,2.0,2,
A000525824,198.0,198,198,2.0,2,2.0,2,
A000525825,480.0,480,480,3.0,3,3.0,3,
A000525826,75.0,75,75,1.0,1,1.0,1,
A000525827,256.0,256,256,1.0,1,1.0,1,
A000525828,560.0,560,560,3.0,3,3.0,3,
A000525831,35.0,35,35,1.0,1,1.0,1,
A000525833,35.0,35,35,1.0,1,1.0,1,
A000525834,20.0,20,20,1.0,1,1.0,1,
A000525835,215.0,215,215,1.0,1,1.0,1,
A000525836,56.0,56,56,2.0,2,2.0,2,
A000525838,470.0,470,470,2.0,2,2.0,2,
A000525839,90.0,90,90,1.0,1,1.0,1,
A000525840,66.0,66,66,1.0,1,1.0,1,
A000525841,90.0,90,90,1.0,1,1.0,1,
A000525842,132.0,132,132,1.0,1,1.0,1,
A000525844,185.0,185,185,1.0,1,1.0,1,
A000525845,200.0,200,200,2.0,2,2.0,2,
A000525847,250.0,250,250,1.0,1,1.0,1,
A000525848,389.0,389,389,1.0,1,1.0,1,
P000030454-001-023,177.333,71,325,1.333,2,1.333,2,0.744
P000030463-001-022,95.5,82,109,1.0,1,1.0,1,0.2
P000038776-001-003,52.333,39,78,1.0,1,1.0,1,0.425
P000047557-010-512,340.0,340,340,1.0,1,1.0,1,0.0
P000047582-350-100,813.333,585,1085,2.667,4,2.667,4,0.311
P000047582-350-200,1331.333,360,2388,2.333,3,2.333,3,0.764
P000047584-350-200,116.0,39,194,1.0,1,1.0,1,0.668
P000047601-350-100,388.333,221,503,2.0,3,2.0,3,0.382
P000047601-350-200,1331.667,1033,1578,4.0,5,2.667,4,0.207
P000047616-350-100,722.0,16,1737,2.0,3,2.0,3,1.248
P000047616-350-200,437.667,190,653,1.667,2,1.667,2,0.533
P000047617-010-512,30.0,30,30,1.0,1,1.0,1,0.0
P000047637-350-100,1197.667,999,1484,3.667,5,3.667,5,0.212
P000047637-350-200,748.0,650,863,1.333,2,1.333,2,0.144
P000074244-001-004,33.333,25,50,1.0,1,1.0,1,0.433
P000235854-001-001,36.0,36,36,1.0,1,1.0,1,0.0
P000235854-001-002,9.333,4,12,1.0,1,1.0,1,0.495
P000235854-001-003,52.0,52,52,1.0,1,1.0,1,0.0
P000235854-001-004,38.0,38,38,1.0,1,1.0,1,0.0
P000235854-001-005,16.0,16,16,1.0,1,1.0,1,0.0
P000235854-001-006,61.0,61,61,1.0,1,1.0,1,0.0
P000236004-001-001,330.0,32,507,1.0,1,1.0,1,0.787
P000236005-001-001,62.667,56,76,1.0,1,1.0,1,0.184
P000236027-001-001,21.333,20,22,1.0,1,1.0,1,0.054
P000236027-001-002,5.667,4,9,1.0,1,1.0,1,0.509
P000236027-001-003,67.333,66,68,1.0,1,1.0,1,0.017
P000236027-001-004,14.0,14,14,1.0,1,1.0,1,0.0
P000236027-001-005,12.333,1,35,1.0,1,1.0,1,1.592
P000236065-001-001,55.0,55,55,1.0,1,1.0,1,0.0
P000236128-001-001,1532.667,984,2016,1.667,2,1.667,2,0.339
P000236128-001-002,2373.333,1855,2670,2.0,2,2.0,2,0.19
P000236128-001-004,25.0,25,25,1.0,1,1.0,1,0.0
P000236128-001-005,49.667,43,53,1.0,1,1.0,1,0.116
P000236128-001-006,19.667,19,20,1.0,1,1.0,1,0.029
P000236128-001-008,19.0,19,19,1.0,1,1.0,1,0.0
P000236150-001-005,52.333,19,99,1.0,1,1.0,1,0.796
P000236150-001-006,79.333,76,86,1.0,1,1.0,1,0.073
P000236150-001-007,15.333,12,17,1.0,1,1.0,1,0.188
P000236150-001-008,16.333,13,18,1.0,1,1.0,1,0.177
P000236150-001-009,44.0,41,48,1.0,1,1.0,1,0.082
P000236150-001-011,59.667,43,68,1.0,1,1.0,1,0.242
P000236150-001-013,37.667,36,41,1.0,1,1.0,1,0.077
P000236150-001-014,8.0,8,8,1.0,1,1.0,1,0.0
P000236150-001-015,193.0,140,289,1.0,1,1.0,1,0.432
P000236150-001-016,132.333,95,157,1.333,2,1.333,2,0.248
P000236150-001-017,66.667,50,100,1.0,1,1.0,1,0.433
P000236150-001-018,157.667,103,210,1.0,1,1.0,1,0.34
P000236181-001-001,20.0,20,20,1.0,1,1.0,1,0.0
P000236181-002-001,3.0,3,3,1.0,1,1.0,1,0.0
P000236181-002-002,3.667,2,7,1.0,1,1.0,1,0.787
P000236243-001-001,15.667,7,32,1.0,1,1.0,1,0.903
P000236243-001-002,55.333,22,112,1.0,1,1.0,1,0.891
P000236243-001-003,31.333,1,49,1.0,1,1.0,1,0.842
P000236243-001-004,13.667,1,39,1.0,1,1.0,1,1.605
P000236243-001-005,22.0,17,27,1.0,1,1.0,1,0.227
P000236243-001-006,19.667,3,28,1.0,1,1.0,1,0.734
P000236243-001-007,1.0,1,1,1.0,1,1.0,1,
P000236243-001-008,22.333,7,30,1.0,1,1.0,1,0.595
P000236243-001-009,33.333,23,46,1.0,1,1.0,1,0.35
P000236243-001-010,22.0,13,31,1.0,1,1.0,1,0.579
P000236243-001-011,27.333,2,47,1.0,1,1.0,1,0.843
P000236243-001-012,10.5,8,13,1.0,1,1.0,1,0.337
P000236243-001-013,13.0,8,18,1.0,1,1.0,1,0.385
P000236243-001-014,6.0,6,6,1.0,1,1.0,1,0.0
P000236243-002-008,10.0,10,10,1.0,1,1.0,1,0.0
P000236278-001-001,113.333,56,152,1.0,1,1.0,1,0.447
P000236278-002-001,107.333,88,136,1.0,1,1.0,1,0.236
P000236278-003-001,17.0,17,17,1.0,1,1.0,1,0.0
P000236278-004-001,102.0,102,102,1.0,1,1.0,1,0.0
P000236292-001-001,298.0,109,430,1.0,1,1.0,1,0.563
P000236292-001-002,100.0,100,100,1.0,1,1.0,1,0.0
P000236292-001-003,21.0,21,21,1.0,1,1.0,1,0.0
P000236292-001-004,3.0,3,3,1.0,1,1.0,1,0.0
P000236293-001-001,283.333,15,530,1.0,1,1.0,1,0.911
P000236293-001-002,250.0,250,250,1.0,1,1.0,1,0.0
P000236293-001-004,16.0,16,16,1.0,1,1.0,1,0.0
P000236305-001-001,250.0,248,252,1.0,1,1.0,1,0.008
P000236305-001-004,2254.0,1164,2904,2.0,3,2.0,3,0.421
P000236305-001-005,2179.667,1613,2963,2.0,2,2.0,2,0.321
P000236305-001-008,83.0,33,158,1.0,1,1.0,1,0.797
P000236305-001-009,50.0,50,50,1.0,1,1.0,1,0.0
P000236305-001-011,19.0,19,19,1.0,1,1.0,1,0.0
P000236306-001-001,522.333,278,775,1.0,1,1.0,1,0.476
P000236306-001-002,384.0,284,434,1.0,1,1.0,1,0.226
P000236306-001-005,11391.5,6959,15824,9.5,13,9.5,13,0.55
P000236306-001-006,20978.0,18728,24128,15.0,18,15.0,18,0.134
P000236306-001-007,8791.667,7275,11325,6.667,9,6.667,9,0.251
P000236306-001-008,40.0,10,70,1.0,1,1.0,1,1.061
P000236306-001-010,267.0,267,267,1.0,1,1.0,1,0.0
P000236306-001-011,25.0,25,25,1.0,1,1.0,1,0.0
P000236306-001-013,5.333,5,6,1.0,1,1.0,1,0.108
P000236306-001-015,48.667,48,49,1.0,1,1.0,1,0.012
P000236326-002-001,93.0,93,93,1.0,1,1.0,1,0.0
P000236331-003-001,273.0,273,273,1.0,1,1.0,1,0.0
P000236333-002-001,1025.667,750,1327,1.0,1,1.0,1,0.282
P000236335-002-001,1286.667,660,1880,1.667,2,1.667,2,0.475
P000236336-001-001,128.0,88,163,1.0,1,1.0,1,0.295
P000236336-001-004,63.333,61,68,1.0,1,1.0,1,0.064
P000236336-001-005,44.0,44,44,1.0,1,1.0,1,0.0
P000236342-001-001,38.0,34,41,1.0,1,1.0,1,0.095
P000236342-001-002,70.667,70,72,2.0,2,2.0,2,0.016
P000236344-001-001,49.333,39,55,1.0,1,1.0,1,0.182
P000236344-001-002,19.667,13,28,1.0,1,1.0,1,0.388
P000236347-001-001,187.667,126,276,1.333,2,1.333,2,0.418
P000236347-001-002,1.0,1,1,1.0,1,1.0,1,0.0
P000236347-001-004,40.333,11,55,1.0,1,1.0,1,0.63
P000236351-001-001,73.0,59,80,1.0,1,1.0,1,0.166
P000236351-005-001,71.333,18,178,1.333,2,1.333,2,1.295
P000236363-001-001,368.0,16,999,1.333,2,1.333,2,1.488
P000236363-001-003,83.667,42,142,1.0,1,1.0,1,0.622
P000236363-002-001,138.667,36,277,1.0,1,1.0,1,0.897
P000236363-004-001,25.0,25,25,1.0,1,1.0,1,0.0
P000236363-010-001,50.0,50,50,1.0,1,1.0,1,0.0
P000236363-020-001,200.0,200,200,1.0,1,1.0,1,0.0
P000236375-001-001,5.0,5,5,1.0,1,1.0,1,0.0
P000236375-001-002,15.667,15,16,1.0,1,1.0,1,0.037
P000236375-001-003,30.667,14,59,1.0,1,1.0,1,0.804
P000236375-001-004,9.0,5,12,1.0,1,1.0,1,0.401
P000236520-001-001,80.0,80,80,1.0,1,1.0,1,0.0
P000236520-003-001,480.0,480,480,1.0,1,1.0,1,0.0
P000236520-004-001,2150.0,2150,2150,1.0,1,1.0,1,0.0
P000236520-005-001,8346.0,7996,8796,1.0,1,1.0,1,0.049
P000236521-001-001,83.333,50,100,1.0,1,1.0,1,0.346
P000236521-001-002,40.0,40,40,1.0,1,1.0,1,0.0
P000236521-001-004,346.0,346,346,1.0,1,1.0,1,0.0
P000236521-002-001,35.0,35,35,1.0,1,1.0,1,0.0
P000236521-002-002,23.0,23,23,1.0,1,1.0,1,0.0
P000236521-002-003,198.0,198,198,1.0,1,1.0,1,0.0
P000236521-002-004,659.0,659,659,1.0,1,1.0,1,0.0
P000236522-001-001,1560.667,794,1944,1.0,1,1.0,1,0.425
P000236522-001-004,178.333,145,195,1.0,1,1.0,1,0.162
P000236523-001-001,2502.333,2217,2670,1.0,1,1.0,1,0.099
P000236526-001-001,1294.0,1214,1334,1.0,1,1.0,1,0.054
P000236533-001-001,52.0,52,52,1.0,1,1.0,1,0.0
P000236535-001-001,402.333,319,569,1.0,1,1.0,1,0.359
P000236535-002-001,1211.667,1145,1245,1.0,1,1.0,1,0.048
P000236538-002-001,260.333,27,377,1.0,1,1.0,1,0.776
P000236540-001-001,153.0,143,158,1.0,1,1.0,1,0.057
P000236544-001-001,9.0,9,9,1.0,1,1.0,1,0.0
P000236544-001-002,4.0,4,4,1.0,1,1.0,1,0.0
P000236544-001-003,21.333,10,27,1.0,1,1.0,1,0.46
P000236544-001-004,17.667,9,22,1.0,1,1.0,1,0.425
P000236544-001-005,10.0,10,10,1.0,1,1.0,1,0.0
P000236559-001-001,96.0,91,101,1.0,1,1.0,1,0.052
P000236559-001-002,34.0,24,49,1.0,1,1.0,1,0.389
P000236559-001-003,84.333,71,96,1.0,1,1.0,1,0.149
P000236559-001-004,116.0,106,121,1.0,1,1.0,1,0.075
P000236568-001-002,6.667,6,7,1.0,1,1.0,1,0.087
P000236582-001-001,73.0,43,103,1.0,1,1.0,1,0.411
P000236582-001-002,166.667,128,196,1.0,1,1.0,1,0.21
P000236582-001-003,59.0,41,73,1.0,1,1.0,1,0.277
P000236582-001-004,14.667,2,25,1.0,1,1.0,1,0.796
P000236582-001-005,48.0,33,58,1.0,1,1.0,1,0.276
P000236582-001-006,46.0,42,53,1.0,1,1.0,1,0.132
P000236582-001-007,98.667,67,142,1.0,1,1.0,1,0.394
P000236582-001-008,131.0,81,181,1.0,1,1.0,1,0.382
P000236582-001-009,96.667,70,125,1.0,1,1.0,1,0.285
P000236582-001-010,15.667,14,19,1.0,1,1.0,1,0.184
P000236582-001-011,61.667,61,62,1.0,1,1.0,1,0.009
P000236582-001-012,26.667,15,40,1.0,1,1.0,1,0.472
P000236582-001-013,36.0,11,86,1.0,1,1.0,1,1.203
P000236582-001-014,73.333,60,80,1.667,2,1.667,2,0.157
P000236582-001-015,47.0,42,57,1.0,1,1.0,1,0.184
P000236582-001-016,7.0,7,7,1.0,1,1.0,1,0.0
P000236582-001-017,70.0,70,70,1.0,1,1.0,1,0.0
P000236582-001-018,44.0,44,44,1.0,1,1.0,1,0.0
P000236582-001-019,37.333,13,86,1.0,1,1.0,1,1.129
P000236582-001-020,100.667,94,109,1.0,1,1.0,1,0.076
P000236582-001-021,16.333,8,23,1.0,1,1.0,1,0.468
P000236582-001-022,2.0,2,2,1.0,1,1.0,1,0.0
P000236582-001-023,34.667,34,36,1.0,1,1.0,1,0.033
P000236582-001-024,11.0,11,11,1.0,1,1.0,1,0.0
P000236582-001-025,37.667,36,41,1.0,1,1.0,1,0.077
P000236582-001-026,6.0,1,11,1.0,1,1.0,1,0.833
P000236582-001-027,11.333,11,12,1.0,1,1.0,1,0.051
P000236582-001-028,57.667,57,59,1.0,1,1.0,1,0.02
P000236582-001-029,34.667,31,37,1.0,1,1.0,1,0.093
P000236582-001-030,15.0,15,15,1.0,1,1.0,1,0.0
P000236582-002-001,19.667,14,25,1.0,1,1.0,1,0.28
P000236582-002-002,43.0,40,47,1.0,1,1.0,1,0.084
P000236582-002-003,12.0,12,12,1.0,1,1.0,1,0.0
P000236582-002-004,28.667,2,47,1.0,1,1.0,1,0.824
P000236582-002-005,61.0,51,66,1.0,1,1.0,1,0.142
P000236582-002-006,15.333,7,32,1.0,1,1.0,1,0.941
P000236582-003-001,4.0,4,4,1.0,1,1.0,1,0.0
P000236582-003-002,48.0,48,48,1.0,1,1.0,1,0.0
P000236582-003-003,12.0,12,12,1.0,1,1.0,1,0.0
P000236582-003-004,19.0,19,19,1.333,2,1.333,2,0.0
P000236582-003-005,77.667,71,91,1.0,1,1.0,1,0.149
P000236582-003-006,9.0,9,9,1.0,1,1.0,1,0.0
P000236600-001-001,174.0,133,211,1.0,1,1.0,1,0.225
P000236600-001-002,153.333,138,177,1.0,1,1.0,1,0.136
P000236600-001-003,39.667,7,72,1.333,2,1.333,2,0.819
P000236600-001-004,85.333,81,89,1.0,1,1.0,1,0.047
P000236600-001-005,56.667,45,65,1.0,1,1.0,1,0.184
P000236600-001-006,51.0,50,52,1.0,1,1.0,1,0.02
P000236600-001-007,175.667,93,242,1.0,1,1.0,1,0.432
P000236600-001-008,145.667,89,186,1.0,1,1.0,1,0.347
P000236600-001-009,143.333,125,170,1.333,2,1.333,2,0.165
P000236600-001-010,51.0,38,68,1.0,1,1.0,1,0.302
P000236600-001-011,107.333,86,121,1.0,1,1.0,1,0.174
P000236600-001-012,26.0,22,32,1.0,1,1.0,1,0.204
P000236600-002-001,7.0,7,7,1.0,1,1.0,1,0.0
P000236600-002-002,21.0,21,21,1.0,1,1.0,1,0.0
P000236608-001-001,97.0,24,147,1.0,1,1.0,1,0.666
P000236608-001-002,27.5,16,39,1.0,1,1.0,1,0.591
P000236608-001-003,44.333,34,50,2.0,2,2.0,2,0.202
P000236608-001-004,110.0,76,142,1.0,1,1.0,1,0.3
P000236608-001-005,52.667,39,65,1.0,1,1.0,1,0.248
P000236608-001-006,55.0,38,68,1.0,1,1.0,1,0.28
P000236608-002-001,13.667,11,19,1.0,1,1.0,1,0.338
P000236608-002-003,5.667,5,7,1.0,1,1.0,1,0.204
P000236608-002-004,22.333,20,27,1.0,1,1.0,1,0.181
P000236608-002-005,12.333,9,14,1.667,2,1.667,2,0.234
P000236608-003-001,26.0,21,31,1.0,1,1.0,1,0.272
P000236608-003-002,2.0,2,2,1.0,1,1.0,1,0.0
P000236608-003-003,20.0,20,20,1.0,1,1.0,1,0.0
P000236649-001-001,169.667,133,193,1.0,1,1.0,1,0.189
P000236649-001-002,105.0,15,185,1.0,1,1.0,1,0.814
P000236664-001-003,40.667,39,42,1.0,1,1.0,1,0.038
P000236664-001-004,23.667,15,28,1.0,1,1.0,1,0.317
P000236664-001-005,85.333,81,91,1.0,1,1.0,1,0.06
P000236664-001-006,8.0,8,8,1.0,1,1.0,1,0.0
P000236664-001-007,102.0,81,122,1.0,1,1.0,1,0.201
P000236664-001-008,80.0,80,80,1.0,1,1.0,1,0.0
P000236664-001-009,9.0,6,14,1.0,1,1.0,1,0.484
P000236664-001-010,21.667,5,45,1.0,1,1.0,1,0.961
P000236664-001-011,4.0,3,5,1.0,1,1.0,1,0.25
P000236664-001-012,11.333,11,12,1.0,1,1.0,1,0.051
P000236760-001-001,873.0,873,873,1.0,1,1.0,1,0.0
P000236761-001-001,500.0,300,700,1.0,1,1.0,1,0.4
P000237146-001-001,6.0,6,6,1.0,1,1.0,1,0.0
P000237147-001-001,137.333,122,164,1.0,1,1.0,1,0.169
P000237148-001-001,60.0,40,75,1.0,1,1.0,1,0.3
P000237149-001-001,2.0,2,2,1.0,1,1.0,1,0.0
P000237151-001-001,2.667,2,4,1.0,1,1.0,1,0.433
P000237467-001-001,10080.0,8800,10949,1.0,1,1.0,1,0.112
P000237467-003-001,419.667,389,437,1.0,1,1.0,1,0.063
P000237467-004-001,348.333,166,466,1.0,1,1.0,1,0.46
P000237467-006-001,490.0,490,490,1.0,1,1.0,1,0.0
P000237467-007-001,172.0,172,172,1.0,1,1.0,1,0.0
P000237467-008-001,241.667,235,245,1.0,1,1.0,1,0.024
P000237467-009-001,290.0,282,294,1.0,1,1.0,1,0.024
P000237467-010-001,80.0,80,80,1.0,1,1.0,1,0.0
P000237468-001-001,283.0,183,483,1.0,1,1.0,1,0.612
P000237469-001-001,80.0,40,100,1.0,1,1.0,1,0.433
P000237469-002-001,308.0,308,308,1.0,1,1.0,1,0.0
P000238085-001-001,1800.667,1291,2131,3.0,4,3.0,4,0.249
P000238086-001-001,49.667,43,63,1.0,1,1.0,1,0.232
P000238087-001-001,1465.333,1122,2022,2.333,3,2.333,3,0.332
P000238088-001-001,233.667,107,347,1.0,1,1.0,1,0.516
P000238096-001-001,206.0,206,206,1.0,1,1.0,1,0.0
P000238097-001-001,2.0,1,4,1.0,1,1.0,1,0.866
P000238098-001-001,226.0,226,226,1.0,1,1.0,1,0.0
P000238099-001-001,1015.667,869,1149,1.0,1,1.0,1,0.138
P000238100-001-001,1898.0,692,3104,1.0,1,1.0,1,0.899
P000238101-001-001,3760.0,2700,5260,1.667,2,1.667,2,0.355
P000238101-001-100,1066.667,800,1600,1.0,1,1.0,1,0.433
P000238102-001-001,2264.333,1660,3113,1.667,2,1.667,2,0.334
P000238103-001-001,890.667,557,1318,1.0,1,1.0,1,0.437
P000238104-001-001,427.333,195,812,1.0,1,1.0,1,0.785
P000238105-001-001,498.0,498,498,1.0,1,1.0,1,0.0
P000238106-001-001,469.333,459,480,1.0,1,1.0,1,0.022
P000238108-001-001,962.0,590,1148,2.0,2,2.0,2,0.335
P000238109-001-001,967.333,906,1030,3.0,3,3.0,3,0.064
P000238110-001-001,683.0,580,735,1.0,1,1.0,1,0.131
P000238111-001-001,359.0,234,579,2.0,2,2.0,2,0.532
P000238112-001-001,192.333,147,215,1.0,1,1.0,1,0.204
P000238113-001-001,739.333,500,865,2.333,3,2.333,3,0.28
P000238115-001-001,2713.333,2560,2820,2.333,3,2.333,3,0.05
P000238116-001-001,853.0,833,873,1.0,1,1.0,1,0.023
P000238118-001-001,45.0,45,45,1.0,1,1.0,1,0.0
P000238126-001-001,4.0,4,4,1.0,1,1.0,1,0.0
P000238134-001-001,5.0,5,5,1.0,1,1.0,1,0.0
P000238149-001-001,1197.667,1121,1256,2.0,2,2.0,2,0.058
P000238150-001-001,2692.667,1958,3380,2.667,3,2.667,3,0.264
P000238152-001-001,3975.333,2242,6222,4.667,7,4.667,7,0.513
P000238159-001-001,1119.0,839,1679,2.333,3,2.333,3,0.433
P000238160-001-001,50.333,25,63,1.333,2,1.333,2,0.436
P000238161-001-001,131.0,126,141,1.0,1,1.0,1,0.066
P000238162-001-001,166.667,100,200,1.667,2,1.667,2,0.346
P000238163-001-001,171.333,90,212,1.667,2,1.667,2,0.411
P000238164-001-001,137.333,100,156,2.0,2,2.0,2,0.235
P000238165-001-001,302.0,302,302,2.0,2,2.0,2,0.0
P000238166-001-001,345.333,342,352,1.0,1,1.0,1,0.017
P000238167-001-001,140.0,140,140,1.0,1,1.0,1,0.0
P000238168-001-001,803.333,790,830,1.0,1,1.0,1,0.029
P000238169-001-001,38.0,8,98,1.0,1,1.0,1,1.367
P000238170-001-001,274.667,248,308,1.0,1,1.0,1,0.111
P000238171-001-001,266.667,200,300,1.0,1,1.0,1,0.217
P000238172-001-001,357.0,346,379,1.0,1,1.0,1,0.053
P000238173-001-001,26.667,20,40,1.0,1,1.0,1,0.433
P000238174-001-001,441.667,335,495,1.0,1,1.0,1,0.209
P000238178-001-001,148.0,148,148,1.0,1,1.0,1,0.0
P000238181-001-001,188.333,188,189,1.0,1,1.0,1,0.003
P000238183-001-001,1797.333,1794,1804,1.0,1,1.0,1,0.003
P000238184-001-001,1180.333,1167,1197,1.0,1,1.0,1,0.013
P000238185-001-001,798.667,500,948,1.0,1,1.0,1,0.324
P000238186-001-001,217.333,194,234,1.0,1,1.0,1,0.096
P000238187-001-001,76.667,50,90,1.0,1,1.0,1,0.301
P000238188-001-001,528.667,502,582,1.0,1,1.0,1,0.087
P000238189-001-001,1927.667,215,2833,1.0,1,1.0,1,0.77
P000238191-001-001,10907.667,9494,11874,4.667,5,4.667,5,0.115
P000238192-001-001,3066.333,2811,3251,1.0,1,1.0,1,0.074
P000238193-001-001,3659.333,3326,4186,2.0,2,2.0,2,0.126
P000238194-001-001,1331.667,1295,1365,1.0,1,1.0,1,0.026
P000238195-001-001,196.333,183,203,1.0,1,1.0,1,0.059
P000238196-001-001,244.0,100,316,1.0,1,1.0,1,0.511
P000238197-001-001,297.333,100,396,1.0,1,1.0,1,0.575
P000238198-001-001,123.333,100,135,1.0,1,1.0,1,0.164
P000238200-001-001,40.0,20,50,1.0,1,1.0,1,0.433
P000238201-001-001,1136.667,1130,1140,1.0,1,1.0,1,0.005
P000238202-001-001,24.0,24,24,1.0,1,1.0,1,0.0
P000238203-001-001,6.0,6,6,1.0,1,1.0,1,0.0
P000238204-001-001,20.333,1,30,1.0,1,1.0,1,0.823
P000238205-001-001,4.0,4,4,1.0,1,1.0,1,0.0
P000238206-001-001,322.0,322,322,1.0,1,1.0,1,0.0
P000238210-001-001,7530.667,6614,8274,10.333,11,10.333,11,0.112
P000238211-001-001,10114.667,9592,10531,13.667,14,13.667,14,0.047
P000238211-101-001,1596.0,1588,1600,2.0,2,2.0,2,0.004
P000238212-001-001,3057.667,2415,4013,5.0,7,5.0,7,0.276
P000238214-001-001,87.0,87,87,1.0,1,1.0,1,0.0
P000238215-001-001,48.667,42,62,1.0,1,1.0,1,0.237
P000238216-001-001,166.667,100,200,1.0,1,1.0,1,0.346
P000238219-001-001,773.333,751,788,2.667,3,2.667,3,0.025
P000238220-001-001,326.5,3,650,1.5,2,1.5,2,1.401
P000238221-001-001,1463.667,1114,2034,1.0,1,1.0,1,0.34
P000238222-001-001,229.0,209,269,1.0,1,1.0,1,0.151
P000238223-001-001,200.0,200,200,1.0,1,1.0,1,
P000238238-001-001,92.0,92,92,1.0,1,1.0,1,0.0
P000238239-001-001,212.0,212,212,1.0,1,1.0,1,0.0
P000238240-001-001,447.333,200,571,1.0,1,1.0,1,0.479
P000238241-001-001,142.0,142,142,1.0,1,1.0,1,0.0
P000238242-001-001,473.333,360,570,2.0,2,2.0,2,0.224
P000238243-001-001,83.0,83,83,1.0,1,1.0,1,0.0
P000238244-001-001,88.0,88,88,1.0,1,1.0,1,0.0
P000238245-001-001,18.0,18,18,1.0,1,1.0,1,0.0
P000238246-001-001,238.0,238,238,1.0,1,1.0,1,0.0
P000238247-001-001,236.667,236,238,1.0,1,1.0,1,0.005
P000238248-001-001,198.0,198,198,1.0,1,1.0,1,0.0
P000238249-001-001,225.0,225,225,2.0,2,2.0,2,0.0
P000238250-001-001,44.0,44,44,1.0,1,1.0,1,0.0
P000242513-001-001,2770.0,2770,2770,1.0,1,1.0,1,0.0
P000242524-001-001,57.0,57,57,1.0,1,1.0,1,0.0
P000242542-001-001,1953.667,1747,2267,1.0,1,1.0,1,0.141
P000242604-001-001,1063.333,1000,1155,1.0,1,1.0,1,0.076
P000242605-001-001,86.667,76,102,1.0,1,1.0,1,0.157
P000242683-001-001,103.333,90,110,1.0,1,1.0,1,0.112
P000242684-001-001,257.667,256,261,1.0,1,1.0,1,0.011
P000242685-001-001,3.333,3,4,1.0,1,1.0,1,0.173
P000242686-001-001,12.667,7,24,1.0,1,1.0,1,0.775
P000242687-001-001,130.667,115,146,2.0,2,2.0,2,0.119
P000242691-001-001,530.0,530,530,1.0,1,1.0,1,0.0
P000242692-001-001,800.0,800,800,1.0,1,1.0,1,0.0
P000242693-001-001,1450.0,1450,1450,2.0,2,2.0,2,0.0
P000242694-001-001,2167.333,1500,2501,1.0,1,1.0,1,0.267
P000242695-001-001,2492.0,2492,2492,1.0,1,1.0,1,0.0
P000242696-001-001,2743.333,2710,2760,1.0,1,1.0,1,0.011
P000242697-001-001,5560.333,5527,5577,1.0,1,1.0,1,0.005
P000242698-001-001,3229.667,2863,3413,1.0,1,1.0,1,0.098
P000242739-001-001,499.0,499,499,1.0,1,1.0,1,0.0
P000242740-001-001,901.333,600,1052,2.333,3,2.333,3,0.29
P000242741-001-001,129.667,63,263,1.0,1,1.0,1,0.891
P000242744-001-001,408.333,405,415,1.0,1,1.0,1,0.014
P000242746-001-001,10.0,10,10,1.0,1,1.0,1,0.0
P000242751-001-001,630.333,627,637,1.0,1,1.0,1,0.009
P000242752-001-001,160.0,160,160,1.0,1,1.0,1,0.0
P000242772-001-001,145.667,79,179,1.0,1,1.0,1,0.396
P000242780-001-001,391.333,258,558,2.0,2,2.0,2,0.39
P000242781-001-001,444.333,321,522,1.0,1,1.0,1,0.243
P000242782-001-001,559.0,549,569,1.0,1,1.0,1,0.018
P000242831-001-001,963.333,750,1080,1.0,1,1.0,1,0.192
P000242832-001-001,366.667,340,420,1.0,1,1.0,1,0.126
P000242838-001-001,434.0,434,434,1.0,1,1.0,1,0.0
P000242839-001-001,165.0,15,265,1.0,1,1.0,1,0.802
P000242840-001-001,1546.0,1146,1746,1.0,1,1.0,1,0.224
P000242841-001-001,948.667,882,982,1.0,1,1.0,1,0.061
P000242842-001-001,443.0,113,843,1.0,1,1.0,1,0.835
P000242843-001-001,1500.0,1200,1800,1.0,1,1.0,1,0.2
P000242845-001-001,300.0,300,300,1.0,1,1.0,1,0.0
P000242846-001-001,710.0,710,710,1.0,1,1.0,1,0.0
P000242847-001-001,316.667,250,350,1.0,1,1.0,1,0.182
P000242848-001-001,194.0,194,194,1.0,1,1.0,1,0.0
P000242870-001-001,94.667,84,116,1.0,1,1.0,1,0.195
P000242871-001-001,175.667,69,229,1.667,2,1.667,2,0.526
P000242877-001-001,218.333,213,229,1.0,1,1.0,1,0.042
P000242880-001-001,13.0,13,13,1.0,1,1.0,1,0.0
P000242881-001-001,4.667,1,9,1.0,1,1.0,1,0.866
P000242887-001-001,3.0,3,3,1.0,1,1.0,1,0.0
P000242943-001-001,21.0,21,21,1.0,1,1.0,1,0.0
P000242945-001-001,1000.0,1000,1000,3.0,3,3.0,3,0.0
P000242960-001-001,42.0,42,42,1.0,1,1.0,1,0.0
P000242961-001-001,735.0,735,735,2.0,2,2.0,2,0.0
P000242963-001-001,44.0,40,46,1.0,1,1.0,1,0.079
P000242965-001-001,12.0,12,12,1.0,1,1.0,1,0.0
P000242967-001-001,662.0,662,662,2.0,2,2.0,2,0.0
P000242969-001-001,74.333,25,99,1.0,1,1.0,1,0.575
P000242970-001-001,107.0,107,107,2.0,2,2.0,2,0.0
P000242971-001-001,171.0,171,171,2.0,2,2.0,2,0.0
P000242972-001-001,311.667,245,345,1.0,1,1.0,1,0.185
P000242973-001-001,550.0,550,550,2.0,2,2.0,2,0.0
P000242974-001-001,255.0,255,255,2.0,2,2.0,2,0.0
P000242975-001-001,163.333,140,180,2.333,3,2.333,3,0.127
P000242976-001-001,170.0,120,200,3.0,3,3.0,3,0.256
P000242977-001-001,147.333,100,171,1.0,1,1.0,1,0.278
P000242978-001-001,25.333,22,32,1.0,1,1.0,1,0.228
P000242985-001-001,500.0,500,500,1.0,1,1.0,1,0.0
P000242988-001-001,29.0,29,29,1.0,1,1.0,1,0.0
P000242989-001-001,810.0,810,810,2.0,2,2.0,2,0.0
P000243081-001-001,466.0,413,515,1.0,1,1.0,1,0.11
P000243082-001-001,1518.667,1444,1556,2.0,2,2.0,2,0.043
P000243083-001-001,1920.333,1563,2120,3.333,4,3.333,4,0.162
P000243167-001-001,124.333,111,131,1.0,1,1.0,1,0.093
P000243168-001-001,376.0,306,411,1.333,2,1.333,2,0.161
P000243169-001-001,217.667,151,251,1.0,1,1.0,1,0.265
P000243170-001-001,306.0,206,406,1.0,1,1.0,1,0.327
P000243171-001-001,657.667,621,726,1.0,1,1.0,1,0.09
P000243172-001-001,237.0,207,262,1.0,1,1.0,1,0.117
P000243173-001-001,132.333,104,154,1.0,1,1.0,1,0.194
P000243174-001-001,665.0,590,710,1.0,1,1.0,1,0.098
P000243175-001-001,1008.667,862,1232,2.0,2,2.0,2,0.195
P000243176-001-001,39.0,29,49,1.0,1,1.0,1,0.256
P000243177-001-001,411.333,338,488,1.0,1,1.0,1,0.182
P000243227-001-001,186.667,100,230,1.0,1,1.0,1,0.402
P000243307-001-001,232.667,159,300,1.0,1,1.0,1,0.304
P000243308-001-001,204.0,202,208,2.0,2,2.0,2,0.017
P000243309-001-001,384.667,384,386,1.333,2,1.333,2,0.003
P000243310-001-001,38.333,35,40,1.0,1,1.0,1,0.075
P000243311-001-001,187.0,163,215,1.0,1,1.0,1,0.14
P000243340-001-001,135.0,127,146,1.0,1,1.0,1,0.073
P000243451-001-001,2022.0,1741,2322,2.0,2,2.0,2,0.144
P000243452-001-001,2507.0,2080,2961,2.0,2,2.0,2,0.176
P000243453-001-001,3806.0,3255,4311,4.667,5,4.667,5,0.139
P000243454-001-001,5381.0,4573,6179,4.667,5,4.667,5,0.149
P000243455-001-001,1370.333,1318,1440,3.0,4,2.667,3,0.046
P000243506-001-001,721.667,655,755,1.333,2,1.333,2,0.08
P000243538-001-001,560.0,504,643,1.0,1,1.0,1,0.131
P000243577-001-001,20.333,18,23,1.0,1,1.0,1,0.124
P000243592-001-001,10.0,10,10,1.0,1,1.0,1,
P000243594-001-001,53.0,53,53,1.0,1,1.0,1,0.0
P000243595-001-001,66.333,40,104,1.0,1,1.0,1,0.505
P000243597-001-001,18.667,8,28,1.0,1,1.0,1,0.539
P000243604-001-001,2.667,2,4,1.0,1,1.0,1,0.433
P000243605-001-001,4.5,4,5,1.0,1,1.0,1,0.157
P000243611-001-001,15.0,15,15,1.0,1,1.0,1,
P000243615-001-001,72.333,53,92,1.0,1,1.0,1,0.27
P000243616-001-001,140.0,112,164,1.0,1,1.0,1,0.187
P000243619-001-001,66.0,64,68,1.0,1,1.0,1,0.03
P000243627-001-001,14.333,11,16,1.0,1,1.0,1,0.201
P000243628-001-001,11.667,5,15,1.0,1,1.0,1,0.495
P000243629-001-001,8.667,6,10,1.0,1,1.0,1,0.266
P000243635-001-001,4.0,1,6,1.0,1,1.0,1,0.661
P000243636-001-001,1.0,1,1,1.0,1,1.0,1,0.0
P000243648-001-001,5.667,5,6,1.0,1,1.0,1,0.102
P000243653-001-001,3.0,3,3,1.0,1,1.0,1,0.0
P000243658-001-001,1.0,1,1,1.0,1,1.0,1,
P000243660-001-001,13.333,11,17,1.0,1,1.0,1,0.241
P000243661-001-001,1.0,1,1,1.0,1,1.0,1,
P000243662-001-001,29.667,23,33,1.0,1,1.0,1,0.195
P000243663-001-001,19.667,13,23,1.0,1,1.0,1,0.294
P000243668-001-001,5.333,2,10,1.0,1,1.0,1,0.781
P000243669-001-001,15.667,15,17,1.0,1,1.0,1,0.074
P000243710-001-001,64.0,58,76,1.0,1,1.0,1,0.162
P000243711-001-001,78.0,73,83,1.0,1,1.0,1,0.064
P000243712-001-001,56.0,38,88,1.0,1,1.0,1,0.496
P000243713-001-001,75.667,21,109,1.0,1,1.0,1,0.631
P000243714-001-001,39.333,39,40,1.0,1,1.0,1,0.015
P000243715-001-001,706.333,50,1135,1.0,1,1.0,1,0.817
P000243716-001-001,199.333,150,276,1.0,1,1.0,1,0.338
P000243717-001-001,398.0,398,398,1.0,1,1.0,1,0.0
P000243718-001-001,100.0,100,100,1.0,1,1.0,1,0.0
P000243719-001-001,22.667,20,24,1.0,1,1.0,1,0.102
P000243720-001-001,745.0,157,1382,1.333,2,1.333,2,0.824
P000243721-001-001,298.667,193,368,1.0,1,1.0,1,0.311
P000243722-001-001,1641.667,1500,1750,1.667,2,1.667,2,0.078
P000243723-001-001,316.667,50,600,1.0,1,1.0,1,0.87
P000243726-001-001,82.0,81,84,1.0,1,1.0,1,0.021
P000243727-001-001,75.0,75,75,1.0,1,1.0,1,0.0
P000243728-001-001,30.0,30,30,1.0,1,1.0,1,0.0
P000243729-001-001,35.333,32,37,1.0,1,1.0,1,0.082
P000243730-001-001,35.333,26,44,1.0,1,1.0,1,0.255
P000243731-001-001,1237.667,1196,1271,2.0,2,2.0,2,0.031
P000243732-001-001,5660.0,5310,6310,6.333,7,6.333,7,0.1
P000243733-001-001,63.333,45,90,1.0,1,1.0,1,0.373
P000243734-001-001,113.333,44,164,1.0,1,1.0,1,0.548
P000243735-001-001,94.0,94,94,1.0,1,1.0,1,0.0
P000243736-001-001,391.0,362,449,1.0,1,1.0,1,0.128
P000243737-001-001,2236.0,1879,2827,3.0,3,3.0,3,0.231
P000243738-001-001,130.333,113,140,1.0,1,1.0,1,0.115
P000243740-001-001,80.0,9,134,1.0,1,1.0,1,0.803
P000243741-001-001,17.667,17,19,1.0,1,1.0,1,0.065
P000243742-001-001,172.0,2,512,1.0,1,1.0,1,1.712
P000243743-001-001,168.667,151,201,1.0,1,1.0,1,0.166
P000243744-001-001,20.0,20,20,1.0,1,1.0,1,0.0
P000243745-001-001,25.0,25,25,1.0,1,1.0,1,0.0
P000243746-001-001,38.0,38,38,1.0,1,1.0,1,0.0
P000243747-001-001,257.667,241,266,1.0,1,1.0,1,0.056
P000243748-001-001,1074.0,1074,1074,1.0,1,1.0,1,0.0
P000243749-001-001,66.667,50,75,1.0,1,1.0,1,0.217
P000243750-001-001,183.333,175,200,1.0,1,1.0,1,0.079
P000243751-001-001,14.0,14,14,1.0,1,1.0,1,0.0
P000243753-001-001,8.0,8,8,1.0,1,1.0,1,0.0
P000243754-001-001,50.0,50,50,1.0,1,1.0,1,
P000243755-001-001,486.0,236,661,1.667,2,1.667,2,0.457
P000243756-001-001,1559.0,1059,2359,2.667,3,2.667,3,0.449
P000243757-001-001,18.667,8,30,1.0,1,1.0,1,0.59
P000243758-001-001,95.667,76,123,1.0,1,1.0,1,0.255
P000243759-001-001,276.0,276,276,1.0,1,1.0,1,
P000243760-001-001,133.333,116,143,2.0,2,2.0,2,0.113
P000243761-001-001,499.0,292,725,1.0,1,1.0,1,0.435
P000243762-001-001,405.333,258,530,1.333,2,1.333,2,0.339
P000243763-001-001,280.667,207,368,1.0,1,1.0,1,0.29
P000243764-001-001,177.333,44,444,1.0,1,1.0,1,1.302
P000243765-001-001,200.0,125,275,1.0,1,1.0,1,0.375
P000243766-001-001,100.0,25,200,1.0,1,1.0,1,0.901
P000243767-001-001,2432.0,813,3562,2.333,3,2.333,3,0.591
P000243768-001-001,4530.0,4325,4855,4.0,4,4.0,4,0.063
P000243769-001-001,425.333,337,476,1.0,1,1.0,1,0.181
P000243770-001-001,475.0,400,525,1.0,1,1.0,1,0.139
P000243771-001-001,4909.0,4759,5109,3.0,3,3.0,3,0.037
P000243772-001-001,75.0,25,125,1.5,2,1.5,2,0.943
P000243773-001-001,416.0,349,450,1.0,1,1.0,1,0.139
P000243774-001-001,113.0,61,161,1.0,1,1.0,1,0.444
P000243775-001-001,356.667,167,539,1.0,1,1.0,1,0.522
P000243776-001-001,320.667,183,421,1.667,2,1.667,2,0.385
P000243777-001-001,205.667,155,231,1.0,1,1.0,1,0.213
P000243779-001-001,1837.667,1821,1871,3.0,3,3.0,3,0.016
P000243780-001-001,200.0,200,200,1.0,1,1.0,1,
P000243781-001-001,267.667,250,278,1.0,1,1.0,1,0.057
P000243782-001-001,156.0,119,193,1.0,1,1.0,1,0.335
P000243783-001-001,1216.667,450,1600,1.667,2,1.667,2,0.546
P000243784-001-001,325.667,318,341,2.0,2,2.0,2,0.041
P000243785-001-001,220.333,219,223,1.0,1,1.0,1,0.01
P000243786-001-001,591.667,125,825,1.0,1,1.0,1,0.683
P000243787-001-001,883.667,642,1292,1.333,2,1.333,2,0.402
P000243788-001-001,8042.667,7292,8918,8.333,9,8.333,9,0.102
P000243790-001-001,283.0,173,378,2.0,2,2.0,2,0.365
P000243791-001-001,396.333,303,528,1.0,1,1.0,1,0.296
P000243792-001-001,363.667,252,437,2.0,2,2.0,2,0.27
P000243793-001-001,497.333,411,567,1.0,1,1.0,1,0.159
P000243794-001-001,104.5,6,203,1.0,1,1.0,1,1.333
P000243795-001-001,1486.0,1399,1562,3.0,3,3.0,3,0.055
P000243796-001-001,43.0,1,87,1.0,1,1.0,1,1.001
P000243797-001-001,60.0,45,70,1.0,1,1.0,1,0.22
P000243798-001-001,189.333,36,271,1.0,1,1.0,1,0.702
P000243799-001-001,65.667,39,109,1.0,1,1.0,1,0.577
P000243800-001-001,24.0,24,24,1.0,1,1.0,1,0.0
P000243801-001-001,233.333,160,380,1.0,1,1.0,1,0.544
P000243804-001-001,566.0,450,624,1.0,1,1.0,1,0.177
P000243806-001-001,466.667,300,600,1.0,1,1.0,1,0.327
P000243807-001-001,16.0,16,16,1.0,1,1.0,1,0.0
P000243808-001-001,316.667,175,600,1.0,1,1.0,1,0.775
P000243809-001-001,998.667,650,1373,2.0,2,2.0,2,0.363
P000243811-001-001,365.667,224,549,1.0,1,1.0,1,0.455
P000243812-001-001,883.333,850,900,1.0,1,1.0,1,0.033
P000243813-001-001,123.0,123,123,1.0,1,1.0,1,0.0
P000243814-001-001,457.333,24,699,1.0,1,1.0,1,0.822
P000243815-001-001,88.667,47,122,1.0,1,1.0,1,0.431
P000243816-001-001,175.0,125,275,1.333,2,1.333,2,0.495
P000243817-001-001,87.333,79,104,1.0,1,1.0,1,0.165
P000243818-001-001,133.333,130,140,1.0,1,1.0,1,0.043
P000243819-001-001,333.333,300,350,1.0,1,1.0,1,0.087
P000243820-001-001,17.0,17,17,1.0,1,1.0,1,0.0
P000243823-001-001,473.0,275,572,1.0,1,1.0,1,0.363
P000243824-001-001,75.0,75,75,1.0,1,1.0,1,0.0
P000243825-001-001,443.667,277,577,2.667,3,2.667,3,0.344
P000243826-001-001,3.0,3,3,1.0,1,1.0,1,0.0
P000243827-001-001,140.0,140,140,1.0,1,1.0,1,
P000243828-001-001,45.0,45,45,1.0,1,1.0,1,
P000243895-001-001,32.333,24,49,1.0,1,1.0,1,0.446
P000243941-001-001,50.0,50,50,1.0,1,1.0,1,0.0
P000243951-001-001,150.0,150,150,1.0,1,1.0,1,0.0
P000244091-001-001,11.0,11,11,1.0,1,1.0,1,0.0
P000244092-001-001,50.0,50,50,1.0,1,1.0,1,0.0
P000244093-001-001,42.0,42,42,1.0,1,1.0,1,0.0
P000244095-001-001,175.0,150,200,1.0,1,1.0,1,0.202
P000244135-001-001,20.0,20,20,1.0,1,1.0,1,
P000244280-001-001,5441.667,4225,6225,1.0,1,1.0,1,0.196
P000244283-001-001,65360.333,47277,75727,4.333,5,4.333,5,0.24
P000244284-001-001,195.333,192,202,1.0,1,1.0,1,0.03
P000244285-001-001,2120.0,1300,3395,1.0,1,1.0,1,0.528
P000244287-001-001,195.0,195,195,1.0,1,1.0,1,0.0
P000244288-001-001,129.667,129,130,1.0,1,1.0,1,0.004
P000244289-001-001,1494.333,861,2011,1.0,1,1.0,1,0.391
P000244290-001-001,536.333,403,603,1.0,1,1.0,1,0.215
P000244293-001-001,75.0,75,75,1.0,1,1.0,1,0.0
P000244294-001-001,2147.0,1847,2447,1.0,1,1.0,1,0.14
P000244295-001-001,1764.333,1531,2231,1.0,1,1.0,1,0.229
P000244296-001-001,552.333,215,1215,1.0,1,1.0,1,1.039
P000244311-001-001,275.0,145,455,1.0,1,1.0,1,0.585
P000244312-001-001,643.333,370,840,1.0,1,1.0,1,0.38
P000244313-001-001,583.333,330,750,1.0,1,1.0,1,0.382
P000244314-001-001,646.667,350,850,1.0,1,1.0,1,0.406
P000244315-001-001,1446.667,1190,1730,1.333,2,1.333,2,0.187
P000244316-001-001,597.667,331,751,1.0,1,1.0,1,0.388
P000244317-001-001,773.333,710,820,1.0,1,1.0,1,0.074
P000244318-001-001,749.667,653,853,1.667,2,1.0,1,0.134
P000244319-001-001,405.333,372,432,1.0,1,1.0,1,0.075
P000244320-001-001,630.0,560,680,1.0,1,1.0,1,0.099
P000244321-001-001,50.0,50,50,1.0,1,1.0,1,
P000244322-001-001,19.667,3,43,1.667,2,1.667,2,1.058
P000244323-001-001,35.667,19,59,1.0,1,1.0,1,0.584
P000244324-001-001,74.667,38,108,1.0,1,1.0,1,0.47
P000244325-001-001,40.0,40,40,1.0,1,1.0,1,
P000244326-001-001,20.0,10,40,1.0,1,1.0,1,0.866
P000244327-001-001,36.667,10,90,1.0,1,1.0,1,1.26
P000244372-001-001,241.667,175,275,1.0,1,1.0,1,0.239
P000244391-001-001,156.667,40,290,1.0,1,1.0,1,0.803
P000244394-001-001,152.0,152,152,1.0,1,1.0,1,0.0
P000244396-001-001,116.667,106,133,1.0,1,1.0,1,0.123
P000244397-001-001,275.333,200,316,1.0,1,1.0,1,0.237
P000244421-001-001,262.333,229,279,1.0,1,1.0,1,0.11
P000244422-001-001,6.0,6,6,1.0,1,1.0,1,0.0
P000244423-001-001,62.0,22,142,1.0,1,1.0,1,1.117
P000244439-001-001,783.333,650,900,1.0,1,1.0,1,0.161
P000244441-001-001,166.667,100,200,1.0,1,1.0,1,0.346
P000244443-001-001,120.0,120,120,1.0,1,1.0,1,0.0
P000321854-010-001,374.0,374,374,1.0,1,1.0,1,0.0
P000321854-050-001,849.0,849,849,1.0,1,1.0,1,0.0
P000321854-090-001,124.0,124,124,1.0,1,1.0,1,0.0
P000321854-110-001,125.0,125,125,1.0,1,1.0,1,0.0
P000326529-001-001,1.0,1,1,1.0,1,1.0,1,0.0
P000326681-001-001,100.0,100,100,1.0,1,1.0,1,
P000326682-002-001,5538.0,5538,5538,2.0,2,2.0,2,0.0
P000326787-001-001,2800.0,2800,2800,1.0,1,1.0,1,0.0
P000327021-001-001,7183.333,6150,8850,4.333,5,4.333,5,0.203
P000327021-001-002,780.0,780,780,1.0,1,1.0,1,0.0
P000327021-001-003,490.0,490,490,2.0,2,2.0,2,0.0
P000327532-001-001,200.0,200,200,1.0,1,1.0,1,0.0
P000328171-012-001,60.0,60,60,1.0,1,1.0,1,0.0
P000328172-001-001,2.0,2,2,1.0,1,1.0,1,
P000328192-001-001,66.0,66,66,1.0,1,1.0,1,
P000328210-002-001,19.0,14,24,1.0,1,1.0,1,0.263
P000330288-003-001,77.667,71,81,1.0,1,1.0,1,0.074
P000330384-001-001,5.0,5,5,1.0,1,1.0,1,0.0
P000330563-001-001,2.0,2,2,1.0,1,1.0,1,
P000330940-001-001,2.667,2,3,1.0,1,1.0,1,0.217
P000330961-001-001,8.0,8,8,1.0,1,1.0,1,0.0
P000331022-001-001,1.0,1,1,1.0,1,1.0,1,0.0
P000333651-001-001,4.0,4,4,1.0,1,1.0,1,
P000335161-001-001,1.0,1,1,1.0,1,1.0,1,
P000338449-001-001,4.333,1,9,1.0,1,1.0,1,0.961
P000357822-001-001,8.333,5,10,1.0,1,1.0,1,0.346
P000358856-001-001,15.0,15,15,1.0,1,1.0,1,
P000375375-001-001,1.0,1,1,1.0,1,1.0,1,
P000375380-001-001,7.0,5,8,1.0,1,1.0,1,0.247
P000381561-001-001,40.333,40,41,1.0,1,1.0,1,0.014
P000381617-001-001,1.0,1,1,1.0,1,1.0,1,0.0
P000381629-001-001,5.0,5,5,1.0,1,1.0,1,0.0
P000381675-001-001,5.5,1,10,1.0,1,1.0,1,1.157
P000397862-001-001,1.0,1,1,1.0,1,1.0,1,0.0
P000714407-001-001,27.0,27,27,1.0,1,1.0,1,0.0
P000714987-001-001,36.0,35,37,1.0,1,1.0,1,0.028
P000715771-014-001,14.0,14,14,1.0,1,1.0,1,0.0
P000715771-015-001,11.0,10,12,1.0,1,1.0,1,0.091
P000721780-001-009,2.0,2,2,1.0,1,1.0,1,0.0
P000724236-002-002,9.5,9,10,1.0,1,1.0,1,0.074
P000724416-004-011,1.0,1,1,1.0,1,1.0,1,0.0
P000724448-002-002,1.0,1,1,1.0,1,1.0,1,
P000724448-002-005,1.0,1,1,1.0,1,1.0,1,0.0
P000724448-002-043,1.0,1,1,1.0,1,1.0,1,
P000768514-010-003,1.0,1,1,1.0,1,1.0,1,0.0
P000911524-020-001,329.0,329,329,1.0,1,1.0,1,
P000911524-120-001,194.0,194,194,1.0,1,1.0,1,0.0
P000987456-010-017,1.0,1,1,1.0,1,1.0,1,0.0
P000987749-010-003,1.0,1,1,1.0,1,1.0,1,0.0
P000987921-010-004,20.0,9,31,1.0,1,1.0,1,0.55
P000987921-010-005,1.0,1,1,1.0,1,1.0,1,0.0
P000987921-010-006,1.0,1,1,1.0,1,1.0,1,0.0
P001017198-010-001,163.0,75,300,1.333,2,1.333,2,0.738
P001017198-011-001,453.333,320,520,1.0,1,1.0,1,0.255
P001017198-012-001,813.333,280,1280,1.0,1,1.0,1,0.619
P001017198-013-001,3744.667,2498,6217,3.667,5,3.667,5,0.572
P001017198-014-001,855.333,677,1206,1.333,2,1.333,2,0.355
P001017198-020-001,2586.667,2400,2800,1.0,1,1.0,1,0.078
P001017198-021-001,480.0,480,480,1.0,1,1.0,1,0.0
P001017198-022-001,985.0,720,1477,1.667,3,1.667,3,0.433
P001017198-023-001,272.0,261,283,1.0,1,1.0,1,0.04
P001031913-001-101,993.667,779,1203,3.333,4,3.333,4,0.213
P001031913-001-102,378.0,251,477,2.667,5,2.333,4,0.306
P001031913-001-103,276.333,148,370,1.333,2,1.333,2,0.416
P001031913-001-104,175.667,116,206,1.0,1,1.0,1,0.294
P001031913-005-101,346.667,155,455,1.0,1,1.0,1,0.48
P001031913-015-101,124.667,98,173,1.0,1,1.0,1,0.336
P001032322-001-002,1.0,1,1,1.0,1,1.0,1,0.0
P001094301-161-125,2783.333,2475,3025,4.0,4,4.0,4,0.101
P001094301-260-125,408.333,300,475,1.0,1,1.0,1,0.232
P001094301-361-125,5900.0,5200,6400,6.667,7,6.667,7,0.106
P001094301-460-825,908.333,575,1075,1.667,2,1.667,2,0.318
P001094301-461-125,400.0,325,450,1.0,1,1.0,1,0.165
P001094301-561-125,2000.0,1675,2475,2.333,3,2.333,3,0.21
P001104651-001-001,12.667,4,17,1.0,1,1.0,1,0.593
P001112017-100-010,316.667,240,470,1.0,1,1.0,1,0.419
P001112017-100-050,2099.0,1999,2199,2.0,2,2.0,2,0.048
P001112017-150-010,342.0,220,576,1.0,1,1.0,1,0.593
P001112017-150-050,16924.333,16691,17191,10.0,10,10.0,10,0.015
P001112017-200-010,190.0,140,280,1.0,1,1.0,1,0.411
P001112017-200-050,733.333,600,850,1.333,2,1.333,2,0.172
P001112017-250-010,113.333,50,220,1.333,2,1.333,2,0.82
P001112017-250-050,9933.333,9700,10150,6.0,6,6.0,6,0.023
P001112017-300-010,196.667,190,210,1.0,1,1.0,1,0.059
P001112017-300-050,216.667,200,250,1.0,1,1.0,1,0.133
P001112017-350-010,130.0,90,180,1.0,1,1.0,1,0.353
P001112017-350-050,1031.333,998,1098,1.0,1,1.0,1,0.056
P001112073-001-010,50.0,50,50,1.0,1,1.0,1,
P001112073-001-050,14080.0,13880,14280,4.0,4,4.0,4,0.014
P001112073-002-010,145.0,140,150,1.5,2,1.5,2,0.049
P001112073-002-050,19782.333,19299,20149,3.0,3,3.0,3,0.022
P001112073-101-010,230.0,230,230,1.0,1,1.0,1,
P001112679-001-001,1.0,1,1,1.0,1,1.0,1,0.0
P001119046-001-001,4.333,1,10,1.0,1,1.0,1,1.138
P001119046-003-001,5.0,5,5,1.0,1,1.0,1,0.0
P001141761-020-001,100.0,100,100,1.0,1,1.0,1,0.0
P001150170-001-001,789.0,755,857,6.0,6,6.0,6,0.075
P001176405-010-512,260.0,260,260,1.0,1,1.0,1,0.0
P001190317-104-025,175.0,175,175,1.0,1,1.0,1,0.0
P001200276-001-001,4.0,4,4,1.0,1,1.0,1,0.0
P001284456-351-001,1274.333,335,1882,3.0,4,3.0,4,0.647
P001284456-352-001,353.333,278,393,1.667,2,1.667,2,0.185
P001284456-381-001,188.333,22,291,1.0,1,1.0,1,0.772
P001284456-382-001,79.667,11,114,1.667,2,1.667,2,0.746
P001284456-441-001,841.0,444,1060,2.0,2,2.0,2,0.41
P001284456-442-001,278.667,232,305,1.0,1,1.0,1,0.145
P001284456-461-001,78.333,51,92,1.0,1,1.0,1,0.302
P001284456-491-001,3006.5,2786,3227,6.5,7,6.5,7,0.104
P001284456-492-001,1404.0,1311,1476,2.333,3,2.333,3,0.06
P001284456-662-001,69.333,12,100,1.333,2,1.333,2,0.717
P001284456-691-001,65.667,13,93,1.0,1,1.0,1,0.695
P001284456-692-001,190.0,14,282,1.0,1,1.0,1,0.802
P001303149-112-001,80.333,80,81,1.0,1,1.0,1,0.007
P001303277-112-001,45.333,45,46,1.0,1,1.0,1,0.013
P001342554-012-001,3298.333,2767,4015,5.333,6,5.333,6,0.195
P001415893-010-001,50.0,50,50,1.0,1,1.0,1,0.0
P001415893-020-001,50.0,50,50,1.0,1,1.0,1,0.0
P001417022-010-001,1916.667,1250,2250,1.667,2,1.667,2,0.301
P001417022-020-001,3041.667,2375,3875,3.0,4,3.0,4,0.251
P001421481-001-001,2628.333,2347,2814,2.333,3,2.333,3,0.094
P001424375-001-001,4132.667,2030,6027,2.0,3,2.0,3,0.486
P001435260-001-001,138.0,138,138,1.0,1,1.0,1,0.0
P001453418-005-001,100.0,100,100,1.0,1,1.0,1,0.0
P001453418-015-001,83.667,17,117,1.0,1,1.0,1,0.69
P001458753-002-001,3.0,3,3,1.0,1,1.0,1,0.0
P001459670-002-001,575.0,575,575,3.0,3,2.0,2,
P001464384-302-031,1750.0,1750,1750,5.0,5,5.0,5,0.0
P001464384-302-131,959.0,959,959,2.0,2,2.0,2,0.0
P001464384-304-031,1576.667,1570,1580,4.0,4,4.0,4,0.004
P001464384-304-131,960.0,960,960,3.0,3,3.0,3,0.0
P001464384-306-031,1460.0,1460,1460,3.0,3,3.0,3,0.0
P001464384-306-131,960.0,960,960,2.0,2,2.0,2,0.0
P001464384-322-033,497.333,494,499,3.0,3,3.0,3,0.006
P001464384-322-034,663.667,497,997,4.0,6,4.0,6,0.435
P001464384-322-133,360.0,360,360,2.0,2,2.0,2,0.0
P001464384-322-134,360.0,360,360,2.0,2,2.0,2,0.0
P001464384-324-033,500.0,500,500,3.0,3,3.0,3,0.0
P001464384-324-034,660.667,494,994,7.0,9,7.0,9,0.437
P001464384-324-133,359.0,359,359,2.0,2,2.0,2,0.0
P001464384-324-134,359.0,359,359,3.0,3,3.0,3,0.0
P001464384-326-033,406.333,369,448,3.333,4,3.333,4,0.098
P001464384-326-034,662.0,495,995,4.0,6,4.0,6,0.436
P001464384-326-133,360.0,360,360,2.0,2,2.0,2,0.0
P001464384-326-134,359.0,359,359,3.0,3,3.0,3,0.0
P001464384-352-033,60.0,60,60,1.0,1,1.0,1,0.0
P001464384-352-034,60.0,60,60,1.0,1,1.0,1,0.0
P001464384-354-033,60.0,60,60,1.0,1,1.0,1,0.0
P001464384-354-034,60.0,60,60,1.0,1,1.0,1,0.0
P001464384-356-033,60.0,60,60,1.0,1,1.0,1,0.0
P001464384-356-034,57.0,57,57,1.0,1,1.0,1,0.0
P001464384-362-033,60.0,60,60,1.0,1,1.0,1,0.0
P001464384-362-044,60.0,60,60,1.0,1,1.0,1,0.0
P001464384-364-033,60.0,60,60,1.0,1,1.0,1,0.0
P001464384-364-044,60.0,60,60,1.0,1,1.0,1,0.0
P001464384-366-033,59.667,59,60,1.0,1,1.0,1,0.01
P001464384-366-044,57.0,57,57,1.0,1,1.0,1,0.0
P001464384-422-033,499.0,499,499,3.0,3,3.0,3,0.0
P001464384-422-044,496.0,496,496,3.0,3,3.0,3,0.0
P001464384-422-133,360.0,360,360,2.0,2,2.0,2,0.0
P001464384-422-144,357.0,357,357,3.0,3,3.0,3,0.0
P001464384-424-033,500.0,500,500,3.0,3,3.0,3,0.0
P001464384-424-044,500.0,500,500,3.0,3,3.0,3,0.0
P001464384-424-133,360.0,360,360,2.0,2,2.0,2,0.0
P001464384-424-144,360.0,360,360,3.0,3,3.0,3,0.0
P001464384-426-033,499.0,499,499,3.0,3,3.0,3,0.0
P001464384-426-044,499.0,499,499,3.0,3,3.0,3,0.0
P001464384-426-133,358.0,358,358,2.0,2,2.0,2,0.0
P001464384-426-144,358.0,358,358,2.0,2,2.0,2,0.0
P001469516-000-020,198.0,198,198,1.0,1,1.0,1,0.0
P001469516-000-030,200.0,200,200,1.0,1,1.0,1,0.0
P001469516-000-120,200.0,200,200,1.0,1,1.0,1,0.0
P001469516-000-130,198.0,198,198,1.0,1,1.0,1,0.0
P001469516-003-031,40.0,40,40,1.0,1,1.0,1,0.0
P001469516-003-032,38.0,38,38,1.0,1,1.0,1,0.0
P001469516-003-131,40.0,40,40,1.0,1,1.0,1,0.0
P001469516-003-132,40.0,40,40,1.0,1,1.0,1,0.0
P001469516-005-021,40.0,40,40,1.0,1,1.0,1,0.0
P001469516-005-022,40.0,40,40,1.0,1,1.0,1,0.0
P001469516-005-031,40.0,40,40,1.0,1,1.0,1,0.0
P001469516-005-032,40.0,40,40,1.0,1,1.0,1,0.0
P001469516-005-121,40.0,40,40,1.0,1,1.0,1,0.0
P001469516-005-122,40.0,40,40,1.0,1,1.0,1,0.0
P001469516-005-131,40.0,40,40,1.0,1,1.0,1,0.0
P001469516-005-132,40.0,40,40,1.0,1,1.0,1,0.0
P001469516-008-021,40.0,40,40,1.0,1,1.0,1,0.0
P001469516-008-022,40.0,40,40,1.0,1,1.0,1,0.0
P001469516-008-121,40.0,40,40,1.0,1,1.0,1,0.0
P001469516-008-122,40.0,40,40,1.0,1,1.0,1,0.0
P001469516-020-020,198.0,198,198,1.0,1,1.0,1,0.0
P001469516-020-030,198.0,198,198,1.0,1,1.0,1,0.0
P001469516-020-120,200.0,200,200,1.0,1,1.0,1,0.0
P001469516-020-130,198.0,198,198,1.0,1,1.0,1,0.0
P001469516-021-031,40.0,40,40,1.0,1,1.0,1,0.0
P001469516-021-032,40.0,40,40,1.0,1,1.0,1,0.0
P001469516-021-131,40.0,40,40,1.0,1,1.0,1,0.0
P001469516-021-132,40.0,40,40,1.0,1,1.0,1,0.0
P001469516-023-021,40.0,40,40,1.0,1,1.0,1,0.0
P001469516-023-031,40.0,40,40,1.0,1,1.0,1,0.0
P001469516-023-032,40.0,40,40,1.0,1,1.0,1,0.0
P001469516-023-131,40.0,40,40,1.0,1,1.0,1,0.0
P001469516-023-132,40.0,40,40,1.0,1,1.0,1,0.0
P001469516-025-021,40.0,40,40,1.0,1,1.0,1,0.0
P001469516-025-022,40.0,40,40,1.0,1,1.0,1,0.0
P001469516-025-121,40.0,40,40,1.0,1,1.0,1,0.0
P001469516-025-122,40.0,40,40,1.0,1,1.0,1,0.0
P001469516-028-022,40.0,40,40,1.0,1,1.0,1,0.0
P001469516-028-121,40.0,40,40,1.0,1,1.0,1,0.0
P001469516-028-122,40.0,40,40,1.0,1,1.0,1,0.0
P001469516-030-001,158.0,158,158,1.0,1,1.0,1,0.0
P001469516-030-030,200.0,200,200,1.0,1,1.0,1,0.0
P001469516-030-101,78.0,78,78,1.0,1,1.0,1,0.0
P001469516-030-130,200.0,200,200,1.0,1,1.0,1,0.0
P001469516-031-001,160.0,160,160,1.0,1,1.0,1,0.0
P001469516-031-031,40.0,40,40,1.0,1,1.0,1,0.0
P001469516-031-032,40.0,40,40,1.0,1,1.0,1,0.0
P001469516-031-101,80.0,80,80,1.0,1,1.0,1,0.0
P001469516-031-131,40.0,40,40,1.0,1,1.0,1,0.0
P001469516-031-132,40.0,40,40,1.0,1,1.0,1,0.0
P001469516-033-031,40.0,40,40,1.0,1,1.0,1,0.0
P001469516-033-032,40.0,40,40,1.0,1,1.0,1,0.0
P001469516-033-131,40.0,40,40,1.0,1,1.0,1,0.0
P001469516-033-132,40.0,40,40,1.0,1,1.0,1,0.0
P001469516-035-011,120.0,120,120,1.0,1,1.0,1,0.0
P001469516-035-111,40.0,40,40,1.0,1,1.0,1,0.0
P001469516-036-011,120.0,120,120,1.0,1,1.0,1,0.0
P001469516-036-111,40.0,40,40,1.0,1,1.0,1,0.0
P001469516-050-020,100.0,100,100,1.0,1,1.0,1,0.0
P001469516-050-030,100.0,100,100,1.0,1,1.0,1,0.0
P001469516-050-120,100.0,100,100,1.0,1,1.0,1,0.0
P001469516-050-130,100.0,100,100,1.0,1,1.0,1,0.0
P001469516-060-020,100.0,100,100,1.0,1,1.0,1,0.0
P001469516-060-030,100.0,100,100,1.0,1,1.0,1,0.0
P001469516-060-120,100.0,100,100,1.0,1,1.0,1,0.0
P001469516-060-130,100.0,100,100,1.0,1,1.0,1,0.0
P001469516-080-030,200.0,200,200,1.0,1,1.0,1,0.0
P001469516-080-130,200.0,200,200,1.0,1,1.0,1,0.0
P001469516-081-031,40.0,40,40,1.0,1,1.0,1,0.0
P001469516-081-032,40.0,40,40,1.0,1,1.0,1,0.0
P001469516-081-131,40.0,40,40,1.0,1,1.0,1,0.0
P001469516-081-132,40.0,40,40,1.0,1,1.0,1,0.0
P001469516-083-031,40.0,40,40,1.0,1,1.0,1,0.0
P001469516-083-032,40.0,40,40,1.0,1,1.0,1,0.0
P001469516-083-131,40.0,40,40,1.0,1,1.0,1,0.0
P001469516-083-132,40.0,40,40,1.0,1,1.0,1,0.0
P001469516-090-020,200.0,200,200,1.0,1,1.0,1,0.0
P001469516-090-030,200.0,200,200,1.0,1,1.0,1,0.0
P001469516-090-120,200.0,200,200,1.0,1,1.0,1,0.0
P001469516-090-130,200.0,200,200,1.0,1,1.0,1,0.0
P001469516-091-031,40.0,40,40,1.0,1,1.0,1,0.0
P001469516-091-032,40.0,40,40,1.0,1,1.0,1,0.0
P001469516-091-131,40.0,40,40,1.0,1,1.0,1,0.0
P001469516-091-132,40.0,40,40,1.0,1,1.0,1,0.0
P001469516-093-031,40.0,40,40,1.0,1,1.0,1,0.0
P001469516-093-032,40.0,40,40,1.0,1,1.0,1,0.0
P001469516-093-131,40.0,40,40,1.0,1,1.0,1,0.0
P001469516-093-132,40.0,40,40,1.0,1,1.0,1,0.0
P001469516-095-021,40.0,40,40,1.0,1,1.0,1,0.0
P001469516-095-022,40.0,40,40,1.0,1,1.0,1,0.0
P001469516-095-121,40.0,40,40,1.0,1,1.0,1,0.0
P001469516-095-122,40.0,40,40,1.0,1,1.0,1,0.0
P001469516-098-021,40.0,40,40,1.0,1,1.0,1,0.0
P001469516-098-022,40.0,40,40,1.0,1,1.0,1,0.0
P001469516-098-121,40.0,40,40,1.0,1,1.0,1,0.0
P001469516-098-122,40.0,40,40,1.0,1,1.0,1,0.0
P001469516-300-000,3198.0,3198,3198,1.0,1,1.0,1,0.0
P001469516-300-100,398.0,398,398,1.0,1,1.0,1,0.0
P001469516-302-001,320.0,320,320,1.0,1,1.0,1,0.0
P001469516-302-002,318.0,318,318,1.0,1,1.0,1,0.0
P001469516-302-021,38.0,38,38,1.0,1,1.0,1,0.0
P001469516-302-022,38.0,38,38,1.0,1,1.0,1,0.0
P001469516-302-031,38.0,38,38,1.0,1,1.0,1,0.0
P001469516-302-032,40.0,40,40,1.0,1,1.0,1,0.0
P001469516-302-101,40.0,40,40,1.0,1,1.0,1,0.0
P001469516-302-102,40.0,40,40,1.0,1,1.0,1,0.0
P001469516-302-121,40.0,40,40,1.0,1,1.0,1,0.0
P001469516-302-122,40.0,40,40,1.0,1,1.0,1,0.0
P001469516-302-131,40.0,40,40,1.0,1,1.0,1,0.0
P001469516-302-132,40.0,40,40,1.0,1,1.0,1,0.0
P001469516-304-001,320.0,320,320,1.0,1,1.0,1,0.0
P001469516-304-002,320.0,320,320,1.0,1,1.0,1,0.0
P001469516-304-021,40.0,40,40,1.0,1,1.0,1,0.0
P001469516-304-022,40.0,40,40,1.0,1,1.0,1,0.0
P001469516-304-031,40.0,40,40,1.0,1,1.0,1,0.0
P001469516-304-032,40.0,40,40,1.0,1,1.0,1,0.0
P001469516-304-101,38.0,38,38,1.0,1,1.0,1,0.0
P001469516-304-102,45.0,45,45,1.0,1,1.0,1,0.0
P001469516-304-121,40.0,40,40,1.0,1,1.0,1,0.0
P001469516-304-122,40.0,40,40,1.0,1,1.0,1,0.0
P001469516-304-131,38.0,38,38,1.0,1,1.0,1,0.0
P001469516-304-132,38.0,38,38,1.0,1,1.0,1,0.0
P001469516-306-001,320.0,320,320,1.0,1,1.0,1,0.0
P001469516-306-002,320.0,320,320,1.0,1,1.0,1,0.0
P001469516-306-021,40.0,40,40,1.0,1,1.0,1,0.0
P001469516-306-022,40.0,40,40,1.0,1,1.0,1,0.0
P001469516-306-031,40.0,40,40,1.0,1,1.0,1,0.0
P001469516-306-032,40.0,40,40,1.0,1,1.0,1,0.0
P001469516-306-101,40.0,40,40,1.0,1,1.0,1,0.0
P001469516-306-102,40.0,40,40,1.0,1,1.0,1,0.0
P001469516-306-121,40.0,40,40,1.0,1,1.0,1,0.0
P001469516-306-122,40.0,40,40,1.0,1,1.0,1,0.0
P001469516-306-131,40.0,40,40,1.0,1,1.0,1,0.0
P001469516-306-132,40.0,40,40,1.0,1,1.0,1,0.0
P001469516-307-011,200.0,200,200,1.0,1,1.0,1,0.0
P001469516-307-012,200.0,200,200,1.0,1,1.0,1,0.0
P001469516-307-111,40.0,40,40,1.0,1,1.0,1,0.0
P001469516-307-112,40.0,40,40,1.0,1,1.0,1,0.0
P001469516-309-001,320.0,320,320,1.0,1,1.0,1,0.0
P001469516-309-002,320.0,320,320,1.0,1,1.0,1,0.0
P001469516-309-021,40.0,40,40,1.0,1,1.0,1,0.0
P001469516-309-022,40.0,40,40,1.0,1,1.0,1,0.0
P001469516-309-031,40.0,40,40,1.0,1,1.0,1,0.0
P001469516-309-032,40.0,40,40,1.0,1,1.0,1,0.0
P001469516-309-101,40.0,40,40,1.0,1,1.0,1,0.0
P001469516-309-102,40.0,40,40,1.0,1,1.0,1,0.0
P001469516-309-121,40.0,40,40,1.0,1,1.0,1,0.0
P001469516-309-122,40.0,40,40,1.0,1,1.0,1,0.0
P001469516-309-131,40.0,40,40,1.0,1,1.0,1,0.0
P001469516-309-132,40.0,40,40,1.0,1,1.0,1,0.0
P001469516-402-001,120.0,120,120,1.0,1,1.0,1,0.0
P001469516-402-002,120.0,120,120,1.0,1,1.0,1,0.0
P001469516-402-021,40.0,40,40,1.0,1,1.0,1,0.0
P001469516-402-022,40.0,40,40,1.0,1,1.0,1,0.0
P001469516-402-031,40.0,40,40,1.0,1,1.0,1,0.0
P001469516-402-032,40.0,40,40,1.0,1,1.0,1,0.0
P001469516-402-101,40.0,40,40,1.0,1,1.0,1,0.0
P001469516-402-102,40.0,40,40,1.0,1,1.0,1,0.0
P001469516-402-121,40.0,40,40,1.0,1,1.0,1,0.0
P001469516-402-122,40.0,40,40,1.0,1,1.0,1,0.0
P001469516-402-131,40.0,40,40,1.0,1,1.0,1,0.0
P001469516-402-132,22.0,22,22,1.0,1,1.0,1,0.0
P001469516-404-001,120.0,120,120,1.0,1,1.0,1,0.0
P001469516-404-002,120.0,120,120,1.0,1,1.0,1,0.0
P001469516-404-021,40.0,40,40,1.0,1,1.0,1,0.0
P001469516-404-022,40.0,40,40,1.0,1,1.0,1,0.0
P001469516-404-031,40.0,40,40,1.0,1,1.0,1,0.0
P001469516-404-032,40.0,40,40,1.0,1,1.0,1,0.0
P001469516-404-101,40.0,40,40,1.0,1,1.0,1,0.0
P001469516-404-102,40.0,40,40,1.0,1,1.0,1,0.0
P001469516-404-121,40.0,40,40,1.0,1,1.0,1,0.0
P001469516-404-122,40.0,40,40,1.0,1,1.0,1,0.0
P001469516-404-131,40.0,40,40,1.0,1,1.0,1,0.0
P001469516-404-132,40.0,40,40,1.0,1,1.0,1,0.0
P001469516-406-001,120.0,120,120,1.0,1,1.0,1,0.0
P001469516-406-002,120.0,120,120,1.0,1,1.0,1,0.0
P001469516-406-021,40.0,40,40,1.0,1,1.0,1,0.0
P001469516-406-022,40.0,40,40,1.0,1,1.0,1,0.0
P001469516-406-031,40.0,40,40,1.0,1,1.0,1,0.0
P001469516-406-032,40.0,40,40,1.0,1,1.0,1,0.0
P001469516-406-101,40.0,40,40,1.0,1,1.0,1,0.0
P001469516-406-102,40.0,40,40,1.0,1,1.0,1,0.0
P001469516-406-121,40.0,40,40,1.0,1,1.0,1,0.0
P001469516-406-122,40.0,40,40,1.0,1,1.0,1,0.0
P001469516-406-131,40.0,40,40,1.0,1,1.0,1,0.0
P001469516-406-132,40.0,40,40,1.0,1,1.0,1,0.0
P001469516-409-001,120.0,120,120,1.0,1,1.0,1,0.0
P001469516-409-002,120.0,120,120,1.0,1,1.0,1,0.0
P001469516-409-021,40.0,40,40,1.0,1,1.0,1,0.0
P001469516-409-022,40.0,40,40,1.0,1,1.0,1,0.0
P001469516-409-031,40.0,40,40,1.0,1,1.0,1,0.0
P001469516-409-032,40.0,40,40,1.0,1,1.0,1,0.0
P001469516-409-101,40.0,40,40,1.0,1,1.0,1,0.0
P001469516-409-102,40.0,40,40,1.0,1,1.0,1,0.0
P001469516-409-121,40.0,40,40,1.0,1,1.0,1,0.0
P001469516-409-122,40.0,40,40,1.0,1,1.0,1,0.0
P001469516-409-131,40.0,40,40,1.0,1,1.0,1,0.0
P001469516-409-132,40.0,40,40,1.0,1,1.0,1,0.0
P001469516-800-010,1498.0,1498,1498,1.0,1,1.0,1,0.0
P001469516-800-011,998.0,998,998,1.0,1,1.0,1,0.0
P001469516-800-012,500.0,500,500,1.0,1,1.0,1,0.0
P001469516-800-013,500.0,500,500,1.0,1,1.0,1,0.0
P001469516-800-020,34.667,28,48,1.0,1,1.0,1,0.333
P001469516-800-021,30.0,30,30,1.0,1,1.0,1,0.0
P001469516-800-030,1498.0,1498,1498,1.0,1,1.0,1,0.0
P001486296-001-005,40.0,40,40,1.0,1,1.0,1,0.0
P001486851-001-001,3.0,3,3,1.0,1,1.0,1,0.0
P001501268-239-001,455.0,5,805,1.667,2,1.667,2,0.899
P001501268-260-001,1899.333,1676,2276,3.333,4,3.333,4,0.173
P001501268-260-002,494.0,324,739,2.333,3,2.333,3,0.44
P001501268-260-003,301.0,119,460,2.0,2,2.0,2,0.57
P001501268-260-004,58.333,55,60,1.0,1,1.0,1,0.049
P001505704-001-002,320.0,320,320,1.0,1,1.0,1,0.0
P001505704-001-003,120.0,120,120,1.0,1,1.0,1,0.0
P001505704-001-004,40.0,40,40,1.0,1,1.0,1,0.0
P001505704-001-005,40.0,40,40,1.0,1,1.0,1,0.0
P001505704-001-006,40.0,40,40,1.0,1,1.0,1,0.0
P001505704-004-004,40.0,40,40,1.0,1,1.0,1,0.0
P001505704-006-002,40.0,40,40,1.0,1,1.0,1,0.0
P001505704-006-004,80.0,80,80,1.0,1,1.0,1,0.0
P001505704-007-004,40.0,40,40,1.0,1,1.0,1,0.0
P001505704-008-004,40.0,40,40,1.0,1,1.0,1,0.0
P001505704-009-002,40.0,40,40,1.0,1,1.0,1,0.0
P001505704-010-002,80.0,80,80,1.0,1,1.0,1,0.0
P001505704-013-002,40.0,40,40,1.0,1,1.0,1,0.0
P001529440-103-001,391.5,320,463,1.0,1,1.0,1,0.258
P001529440-152-001,388.5,341,436,1.0,1,1.0,1,0.173
P001529440-203-001,268.5,221,316,1.0,1,1.0,1,0.25
P001529440-251-001,328.0,289,367,1.0,1,1.0,1,0.168
P001529440-303-001,225.0,184,266,1.0,1,1.0,1,0.258
P001529440-351-001,192.0,152,232,1.0,1,1.0,1,0.295
P001552590-001-010,65.0,65,65,1.0,1,1.0,1,0.0
P001552590-001-020,78.333,75,80,1.0,1,1.0,1,0.037
