PART,EA LEN,EA WID,EA HGT,EA WGT,EA_CUBE_M3,CS QTY,CS_CUBE_M3,CS WGT,PA QTY,PA WGT,PA LEN,PA HGT,PART FAMILY,PART ABCCOD,ASSET TYPE,HAZMAT,cases_per_pallet,units_per_pallet
10000251,35.5,4.0,3.0,0.38,0.0004,,,,100.0,405.0,120.0,110.0,207.0,B,K3,0,,100.0
10000253,55.0,8.5,3.0,0.58,0.0014,10.0,0.0285,5.8,240.0,139.2,120.0,86.0,207.0,C,EURO,0,24.0,240.0
10000258,35.5,8.5,3.0,0.56,0.0009,,,,837.0,493.72,120.0,110.0,207.0,B,K3,0,,837.0
10000259,55.0,8.0,3.0,0.7,0.0013,,,,520.0,364.0,120.0,78.0,207.0,C,EURO,0,,520.0
10000266,1.5,3.0,3.0,0.01,0.0,,,,1000.0,35.0,120.0,110.0,102.0,C,K3,0,,1000.0
10000290,11.0,12.0,3.0,0.11,0.0004,,,,6000.0,685.0,120.0,110.0,205.0,C,K3,0,,6000.0
10000296,5.5,7.7,2.3,0.01,0.0001,,,,1000.0,35.0,120.0,110.0,207.0,C,K1,0,,1000.0
10000340,4.7,4.2,2.0,0.06,0.0,,,,10000.0,625.0,120.0,110.0,205.0,C,K3,0,,10000.0
10000342,4.5,5.0,15.5,0.12,0.0003,,,,1000.0,145.0,120.0,110.0,207.0,C,K3,0,,1000.0
10000344,15.0,5.0,4.0,0.12,0.0003,,,,20.0,999.0,120.0,100.0,207.0,B,K3,0,,20.0
10000381,3.0,5.0,20.5,0.42,0.0003,,,,1000.0,445.0,120.0,110.0,207.0,C,K3,0,,1000.0
10000408,7.5,7.5,7.5,0.24,0.0004,,,,9999.0,999.0,120.0,100.0,207.0,C,K3,0,,9999.0
10000476,3.5,9.5,2.5,0.126,0.0001,,,,1000.0,151.0,120.0,11.0,207.0,A,K3,0,,1000.0
10000903,5.5,3.0,0.05,0.02,0.0,,,,1092.0,2209.0,120.0,110.0,205.0,C,K3,0,,1092.0
10000905,5.4,3.1,0.3,0.02,0.0,,,,3000.0,85.0,120.0,110.0,205.0,C,K1,0,,3000.0
10000959,16.5,5.5,2.8,0.37,0.0003,,,,1945.0,719.65,120.0,56.0,205.0,C,K3,0,,1945.0
10000991,28.0,5.0,3.0,0.67,0.0004,,,,650.0,460.5,120.0,110.0,102.0,C,K3,0,,650.0
10000993,28.4,5.2,3.0,0.67,0.0004,,,,1080.0,723.6,120.0,81.0,205.0,C,K3,0,,1080.0
10001039,20.3,4.6,2.5,0.63,0.0002,,,,500.0,340.0,120.0,110.0,207.0,C,K1,0,,500.0
10001087,9.5,3.3,2.3,0.21,0.0001,,,,1000.0,235.0,120.0,110.0,102.0,C,K3,0,,1000.0
10001093,9.5,3.0,3.0,0.21,0.0001,,,,3428.0,719.88,120.0,33.0,102.0,C,K3,0,,3428.0
10001099,25.5,3.5,3.0,0.32,0.0003,,,,2200.0,729.0,120.0,110.0,207.0,C,K3,0,,2200.0
10001119,25.0,3.0,2.0,0.34,0.0001,,,,3762.0,664.0,120.0,110.0,205.0,C,K3,0,,3762.0
10001128,16.5,3.5,3.0,0.3,0.0002,,,,3388.0,1041.0,120.0,110.0,205.0,C,K3,0,,3388.0
10001129,16.5,3.5,2.0,0.3,0.0001,,,,1000.0,325.0,120.0,110.0,207.0,C,K3,0,,1000.0
10001139,4.5,1.5,0.2,0.01,0.0,,,,1000.0,35.0,120.0,110.0,207.0,C,K3,0,,1000.0
10001185,13.5,4.0,2.5,0.5,0.0001,,,,160.0,1241.0,120.0,95.0,102.0,C,K3,0,,160.0
10001197,25.5,3.5,3.0,0.35,0.0003,,,,20.0,999.0,120.0,100.0,205.0,C,K3,0,,20.0
10001240,3.5,25.5,3.0,0.32,0.0003,,,,1000.0,345.0,120.0,110.0,207.0,B,K3,0,,1000.0
10001278,2.5,3.5,16.5,0.29,0.0001,,,,1000.0,315.0,120.0,110.0,207.0,B,K3,0,,1000.0
10001336,2.0,2.0,2.0,0.1,0.0,,,,4750.0,500.0,120.0,110.0,207.0,C,K3,0,,4750.0
10001379,7.0,4.0,2.0,0.11,0.0001,,,,7990.0,903.0,120.0,110.0,207.0,C,K3,0,,7990.0
10001414,2.0,4.0,0.5,0.02,0.0,,,,1000.0,45.0,120.0,110.0,207.0,B,K3,0,,1000.0
10001578,9.0,4.0,3.0,0.2,0.0001,,,,1000.0,225.0,120.0,110.0,102.0,C,K3,0,,1000.0
10001579,3.5,9.0,3.0,0.19,0.0001,,,,1000.0,215.0,12.0,110.0,102.0,B,K3,0,,1000.0
10001581,3.0,3.5,9.5,0.18,0.0001,,,,1000.0,205.0,120.0,110.0,102.0,C,K3,0,,1000.0
10001584,9.3,3.3,2.5,0.19,0.0001,,,,1000.0,215.0,120.0,110.0,102.0,C,K3,0,,1000.0
10001585,9.5,3.5,3.0,0.2,0.0001,,,,1000.0,225.0,120.0,110.0,102.0,C,K3,0,,1000.0
10001586,25.5,3.5,3.0,0.29,0.0003,,,,9999.0,999.0,120.0,100.0,102.0,C,K3,0,,9999.0
10001593,25.5,3.5,3.0,0.3,0.0003,,,,1000.0,325.0,120.0,110.0,207.0,A,K3,0,,1000.0
10001595,25.5,3.5,2.5,0.29,0.0002,,,,1000.0,315.0,120.0,110.0,207.0,B,K3,0,,1000.0
10001608,5.0,2.5,1.5,0.5,0.0,,,,100.0,75.0,120.0,110.0,205.0,C,K3,0,,100.0
10001609,13.5,4.0,4.0,0.23,0.0002,,,,1000.0,255.0,120.0,110.0,207.0,B,K3,0,,1000.0
10001611,3.5,25.0,3.0,0.3,0.0003,,,,1000.0,325.0,120.0,110.0,102.0,C,K3,0,,1000.0
10001612,25.5,3.5,2.7,0.3,0.0002,,,,1200.0,385.0,120.0,170.0,207.0,C,K3,0,,1200.0
10001764,3.5,9.0,3.0,0.19,0.0001,,,,1000.0,215.0,120.0,110.0,205.0,C,K3,0,,1000.0
10001765,3.5,9.0,3.0,0.19,0.0001,,,,1000.0,215.0,120.0,110.0,102.0,B,K3,0,,1000.0
10001768,26.0,4.0,3.0,0.3,0.0003,,,,1000.0,325.0,120.0,110.0,207.0,A,K3,0,,1000.0
10001776,3.0,4.0,13.5,0.23,0.0002,,,,1000.0,255.0,120.0,110.0,207.0,C,K3,0,,1000.0
10001786,3.0,3.5,25.0,0.3,0.0003,,,,1000.0,325.0,120.0,110.0,207.0,C,K3,0,,1000.0
10001787,25.5,3.5,2.5,0.29,0.0002,,,,1000.0,315.0,120.0,110.0,207.0,C,K3,0,,1000.0
10001788,1.0,1.0,1.0,0.01,0.0,,,,9999.0,9999.0,9999.0,9999.0,207.0,A,K3,0,,9999.0
10001789,25.5,3.5,2.5,0.293,0.0002,,,,1000.0,325.0,120.0,110.0,102.0,B,K3,0,,1000.0
10001790,3.0,3.5,25.0,0.29,0.0003,,,,1000.0,315.0,120.0,110.0,207.0,B,K3,0,,1000.0
10001821,3.0,4.0,13.5,0.23,0.0002,,,,1000.0,255.0,120.0,110.0,207.0,A,K3,0,,1000.0
10001822,13.5,4.0,2.7,0.22,0.0001,,,,9999.0,999.0,120.0,100.0,207.0,B,K3,0,,9999.0
10001823,13.5,4.0,3.2,0.23,0.0002,,,,1000.0,255.0,120.0,110.0,207.0,A,K3,0,,1000.0
10001853,15.0,6.5,10.0,2.14,0.001,,,,338.0,727.0,120.0,95.6,205.0,C,EURO,0,,338.0
10001922,35.5,4.3,2.8,0.36,0.0004,,,,1000.0,385.0,120.0,110.0,207.0,C,K3,0,,1000.0
10002130,1.0,1.0,1.0,0.01,0.0,,,,1000.0,35.0,120.0,110.0,207.0,A,K3,0,,1000.0
10002384,6.0,4.0,4.0,0.1,0.0001,,,,1000.0,125.0,120.0,110.0,207.0,C,K3,0,,1000.0
10002673,32.5,7.0,4.0,0.897,0.0009,,,,500.0,425.0,120.0,110.0,207.0,B,K3,0,,500.0
10002674,12.5,28.7,2.8,0.089,0.001,,,,1000.0,100.0,120.0,110.0,207.0,B,K3,0,,1000.0
10002675,28.5,12.5,3.0,0.93,0.0011,,,,792.0,761.56,120.0,100.0,207.0,A,K3,0,,792.0
10002676,29.5,13.5,4.0,0.96,0.0016,,,,20.0,44.2,120.0,110.0,207.0,B,K3,0,,20.0
10002678,36.0,3.5,3.0,0.54,0.0004,,,,20.0,35.8,120.0,110.0,207.0,B,K3,0,,20.0
10002720,3.5,9.5,2.5,0.19,0.0001,,,,1000.0,215.0,120.0,110.0,102.0,C,K3,0,,1000.0
10002733,25.0,3.5,2.5,0.3,0.0002,,,,1760.0,553.0,120.0,110.0,207.0,C,K3,0,,1760.0
10002736,3.0,4.0,13.5,0.23,0.0002,,,,1000.0,255.0,120.0,110.0,207.0,C,K3,0,,1000.0
10002738,25.0,3.5,2.5,0.3,0.0002,,,,500.0,175.0,120.0,110.0,207.0,C,K3,0,,500.0
10002745,14.0,4.0,3.0,0.25,0.0002,,,,1000.0,275.0,120.0,110.0,207.0,A,K3,0,,1000.0
10003132,27.5,11.0,8.0,1.53,0.0024,,,,100.0,175.0,120.0,110.0,102.0,C,K3,0,,100.0
10003138,1.0,1.0,1.0,0.01,0.0,,,,1000.0,35.0,120.0,110.0,102.0,C,K3,0,,1000.0
10003240,20.0,5.0,3.0,0.4,0.0003,,,,500.0,225.0,120.0,110.0,207.0,C,K3,0,,500.0
10003241,20.0,4.5,3.0,0.42,0.0003,,,,9999.0,999.0,120.0,100.0,207.0,C,K3,0,,9999.0
10003243,20.0,4.5,2.5,0.42,0.0002,,,,9999.0,999.0,120.0,100.0,205.0,C,K3,0,,9999.0
10003303,18.0,10.0,4.0,0.85,0.0007,,,,550.0,492.5,120.0,90.0,207.0,B,K3,0,,550.0
10003310,17.5,10.0,4.0,0.9,0.0007,,,,966.0,894.0,120.0,110.0,207.0,C,K3,0,,966.0
10003311,18.5,12.0,3.0,0.4,0.0007,,,,1008.0,403.2,120.0,84.0,205.0,C,K3,0,,1008.0
10003321,25.5,5.3,4.0,0.42,0.0005,,,,1200.0,504.0,120.0,80.0,102.0,C,K3,0,,1200.0
10003328,25.5,5.0,4.0,0.41,0.0005,,,,1756.0,720.0,120.0,76.0,102.0,C,K3,0,,1756.0
10003359,28.0,12.0,3.0,0.4,0.001,,,,100.0,65.0,120.0,110.0,207.0,C,K3,0,,100.0
10003360,28.0,5.0,3.0,0.7,0.0004,,,,20.0,39.0,120.0,110.0,207.0,B,K3,0,,20.0
10003362,28.0,5.0,3.0,0.7,0.0004,,,,20.0,39.0,120.0,110.0,207.0,B,K3,0,,20.0
10003372,20.0,5.0,2.5,0.65,0.0002,,,,20.0,999.0,120.0,100.0,207.0,B,K3,0,,20.0
10003375,20.0,4.5,3.0,0.65,0.0003,,,,20.0,38.0,120.0,110.0,207.0,B,K3,0,,20.0
10003378,16.0,6.0,3.0,0.56,0.0003,,,,,,,,102.0,C,K3,0,,
10003379,16.3,5.5,2.7,0.56,0.0002,,,,500.0,305.0,120.0,110.0,102.0,C,K3,0,,500.0
10003380,3.0,5.5,16.5,0.57,0.0003,,,,1000.0,595.0,120.0,110.0,102.0,C,K1,0,,1000.0
10003394,28.0,5.0,3.0,0.7,0.0004,,,,20.0,999.0,120.0,100.0,207.0,C,K3,0,,20.0
10003395,28.0,5.5,3.0,0.69,0.0005,,,,9999.0,999.0,120.0,100.0,207.0,C,K3,0,,9999.0
10003396,28.0,5.0,2.8,0.68,0.0004,,,,500.0,365.0,120.0,110.0,207.0,C,K3,0,,500.0
10003397,3.0,5.0,28.0,0.69,0.0004,,,,9999.0,9999.0,9999.0,9999.0,207.0,B,K3,0,,9999.0
10003409,3.0,4.5,20.0,0.65,0.0003,,,,9999.0,9999.0,9999.0,9999.0,207.0,B,K3,0,,9999.0
10003411,20.0,5.0,2.5,0.65,0.0002,,,,700.0,487.0,120.0,110.0,207.0,C,K3,0,,700.0
10003413,16.2,5.6,2.6,0.57,0.0002,,,,1000.0,595.0,120.0,110.0,102.0,C,K3,0,,1000.0
10003417,16.5,3.5,3.0,0.269,0.0002,,,,2000.0,545.0,120.0,110.0,207.0,B,K3,0,,2000.0
10003418,16.0,3.5,2.5,0.26,0.0001,,,,3080.0,825.0,120.0,110.0,207.0,B,K3,0,,3080.0
10003419,13.5,4.0,2.5,0.26,0.0001,,,,9999.0,9999.0,9999.0,9999.0,207.0,C,K3,0,,9999.0
10003420,21.0,5.0,3.0,0.3,0.0003,,,,9999.0,9999.0,9999.0,9999.0,207.0,C,K3,0,,9999.0
10003422,6.5,2.0,1.0,0.02,0.0,,,,45000.0,925.0,120.0,110.0,102.0,C,K1,0,,45000.0
10003427,9.5,3.5,2.5,0.22,0.0001,,,,3000.0,685.0,120.0,110.0,102.0,C,K3,0,,3000.0
10003430,3.5,25.0,2.5,0.33,0.0002,,,,9999.0,9999.0,9999.0,9999.0,207.0,C,K3,0,,9999.0
10003431,25.5,3.5,3.0,0.33,0.0003,,,,9999.0,999.0,120.0,100.0,207.0,C,K3,0,,9999.0
10003455,3.5,25.0,2.5,0.34,0.0002,,,,1000.0,365.0,120.0,110.0,207.0,C,K3,0,,1000.0
10003496,16.4,3.4,2.7,0.34,0.0002,,,,2000.0,705.0,120.0,110.0,207.0,C,K3,0,,2000.0
10003543,3.0,3.5,25.5,0.33,0.0003,,,,9999.0,9999.0,9999.0,9999.0,207.0,C,K3,0,,9999.0
10003545,3.5,25.0,2.5,0.33,0.0002,,,,1000.0,355.0,120.0,110.0,207.0,C,K3,0,,1000.0
10003561,16.5,3.5,2.5,0.31,0.0001,,,,2250.0,722.0,120.0,110.0,205.0,C,K3,0,,2250.0
10003575,3.0,25.0,2.5,0.33,0.0002,,,,1000.0,355.0,120.0,110.0,207.0,C,K3,0,,1000.0
10003640,21.4,6.0,3.8,0.87,0.0005,,,,545.0,500.0,120.0,110.0,205.0,C,K3,0,,545.0
10003644,22.0,6.0,4.0,0.95,0.0005,,,,400.0,405.0,120.0,110.0,207.0,C,K3,0,,400.0
10003655,3.0,3.5,9.5,0.19,0.0001,,,,9999.0,9999.0,9999.0,9999.0,102.0,B,K3,0,,9999.0
10003657,3.5,9.5,2.5,0.19,0.0001,,,,1000.0,215.0,120.0,110.0,102.0,B,K3,0,,1000.0
10003659,9.5,3.5,2.5,0.2,0.0001,,,,2375.0,500.0,120.0,50.0,102.0,B,K3,0,,2375.0
10003660,9.0,3.5,3.0,0.2,0.0001,,,,20.0,29.0,120.0,110.0,102.0,C,K3,0,,20.0
10003663,26.0,4.0,3.0,0.3,0.0003,,,,9999.0,9999.0,9999.0,9999.0,207.0,A,K3,0,,9999.0
10003665,25.5,3.5,2.5,0.29,0.0002,,,,9999.0,9999.0,9999.0,9999.0,207.0,A,K3,0,,9999.0
10003671,25.0,3.5,2.5,0.3,0.0002,,,,20.0,999.0,120.0,100.0,207.0,C,K3,0,,20.0
10003679,13.5,4.0,2.7,0.23,0.0001,,,,9999.0,300.0,120.0,100.0,207.0,C,K3,0,,9999.0
10003680,13.5,4.0,2.5,0.23,0.0001,,,,9999.0,9999.0,9999.0,9999.0,207.0,C,K3,0,,9999.0
10003684,26.0,3.0,4.0,0.3,0.0003,,,,9999.0,9999.0,9999.0,9999.0,102.0,A,K3,0,,9999.0
10003685,3.5,25.0,2.5,0.3,0.0002,,,,9999.0,9999.0,9999.0,9999.0,102.0,B,K3,0,,9999.0
10003692,16.5,3.5,2.5,0.27,0.0001,,,,20.0,0.27,120.0,110.0,102.0,C,K3,0,,20.0
10003693,16.0,3.3,3.0,0.29,0.0002,,,,9999.0,9999.0,9999.0,9999.0,102.0,C,K3,0,,9999.0
10003697,25.5,3.5,2.5,0.298,0.0002,,,,9999.0,9999.0,9999.0,9999.0,207.0,B,K3,0,,9999.0
10003698,4.0,22.0,38.0,0.29,0.0033,,,,3344.0,994.0,120.0,110.0,207.0,A,K3,0,,3344.0
10003715,1.0,1.0,1.0,0.01,0.0,,,,10000.0,125.0,120.0,110.0,207.0,B,K3,0,,10000.0
10003716,13.5,4.0,2.5,0.23,0.0001,,,,2000.0,485.0,120.0,110.0,207.0,A,K3,0,,2000.0
10003721,2.8,3.5,25.0,0.31,0.0002,,,,9999.0,9999.0,9999.0,9999.0,207.0,C,K3,0,,9999.0
10003722,3.5,25.0,2.5,0.3,0.0002,,,,9999.0,9999.0,9999.0,9999.0,207.0,B,K3,0,,9999.0
10003725,2.7,3.5,16.5,0.27,0.0002,,,,9999.0,9999.0,9999.0,9999.0,207.0,C,K3,0,,9999.0
10004490,13.5,4.0,3.0,0.32,0.0002,50.0,0.0149,16.2,1450.0,494.8,120.0,100.0,207.0,A,K3,0,29.0,1450.0
10004491,23.0,4.0,3.0,0.3,0.0003,,,,1500.0,475.0,120.0,110.0,207.0,A,K3,0,,1500.0
10004601,1.0,1.0,1.0,0.01,0.0,,,,1000.0,125.0,120.0,110.0,207.0,C,K3,0,,1000.0
10004608,39.0,34.0,12.0,3.06,0.0159,10.0,0.0935,15.3,80.0,127.0,120.0,95.6,207.0,B,EURO,1,8.0,80.0
10004626,34.0,12.0,10.0,0.5,0.0041,,,,100.0,52.0,120.0,95.6,205.0,C,EURO,1,,100.0
10004643,39.0,34.0,12.0,3.1,0.0159,,,,90.0,281.0,120.0,135.6,207.0,B,EURO,1,,90.0
10004646,39.0,34.0,12.0,3.05,0.0159,,,,20.0,63.0,120.0,95.6,207.0,C,EURO,1,,20.0
10004648,40.0,30.0,10.0,2.0,0.012,1.0,0.012,2.0,36.0,64.0,120.0,105.6,205.0,C,EURO,1,36.0,36.0
10004652,40.0,34.0,12.0,3.0,0.0163,,,,72.0,208.0,120.0,135.6,205.0,C,EURO,1,,72.0
10004895,22.0,11.0,8.0,1.17,0.0019,160.0,0.0439,12.87,3200.0,413.84,120.0,95.6,207.0,C,EURO,0,20.0,3200.0
10004949,22.0,15.0,8.5,1.53,0.0028,,,,100.0,178.0,120.0,110.0,205.0,C,K3,0,,100.0
10005087,20.0,8.0,8.0,2.4,0.0013,,,,9999.0,9999.0,9999.0,9999.0,207.0,C,K3,0,,9999.0
10005172,279.0,7.5,7.5,4.67,0.0157,,,,101.0,446.67,280.0,105.6,207.0,C,CONS,0,,101.0
10005292,10.0,4.0,3.0,0.15,0.0001,,,,1000.0,152.0,120.0,95.6,207.0,C,EURO,0,,1000.0
10005293,7.0,4.0,3.0,0.16,0.0001,,,,10540.0,868.0,120.0,110.0,207.0,C,K3,0,,10540.0
10006010,9.0,6.0,3.5,0.28,0.0002,,,,2280.0,663.0,120.0,110.0,207.0,C,K3,0,,2280.0
10010280,22.0,5.0,4.0,0.7,0.0004,21.0,0.0144,14.7,567.0,422.0,120.0,80.0,102.0,A,K3,0,27.0,567.0
10010281,21.5,5.0,4.0,0.7,0.0004,7.0,0.007,4.9,420.0,319.0,120.0,110.0,201.0,C,K3,0,60.0,420.0
10010282,21.5,5.5,4.0,0.7,0.0005,21.0,0.0142,14.7,630.0,466.0,120.0,110.0,102.0,B,K3,0,30.0,630.0
10010293,20.0,2.0,1.5,0.14,0.0001,,,,9999.0,9999.0,9999.0,9999.0,102.0,B,K3,0,,9999.0
10010295,21.0,5.0,4.0,0.7,0.0004,21.0,0.0144,14.7,567.0,421.0,120.0,80.0,102.0,A,K3,0,27.0,567.0
10010300,27.5,11.5,5.5,1.06,0.0017,,,,9999.0,999.0,120.0,100.0,205.0,C,K3,0,,9999.0
10010366,22.0,5.0,4.0,0.7,0.0004,21.0,0.0141,14.7,420.0,319.0,120.0,110.0,102.0,C,K3,0,20.0,420.0
10010453,1.0,1.0,1.0,0.01,0.0,,,,9999.0,9999.0,9999.0,9999.0,207.0,C,K3,0,,9999.0
10010549,5.5,16.0,3.0,0.2,0.0003,,,,1000.0,225.0,120.0,110.0,207.0,B,K3,0,,1000.0
10010629,12.0,1.0,1.0,0.06,0.0,,,,12000.0,720.0,120.0,15.0,207.0,C,K3,0,,12000.0
10010637,23.0,2.0,0.5,0.089,0.0,,,,9999.0,9999.0,9999.0,9999.0,102.0,A,K3,0,,9999.0
10010963,5.0,3.0,28.0,0.14,0.0004,,,,9999.0,9999.0,9999.0,9999.0,102.0,B,K3,0,,9999.0
10010982,19.0,17.0,2.0,0.1,0.0006,,,,9999.0,9999.0,9999.0,9999.0,102.0,A,K3,0,,9999.0
10011550,16.5,5.5,3.0,0.66,0.0003,1.0,0.0003,0.66,9999.0,0.66,16.5,3.0,102.0,C,K3,0,9999.0,9999.0
10011552,3.0,5.5,16.5,0.66,0.0003,,,,9999.0,9999.0,9999.0,9999.0,102.0,C,K3,0,,9999.0
10011647,1.0,1.0,1.0,0.01,0.0,,,,9999.0,9999.0,9999.0,9999.0,207.0,C,K3,0,,9999.0
10012116,119.0,11.0,9.0,3.01,0.0118,,,,70.0,212.0,120.0,95.6,205.0,C,EURO,0,,70.0
10013722,9.0,8.5,4.5,0.2,0.0003,,,,9999.0,9999.0,9999.0,9999.0,207.0,B,K3,0,,9999.0
10013724,10.0,10.0,6.0,0.34,0.0006,,,,1397.0,500.0,120.0,110.0,205.0,C,K3,0,,1397.0
10013725,11.0,11.0,3.0,0.3,0.0004,50.0,0.0376,15.0,1500.0,452.0,120.0,115.6,207.0,A,EURO,0,30.0,1500.0
10013726,12.0,12.0,4.0,0.5,0.0006,40.0,0.0384,20.0,1440.0,712.0,120.0,135.6,207.0,A,EURO,0,36.0,1440.0
10013728,32.5,2.5,2.3,0.3,0.0002,50.0,0.0229,15.0,2400.0,477.0,120.0,135.6,207.0,A,EURO,0,48.0,2400.0
10013729,54.5,2.5,2.0,0.51,0.0003,25.0,0.0163,12.75,500.0,257.0,120.0,95.6,207.0,A,EURO,0,20.0,500.0
10013731,17.0,2.0,1.0,0.05,0.0,,,,1000.0,75.0,120.0,110.0,207.0,C,K1,0,,1000.0
10013732,27.0,4.0,0.2,0.22,0.0,,,,3295.0,750.0,120.0,110.0,207.0,A,K3,0,,3295.0
10013733,26.0,3.5,0.9,0.08,0.0001,,,,9240.0,764.0,120.0,110.0,205.0,C,K3,0,,9240.0
10013735,1.0,1.0,1.0,0.01,0.0,,,,9999.0,9999.0,9999.0,9999.0,207.0,A,K3,0,,9999.0
10013738,23.0,6.0,0.5,0.27,0.0001,,,,1700.0,484.0,120.0,100.0,207.0,B,K3,0,,1700.0
10013739,19.0,11.0,4.5,0.36,0.0009,24.0,0.0374,8.64,288.0,130.0,120.0,110.0,207.0,A,K3,0,12.0,288.0
10013742,23.0,7.0,8.0,0.615,0.0013,,,,9999.0,9999.0,9999.0,9999.0,207.0,A,K3,0,,9999.0
10013743,7.0,23.0,8.0,0.6,0.0013,,,,918.0,542.0,120.0,135.6,102.0,A,EURO,0,,918.0
10013745,14.5,10.5,8.5,1.51,0.0013,,,,300.0,457.0,120.0,65.6,207.0,C,EURO,0,,300.0
10013754,32.5,7.0,4.0,0.9,0.0009,12.0,0.0159,10.8,9999.0,9999.0,120.0,110.0,207.0,B,K3,0,833.25,9999.0
10013755,32.5,6.5,4.0,0.877,0.0008,,,,541.0,500.0,120.0,110.0,207.0,A,K3,0,,541.0
10013756,32.5,6.4,4.0,1.0,0.0008,,,,9999.0,9999.0,9999.0,9999.0,207.0,B,K3,0,,9999.0
10013757,32.0,7.0,3.4,1.05,0.0008,,,,9999.0,9999.0,9999.0,9999.0,207.0,B,K3,0,,9999.0
10013758,32.0,7.0,3.0,0.89,0.0007,,,,825.0,759.0,120.0,110.0,205.0,C,K3,0,,825.0
10013767,28.5,12.5,3.0,0.94,0.0011,,,,480.0,476.2,120.0,90.0,207.0,A,K3,0,,480.0
10013769,29.0,13.0,3.0,0.98,0.0011,20.0,0.0256,19.6,460.0,475.8,120.0,100.0,207.0,A,EURO,0,23.0,460.0
10013770,3.0,12.5,28.5,0.96,0.0011,,,,9999.0,9999.0,9999.0,9999.0,207.0,B,K3,0,,9999.0
10013771,3.0,12.5,29.0,0.96,0.0011,,,,9999.0,9999.0,9999.0,9999.0,207.0,C,K3,0,,9999.0
10013772,28.5,12.5,3.0,1.01,0.0011,20.0,0.0273,20.2,400.0,429.0,120.0,110.0,207.0,A,EURO,0,20.0,400.0
10013774,3.0,12.5,29.0,0.99,0.0011,,,,9999.0,9999.0,9999.0,9999.0,207.0,B,K3,0,,9999.0
10013775,25.5,15.5,3.0,1.15,0.0012,1.0,0.0012,1.15,9999.0,1.15,25.5,3.0,207.0,C,K3,0,9999.0,9999.0
10013778,28.5,12.5,5.5,0.96,0.002,,,,408.0,416.0,120.0,110.0,205.0,C,K3,0,,408.0
10013779,28.0,12.0,3.0,1.01,0.001,,,,372.0,400.0,210.0,110.0,205.0,C,K3,0,,372.0
10013785,33.0,7.0,4.0,1.6,0.0009,,,,100.0,185.0,120.0,110.0,205.0,C,K3,0,,100.0
10013794,28.5,12.5,5.5,0.94,0.002,,,,408.0,408.0,120.0,110.0,207.0,C,K3,0,,408.0
10013795,28.5,12.5,3.0,0.98,0.0011,,,,9999.0,9999.0,9999.0,9999.0,207.0,C,K3,0,,9999.0
10013796,29.0,13.0,3.0,1.0,0.0011,,,,9999.0,9999.0,9999.0,9999.0,207.0,C,K3,0,,9999.0
10013814,11.5,35.5,9.0,1.38,0.0037,,,,9999.0,9999.0,9999.0,9999.0,207.0,B,K3,0,,9999.0
10013815,11.5,8.5,35.5,1.44,0.0035,,,,360.0,510.0,120.0,135.6,207.0,A,EURO,0,,360.0
10013816,7.0,32.5,4.0,1.0,0.0009,,,,9999.0,9999.0,9999.0,9999.0,207.0,B,K3,0,,9999.0
10013817,35.5,11.5,8.5,1.5,0.0035,,,,9999.0,9999.0,9999.0,9999.0,207.0,C,K3,0,,9999.0
10013818,11.5,35.5,9.0,1.56,0.0037,,,,200.0,337.0,120.0,110.0,207.0,C,K3,0,,200.0
10013820,35.0,12.0,9.0,1.44,0.0038,,,,180.0,261.0,120.0,95.6,205.0,C,EURO,0,,180.0
10013840,32.5,7.0,4.0,0.95,0.0009,,,,500.0,500.0,120.0,110.0,207.0,A,K3,0,,500.0
10013841,32.0,7.0,4.0,1.0,0.0009,13.0,0.0157,13.0,260.0,285.0,120.0,110.0,207.0,A,K3,0,20.0,260.0
10013842,32.0,6.5,3.5,1.05,0.0007,,,,452.0,500.0,120.0,110.0,207.0,B,K3,0,,452.0
10013843,32.0,6.5,3.5,1.09,0.0007,,,,9999.0,9999.0,9999.0,9999.0,207.0,A,K3,0,,9999.0
10013844,32.0,7.0,4.0,0.92,0.0009,6.0,0.0109,5.52,400.0,393.0,120.0,110.0,207.0,C,K3,0,66.6667,400.0
10013845,32.5,6.5,4.0,1.02,0.0008,,,,465.0,499.3,120.0,110.0,207.0,A,K3,0,,465.0
10013846,32.2,6.5,3.8,1.05,0.0008,,,,9999.0,9999.0,9999.0,9999.0,207.0,C,K3,0,,9999.0
10013847,32.5,6.5,4.0,1.08,0.0008,,,,9999.0,9999.0,9999.0,9999.0,207.0,B,K3,0,,9999.0
10013848,32.0,6.5,4.0,0.935,0.0008,,,,100.0,120.0,120.0,110.0,207.0,C,K3,0,,100.0
10013849,32.0,6.5,4.0,1.0,0.0008,,,,200.0,225.0,120.0,110.0,207.0,C,K3,0,,200.0
10013856,25.0,15.0,14.0,1.5,0.0052,,,,120.0,180.0,120.0,84.0,207.0,B,EURO,0,,120.0
10013858,14.0,25.0,13.0,1.5,0.0046,8.0,0.047,12.0,192.0,280.0,120.0,95.6,207.0,A,EURO,0,24.0,192.0
10013861,28.5,12.5,3.0,1.04,0.0011,,,,300.0,337.0,120.0,110.0,207.0,C,K3,0,,300.0
10013862,25.0,14.0,13.5,1.6,0.0047,8.0,0.0452,12.8,144.0,230.4,120.0,90.0,207.0,B,EURO,0,18.0,144.0
10013878,25.5,15.5,3.0,1.36,0.0012,,,,500.0,750.0,120.0,110.0,207.0,C,K3,0,,500.0
10013879,28.5,12.0,3.0,1.03,0.001,14.0,0.0302,14.42,224.0,255.0,120.0,95.0,102.0,A,EURO,0,16.0,224.0
10013881,28.5,12.5,2.5,1.0,0.0009,20.0,0.0261,20.0,440.0,442.0,120.0,95.6,102.0,A,EURO,0,22.0,440.0
10013885,28.5,12.5,3.0,1.08,0.0011,7.0,0.0256,7.0,4200.0,750.0,120.0,150.0,207.0,A,EURO,0,600.0,4200.0
10013887,29.0,10.5,2.5,1.19,0.0008,1.0,0.0011,1.2,9999.0,1.2,28.5,3.0,207.0,C,K3,0,9999.0,9999.0
10013888,27.0,14.0,3.0,1.36,0.0011,,,,500.0,705.0,120.0,110.0,205.0,C,K3,0,,500.0
10013889,12.5,8.5,2.5,1.01,0.0003,,,,712.0,719.12,120.0,23.0,207.0,B,K3,0,,712.0
10013890,29.0,12.0,3.0,2.0,0.001,,,,360.0,720.0,120.0,45.0,205.0,C,EURO,0,,360.0
10013891,29.0,13.0,3.0,2.0,0.0011,,,,360.0,720.0,120.0,45.0,205.0,C,K3,0,,360.0
10013892,29.0,12.5,3.0,1.05,0.0011,10.0,0.0258,10.7,160.0,177.0,120.0,75.6,102.0,A,EURO,0,16.0,160.0
10013898,29.0,13.0,3.0,1.05,0.0011,,,,744.0,806.0,120.0,110.0,207.0,B,K3,0,,744.0
10013900,29.0,12.0,3.0,0.5,0.001,,,,200.0,125.0,120.0,110.0,205.0,C,K3,0,,200.0
10013903,28.5,12.5,2.5,1.05,0.0009,,,,460.0,500.0,120.0,110.0,207.0,C,K3,0,,460.0
10013910,3.0,12.5,28.0,1.05,0.001,,,,420.0,466.0,120.0,110.0,207.0,C,K3,0,,420.0
10013934,24.0,13.0,5.3,1.47,0.0017,,,,840.0,1249.0,120.0,150.0,207.0,C,K3,0,,840.0
10013960,23.0,17.0,0.2,0.02,0.0001,100.0,0.0195,2.3,9500.0,405.0,120.0,110.0,207.0,B,K3,0,95.0,9500.0
10014068,44.0,8.0,8.0,4.0,0.0028,5.0,0.0319,20.2,60.0,242.4,120.0,75.0,207.0,C,EURO,0,12.0,60.0
10014069,44.0,7.5,7.5,4.1,0.0025,100.0,0.4146,410.0,100.0,410.0,120.0,71.0,207.0,A,EURO,0,1.0,100.0
10014181,25.0,3.0,1.0,0.1,0.0001,,,,9999.0,9999.0,9999.0,9999.0,102.0,B,K3,0,,9999.0
10014191,26.0,3.0,3.0,1.0,0.0002,,,,9999.0,9999.0,9999.0,9999.0,102.0,C,K3,0,,9999.0
10014213,25.0,4.0,1.0,0.1,0.0001,,,,1000.0,125.0,120.0,110.0,102.0,C,K3,0,,1000.0
10014215,0.3,2.5,28.0,0.11,0.0,,,,9999.0,9999.0,9999.0,9999.0,102.0,C,K3,0,,9999.0
10014228,2.5,28.0,0.5,0.11,0.0,,,,100.0,135.0,120.0,110.0,102.0,C,K3,0,,100.0
10014236,25.0,2.5,0.1,0.07,0.0,,,,1000.0,95.0,120.0,110.0,102.0,C,K3,0,,1000.0
10014237,22.0,28.5,0.07,0.11,0.0,,,,100.0,135.0,120.0,110.0,102.0,C,K3,0,,100.0
10014242,25.0,2.5,2.0,0.933,0.0001,,,,9999.0,9999.0,9999.0,9999.0,102.0,A,K3,0,,9999.0
10014245,8.5,3.0,0.5,0.12,0.0,,,,7644.0,942.0,120.0,110.0,102.0,C,K3,0,,7644.0
10014246,28.5,2.5,0.5,0.12,0.0,,,,4000.0,500.0,120.0,110.0,102.0,C,K3,0,,4000.0
10014247,26.0,3.5,0.5,0.1,0.0,,,,20.0,27.0,120.0,110.0,205.0,C,K3,0,,20.0
10014248,24.5,2.6,0.04,0.09,0.0,,,,5277.0,500.0,120.0,110.0,102.0,C,K3,0,,5277.0
10014249,26.0,3.0,0.5,0.1,0.0,,,,1000.0,125.0,120.0,110.0,207.0,B,K3,0,,1000.0
10014897,19.0,5.5,0.8,0.07,0.0001,100.0,0.0031,3.0,64800.0,2607.0,120.0,150.0,102.0,C,K2,0,648.0,64800.0
10014902,15.5,3.0,0.5,0.06,0.0,1.0,0.0,0.06,7904.0,499.0,120.0,110.0,102.0,C,K2,0,7904.0,7904.0
10014908,21.0,4.5,2.5,0.86,0.0002,,,,9999.0,9999.0,9999.0,9999.0,102.0,C,K2,0,,9999.0
10014917,0.03,2.5,13.0,0.05,0.0,,,,9999.0,9999.0,9999.0,9999.0,207.0,C,K3,0,,9999.0
10015341,27.0,4.5,3.2,1.29,0.0004,,,,9999.0,9999.0,9999.0,9999.0,102.0,C,K3,0,,9999.0
10015344,1.0,4.5,25.0,0.13,0.0001,,,,9999.0,9999.0,9999.0,9999.0,102.0,C,K3,0,,9999.0
10015348,6.0,2.0,2.0,0.01,0.0,,,,20000.0,223.0,120.0,110.0,207.0,C,K3,0,,20000.0
10015403,29.5,15.0,8.5,2.72,0.0038,10.0,0.0476,27.0,80.0,216.0,120.0,64.0,203.0,C,EURO,0,8.0,80.0
10015404,15.5,9.0,30.0,2.71,0.0042,6.0,0.0333,17.04,180.0,512.8,120.0,110.0,203.0,C,K3,0,30.0,180.0
10015448,15.0,30.0,8.0,4.8,0.0036,4.0,0.0194,20.0,168.0,821.0,120.0,150.0,203.0,C,K3,0,42.0,168.0
10015451,30.0,15.0,8.5,4.9,0.0038,6.0,0.0038,4.9,600.0,477.0,120.0,65.6,205.0,C,EURO,0,100.0,600.0
10015456,52.0,17.0,9.0,7.46,0.008,,,,72.0,537.12,120.0,81.0,203.0,C,EURO,0,,72.0
10015458,17.5,17.0,8.5,7.5,0.0025,3.0,0.0277,22.85,48.0,365.6,120.0,72.0,203.0,C,EURO,0,16.0,48.0
10015478,21.0,9.0,6.5,0.62,0.0012,,,,675.0,443.0,120.0,110.0,205.0,C,K3,0,,675.0
10016777,108.0,25.0,10.0,3.6,0.027,,,,81.0,283.0,20.0,85.6,207.0,C,EURO,0,,81.0
10016783,108.0,24.5,10.0,3.62,0.0265,,,,27.0,97.74,120.0,90.0,207.0,C,EURO,0,,27.0
10017343,7.0,2.0,1.9,0.06,0.0,,,,7800.0,493.0,120.0,90.0,207.0,A,K3,0,,7800.0
10017344,10.0,1.5,1.0,0.08,0.0,,,,5900.0,500.0,120.0,110.0,207.0,A,K3,0,,5900.0
10017451,36.0,17.0,7.5,1.56,0.0046,,,,156.0,245.0,120.0,95.6,205.0,C,EURO,0,,156.0
10017496,20.0,9.0,6.0,1.0,0.0011,,,,672.0,697.0,120.0,110.0,203.0,C,K3,0,,672.0
10017497,34.0,24.0,5.0,2.74,0.0041,,,,176.0,507.0,120.0,80.0,205.0,C,K3,0,,176.0
10018317,1.0,1.0,1.0,0.01,0.0,,,,9999.0,9999.0,9999.0,9999.0,207.0,C,K3,0,,9999.0
10018743,11.5,3.5,3.5,0.05,0.0001,5.0,0.0016,0.25,560.0,50.0,120.0,80.0,207.0,C,K3,0,112.0,560.0
10018744,19.0,6.5,6.5,0.35,0.0008,,,,20.0,32.0,120.0,110.0,207.0,C,EURO,0,,20.0
10018964,3.5,9.5,2.5,0.13,0.0001,,,,9999.0,9999.0,9999.0,9999.0,207.0,A,K3,0,,9999.0
10019077,26.0,14.0,7.0,1.05,0.0025,,,,450.0,497.0,120.0,110.0,102.0,C,K3,0,,450.0
10019239,25.0,14.5,13.5,1.68,0.0049,,,,400.0,700.0,120.0,110.0,207.0,C,K3,0,,400.0
10019346,24.5,12.0,2.5,0.78,0.0007,15.0,0.016,15.0,480.0,500.0,120.0,110.0,207.0,C,K3,0,32.0,480.0
10019642,25.7,3.5,2.8,0.29,0.0003,,,,1760.0,535.4,120.0,70.0,205.0,C,K3,0,,1760.0
10019762,49.0,13.4,4.4,3.9,0.0029,,,,180.0,702.0,120.0,79.2,207.0,C,EURO,0,,180.0
10019763,49.0,13.5,4.5,1.84,0.003,,,,210.0,386.4,120.0,95.0,207.0,C,EURO,0,,210.0
10019766,49.0,13.5,4.0,1.76,0.0026,,,,400.0,704.0,120.0,80.0,207.0,B,EURO,0,,400.0
10019767,25.0,3.5,2.5,0.2,0.0002,,,,2816.0,563.2,120.0,80.0,207.0,C,EURO,0,,2816.0
10019769,49.0,13.5,4.5,2.22,0.003,,,,170.0,377.4,120.0,77.0,207.0,C,EURO,0,,170.0
10019770,3.0,5.0,28.0,0.21,0.0004,,,,9999.0,9999.0,9999.0,9999.0,207.0,B,K3,0,,9999.0
10019780,49.0,13.5,4.0,1.72,0.0026,,,,200.0,344.0,120.0,80.0,207.0,C,EURO,0,,200.0
10019782,28.0,5.0,3.0,0.17,0.0004,,,,1984.0,362.0,120.0,110.0,207.0,C,K3,0,,1984.0
10019849,6.7,32.3,3.8,0.084,0.0008,,,,9999.0,9999.0,9999.0,9999.0,207.0,B,K3,0,,9999.0
10019850,6.9,32.3,3.8,0.095,0.0008,,,,9999.0,9999.0,9999.0,9999.0,207.0,B,K3,0,,9999.0
10019851,6.8,32.4,3.8,0.1,0.0008,,,,9999.0,9999.0,9999.0,9999.0,207.0,B,K3,0,,9999.0
10019852,29.5,12.5,2.7,1.06,0.001,,,,500.0,555.0,120.0,110.0,207.0,C,K3,0,,500.0
10019854,3.5,36.0,3.0,0.54,0.0004,,,,1000.0,573.0,120.0,100.0,207.0,A,K3,0,,1000.0
10019855,49.0,13.5,4.0,0.8,0.0026,407.0,0.0026,0.8,407.0,317.0,120.0,135.6,207.0,C,EURO,0,1.0,407.0
10020410,21.0,9.0,6.5,1.09,0.0012,,,,100.0,135.0,120.0,110.0,203.0,C,K3,0,,100.0
10020802,10.0,4.0,0.3,0.15,0.0,,,,1000.0,175.0,120.0,110.0,207.0,A,K3,0,,1000.0
10020987,19.0,19.0,6.5,0.39,0.0023,,,,336.0,156.0,120.0,110.0,205.0,C,K3,0,,336.0
10021189,33.0,16.0,10.0,1.33,0.0053,,,,120.0,159.6,120.0,80.0,207.0,C,EURO,0,,120.0
10021213,40.0,18.0,11.0,1.3,0.0079,,,,96.0,124.8,120.0,88.0,207.0,B,EURO,0,,96.0
10021255,32.0,16.0,10.0,1.41,0.0051,,,,150.0,196.0,120.0,85.6,207.0,C,EURO,0,,150.0
10021285,32.0,16.0,9.0,1.98,0.0046,,,,150.0,307.0,120.0,110.0,205.0,C,K3,0,,150.0
10021315,32.0,16.0,10.0,1.79,0.0051,,,,240.0,433.0,120.0,85.6,207.0,B,EURO,0,,240.0
10021318,33.0,15.5,10.0,1.89,0.0051,,,,96.0,181.44,120.0,80.0,207.0,B,EURO,0,,96.0
10021345,32.5,12.0,10.0,1.43,0.0039,,,,162.0,233.0,120.0,95.6,207.0,C,EURO,0,,162.0
10021348,32.5,16.0,10.0,1.6,0.0052,,,,9999.0,9999.0,9999.0,9999.0,207.0,B,K3,0,,9999.0
10021360,32.0,11.5,10.0,1.5,0.0037,,,,20.0,55.0,120.0,110.0,205.0,C,K3,0,,20.0
10021438,27.6,18.9,11.0,0.65,0.0057,6.0,0.0642,5.696,54.0,53.264,120.0,95.6,203.0,A,EURO,0,9.0,54.0
10021476,24.0,12.0,2.5,0.82,0.0007,,,,884.0,727.0,120.0,95.6,207.0,C,EURO,0,,884.0
10021478,24.0,12.0,2.5,0.85,0.0007,15.0,0.0175,12.75,540.0,484.0,120.0,120.0,207.0,B,K3,0,36.0,540.0
10021482,24.0,12.0,3.0,0.69,0.0009,,,,9999.0,9999.0,120.0,150.0,205.0,C,K3,0,,9999.0
10021487,24.0,12.0,2.5,0.76,0.0007,,,,9999.0,9999.0,9999.0,9999.0,205.0,C,K3,0,,9999.0
10021489,1.0,1.0,1.0,0.01,0.0,5.0,0.0034,1.0,1000.0,200.0,120.0,75.0,207.0,C,EURO,0,200.0,1000.0
10021497,24.0,12.0,2.5,0.97,0.0007,25.0,0.0216,24.0,11250.0,461.0,120.0,110.0,205.0,C,K3,0,450.0,11250.0
10021705,19.0,19.0,6.0,0.88,0.0022,,,,336.0,320.0,120.0,110.0,205.0,C,K3,0,,336.0
10024784,4.0,3.5,1.0,0.03,0.0,,,,20.0,25.6,120.0,110.0,205.0,C,K2,0,,20.0
10024985,3.0,3.5,25.0,0.2,0.0003,,,,9999.0,9999.0,9999.0,9999.0,207.0,B,K3,0,,9999.0
10024987,13.5,4.0,2.5,0.18,0.0001,,,,4000.0,705.0,120.0,110.0,207.0,C,K3,0,,4000.0
10024997,3.5,9.5,2.5,0.13,0.0001,,,,9999.0,9999.0,9999.0,9999.0,207.0,B,K3,0,,9999.0
10024998,3.5,9.5,2.5,0.13,0.0001,,,,9999.0,9999.0,9999.0,9999.0,207.0,C,K3,0,,9999.0
10024999,3.5,9.5,2.5,0.13,0.0001,,,,9999.0,9999.0,9999.0,9999.0,207.0,C,K3,0,,9999.0
10025000,3.5,9.5,2.5,0.13,0.0001,,,,9999.0,9999.0,9999.0,9999.0,207.0,C,K3,0,,9999.0
10025011,3.5,9.5,2.5,0.13,0.0001,,,,9999.0,9999.0,9999.0,9999.0,207.0,B,K3,0,,9999.0
10025013,10.0,4.0,3.0,0.1,0.0001,,,,9999.0,9999.0,9999.0,9999.0,207.0,A,K3,0,,9999.0
10025015,25.5,3.5,2.5,0.205,0.0002,,,,9999.0,9999.0,9999.0,9999.0,207.0,C,K3,0,,9999.0
10025016,25.5,3.5,3.0,0.2,0.0003,,,,2728.0,570.0,120.0,110.0,205.0,C,K3,0,,2728.0
10025018,3.0,4.0,13.5,0.18,0.0002,,,,9999.0,9999.0,9999.0,9999.0,205.0,C,K3,0,,9999.0
10025020,25.4,3.5,2.8,0.21,0.0002,,,,3000.0,655.0,120.0,110.0,205.0,C,K3,0,,3000.0
10025023,2.5,3.5,9.5,0.13,0.0001,,,,9999.0,9999.0,9999.0,9999.0,207.0,A,K3,0,,9999.0
10025024,3.5,9.5,2.5,0.13,0.0001,,,,9999.0,9999.0,9999.0,9999.0,207.0,B,K3,0,,9999.0
10025025,10.0,4.0,3.0,0.15,0.0001,,,,1000.0,175.0,120.0,110.0,207.0,C,K3,0,,1000.0
10025026,10.0,4.0,3.0,0.15,0.0001,,,,3000.0,475.0,120.0,100.0,207.0,B,K3,0,,3000.0
10025251,24.5,10.0,2.8,1.06,0.0007,,,,100.0,108.0,120.0,95.6,205.0,C,EURO,0,,100.0
10025468,20.5,16.5,5.5,0.99,0.0019,10.0,0.0261,9.9,450.0,447.5,120.0,95.6,201.0,A,EURO,1,45.0,450.0
10025469,20.5,16.5,6.0,1.0,0.002,10.0,0.0265,10.0,160.0,162.0,120.0,85.6,201.0,A,EURO,1,16.0,160.0
10025628,24.5,10.0,2.5,0.76,0.0006,,,,1600.0,1231.0,120.0,100.0,207.0,C,K3,0,,1600.0
10025808,184.5,18.0,3.5,7.14,0.0116,,,,108.0,746.0,185.0,95.6,205.0,C,CONS,0,,108.0
10025809,185.0,18.4,4.8,4.67,0.0163,,,,64.0,298.88,185.0,76.8,205.0,C,XLONGPALLET,0,,64.0
10025967,24.0,10.0,2.5,0.75,0.0006,15.0,0.0183,11.25,600.0,475.0,120.0,110.0,207.0,C,K3,0,40.0,600.0
10026571,9.0,3.5,3.0,0.148,0.0001,,,,9999.0,9999.0,9999.0,9999.0,207.0,B,K3,0,,9999.0
10026572,10.0,4.0,3.0,0.15,0.0001,,,,9999.0,9999.0,9999.0,9999.0,207.0,B,K3,0,,9999.0
10026574,9.5,3.5,2.5,0.15,0.0001,,,,1000.0,175.0,120.0,110.0,205.0,C,K3,0,,1000.0
10026576,3.5,9.5,2.5,0.16,0.0001,,,,1000.0,185.0,120.0,110.0,207.0,B,K3,0,,1000.0
10026577,9.5,3.5,3.0,0.15,0.0001,1.0,0.0001,0.15,9999.0,0.15,9.5,3.0,207.0,C,K3,0,9999.0,9999.0
10026588,9.5,3.5,2.6,0.15,0.0001,,,,20.0,28.0,120.0,110.0,205.0,C,K3,0,,20.0
10026598,9.5,3.5,2.5,0.205,0.0001,,,,9999.0,9999.0,9999.0,9999.0,207.0,B,K3,0,,9999.0
10026599,9.5,3.5,2.5,0.15,0.0001,,,,1000.0,175.0,120.0,110.0,207.0,B,K3,0,,1000.0
10026601,9.5,3.5,3.0,0.16,0.0001,,,,9999.0,999.0,120.0,100.0,207.0,B,K3,0,,9999.0
10026605,13.0,4.0,2.5,0.21,0.0001,,,,20.0,999.0,120.0,100.0,205.0,C,K3,0,,20.0
10026606,3.0,3.5,25.5,0.25,0.0003,,,,9999.0,9999.0,9999.0,9999.0,207.0,B,K3,0,,9999.0
10026607,2.5,3.5,25.0,0.25,0.0002,,,,9999.0,9999.0,9999.0,9999.0,207.0,B,K3,0,,9999.0
10027250,24.0,9.0,4.0,0.29,0.0009,,,,920.0,291.0,120.0,110.0,207.0,C,K3,0,,920.0
10027383,32.5,15.5,10.0,1.81,0.005,,,,135.0,269.0,120.0,110.0,205.0,C,K3,0,,135.0
10027501,36.5,7.0,0.5,2.33,0.0001,,,,313.0,755.0,120.0,110.0,205.0,C,K3,0,,313.0
10027505,31.2,3.8,3.5,0.74,0.0004,10.0,0.0069,7.605,950.0,710.0,120.0,86.0,203.0,A,EURO,0,95.0,950.0
10027506,32.0,4.5,4.0,1.19,0.0006,2.0,0.0031,2.4,400.0,505.0,120.0,110.0,207.0,B,K3,0,200.0,400.0
10027507,4.0,28.5,3.0,0.74,0.0003,,,,540.0,424.6,120.0,100.0,207.0,B,K3,0,,540.0
10027508,56.0,5.5,5.0,0.38,0.0015,,,,100.0,382.0,120.0,95.6,205.0,C,EURO,0,,100.0
10027510,55.0,8.0,3.5,1.0,0.0015,,,,100.0,427.0,120.0,135.6,207.0,C,EURO,0,,100.0
10027511,3.0,10.0,16.0,0.15,0.0005,,,,9999.0,9999.0,9999.0,9999.0,207.0,C,K3,0,,9999.0
10027512,54.0,4.0,4.0,0.712,0.0009,10.0,0.0121,7.22,770.0,557.94,120.0,101.6,203.0,A,EURO,0,77.0,770.0
10027520,79.0,9.0,3.5,2.32,0.0025,,,,176.0,408.32,120.0,77.0,207.0,C,EURO,0,,176.0
10027523,51.0,11.0,7.5,0.45,0.0042,24.0,0.0233,12.07,720.0,364.1,120.0,95.6,203.0,A,EURO,0,30.0,720.0
10027524,51.0,3.5,3.5,0.58,0.0006,24.0,0.0233,14.86,576.0,337.0,180.0,65.6,203.0,B,EURO,0,24.0,576.0
10027525,59.0,9.0,0.4,0.245,0.0002,50.0,0.0215,16.317,1600.0,522.144,120.0,92.0,203.0,A,EURO,0,32.0,1600.0
10027526,31.0,8.0,5.0,1.2,0.0012,6.0,0.0109,7.2,120.0,169.0,120.0,120.0,207.0,B,K3,0,20.0,120.0
10027527,52.0,3.0,1.0,0.25,0.0002,,,,20.0,30.0,120.0,110.0,207.0,C,EURO,0,,20.0
10027528,55.0,4.0,3.5,0.42,0.0008,,,,960.0,403.2,120.0,84.0,207.0,C,EURO,0,,960.0
10027529,125.0,3.5,0.02,0.91,0.0,10.0,0.0076,5.46,200.0,84.0,135.0,95.6,207.0,C,XLONGPALLET,0,20.0,200.0
10027530,23.5,5.5,1.0,0.1255,0.0001,50.0,0.0074,6.275,6000.0,730.0,120.0,105.6,203.0,A,EURO,0,120.0,6000.0
10027531,25.6,12.6,1.5,0.882,0.0005,10.0,0.0138,8.856,800.0,685.48,120.0,108.1,203.0,B,EURO,0,80.0,800.0
10027532,10.0,10.0,10.0,0.1,0.001,,,,960.0,96.0,120.0,85.6,203.0,C,EURO,0,,960.0
10027533,22.0,6.5,4.0,0.384,0.0006,50.0,0.0293,19.9,1800.0,716.4,120.0,126.0,203.0,B,EURO,0,36.0,1800.0
10027535,17.0,6.0,1.0,0.63,0.0001,10.0,0.0071,3.2,420.0,159.0,120.0,100.0,207.0,B,K3,0,42.0,420.0
10027536,59.0,7.9,0.4,0.175,0.0002,50.0,0.0123,13.5,2650.0,715.5,120.0,84.0,203.0,A,EURO,0,53.0,2650.0
10027538,7.0,3.0,2.0,0.07,0.0,200.0,0.0143,14.0,7000.0,490.0,120.0,68.0,203.0,A,EURO,0,35.0,7000.0
10027539,7.0,2.0,2.0,0.14,0.0,100.0,0.0143,11.5,4000.0,500.0,120.0,100.0,203.0,A,EURO,0,40.0,4000.0
10027540,9.5,6.5,2.0,0.21,0.0001,,,,1000.0,212.0,120.0,65.6,203.0,A,EURO,0,,1000.0
10028031,32.5,8.0,0.1,0.13,0.0,,,,7125.0,950.0,120.0,70.0,205.0,C,K3,0,,7125.0
10028044,24.0,10.0,3.0,0.72,0.0007,,,,1240.0,894.0,120.0,95.6,205.0,C,EURO,0,,1240.0
10028046,23.0,2.5,0.5,0.106,0.0,,,,9999.0,9999.0,9999.0,9999.0,207.0,A,K3,0,,9999.0
10028484,5.6,21.0,0.4,0.035,0.0,,,,13000.0,480.0,120.0,100.0,207.0,C,K3,0,,13000.0
10028629,21.0,22.0,7.0,1.7,0.0032,1.0,0.0032,1.7,20.0,36.0,120.0,95.6,205.0,C,EURO,0,20.0,20.0
10028788,4.0,5.0,25.5,0.37,0.0005,,,,9999.0,9999.0,9999.0,9999.0,207.0,C,K3,0,,9999.0
10028937,25.0,3.5,2.5,0.25,0.0002,,,,1900.0,500.0,120.0,70.0,207.0,B,K3,0,,1900.0
10029225,36.5,7.0,4.5,1.54,0.0011,6.0,0.011,9.24,378.0,582.12,120.0,84.0,207.0,C,EURO,0,63.0,378.0
10029577,23.0,2.5,0.5,0.109,0.0,,,,4000.0,461.0,120.0,110.0,207.0,A,K3,0,,4000.0
10029578,26.0,8.0,0.4,0.13,0.0001,,,,9999.0,999.0,120.0,100.0,207.0,C,K3,0,,9999.0
10029903,19.5,4.5,1.5,0.4,0.0001,30.0,0.0066,12.8,1100.0,477.0,120.0,95.6,207.0,B,EURO,0,36.6667,1100.0
10029904,19.5,2.5,0.1,0.1,0.0,,,,4750.0,500.0,120.0,110.0,207.0,B,K3,0,,4750.0
10030813,25.0,16.0,4.0,0.29,0.0016,,,,2.0,127.0,80.0,105.6,210.0,C,EURO,0,,2.0
10030961,5.5,5.5,1.0,0.5,0.0,,,,800.0,475.0,120.0,110.0,207.0,C,K3,0,,800.0
10031035,26.0,8.0,0.4,0.13,0.0001,,,,9999.0,999.0,120.0,100.0,205.0,C,K3,0,,9999.0
10031036,23.0,4.0,0.5,0.16,0.0,,,,5600.0,921.0,120.0,110.0,205.0,C,K3,0,,5600.0
10031253,38.9,37.2,42.0,14.338,0.0608,1.0,0.0608,14.338,18.0,235.084,120.0,95.6,210.0,A,EURO,1,18.0,18.0
10031264,43.0,52.0,43.0,36.0,0.0961,,,,4.0,146.0,120.0,92.0,203.0,A,EURO,0,,4.0
10031265,48.0,52.5,61.5,53.0,0.155,,,,4.0,214.0,120.0,106.0,203.0,A,EURO,1,,4.0
10031980,32.5,16.0,10.0,1.35,0.0052,,,,280.0,380.0,120.0,95.6,205.0,C,EURO,0,,280.0
10032057,32.5,16.0,10.0,1.6,0.0052,,,,120.0,192.0,120.0,80.0,205.0,C,EURO,0,,120.0
10032063,40.0,18.0,10.0,2.4,0.0072,,,,96.0,230.4,120.0,80.0,207.0,C,EURO,0,,96.0
10032064,39.0,18.0,10.5,2.37,0.0074,,,,96.0,242.0,120.0,100.0,207.0,C,K3,0,,96.0
10032069,39.0,18.0,10.0,2.47,0.007,,,,108.0,268.0,120.0,95.6,205.0,C,EURO,0,,108.0
10032160,39.0,17.0,10.0,2.46,0.0066,,,,108.0,242.0,120.0,95.6,205.0,C,EURO,0,,108.0
10032237,38.5,17.5,10.5,1.57,0.0071,,,,108.0,172.0,120.0,95.6,205.0,C,EURO,0,,108.0
10032243,38.0,18.0,10.0,1.9,0.0068,,,,48.0,477.0,120.0,85.6,207.0,C,EURO,0,,48.0
10032244,29.5,18.5,9.5,1.7,0.0052,,,,20.0,59.0,120.0,110.0,207.0,C,K3,0,,20.0
10032291,39.0,18.0,10.0,1.55,0.007,,,,96.0,148.8,120.0,80.0,205.0,C,EURO,0,,96.0
10032292,38.5,18.0,10.5,1.56,0.0073,,,,464.0,727.0,120.0,95.6,205.0,C,EURO,0,,464.0
10032304,29.0,14.0,10.0,0.7,0.0041,,,,100.0,95.0,120.0,110.0,205.0,C,K3,0,,100.0
10032582,10.0,4.0,3.5,0.17,0.0001,,,,3240.0,575.0,120.0,110.0,207.0,C,K3,0,,3240.0
10033919,25.4,3.4,2.3,0.31,0.0002,,,,1000.0,335.0,120.0,110.0,205.0,C,K3,0,,1000.0
10033921,1.0,1.0,1.0,0.01,0.0,,,,2534.0,659.0,120.0,100.0,207.0,C,K3,0,,2534.0
10033936,25.0,4.4,0.3,0.12,0.0,,,,9999.0,9999.0,9999.0,9999.0,207.0,C,K3,0,,9999.0
10034078,10.0,10.0,10.0,0.1,0.001,,,,4700.0,495.0,120.0,100.0,207.0,C,K3,0,,4700.0
10034081,3.5,9.0,14.0,0.63,0.0004,,,,9999.0,9999.0,9999.0,9999.0,207.0,C,K3,0,,9999.0
10034084,10.5,10.5,2.5,0.28,0.0003,,,,9999.0,999.0,120.0,100.0,207.0,C,K3,0,,9999.0
10034085,10.0,10.0,5.0,0.35,0.0005,,,,2880.0,979.0,120.0,150.0,207.0,B,K3,0,,2880.0
10034224,33.0,15.5,10.0,1.96,0.0051,1.0,0.0051,1.96,1000.0,198.0,120.0,95.6,207.0,C,EURO,0,1000.0,1000.0
10034227,20.0,15.0,1.0,0.5,0.0003,10.0,0.0396,5.0,210.0,130.0,120.0,110.0,207.0,B,K3,0,21.0,210.0
10034525,16.0,13.6,9.2,0.6,0.002,6.0,0.0165,3.942,324.0,212.0,120.0,105.6,203.0,A,EURO,0,54.0,324.0
10034526,20.9,17.3,10.1,1.002,0.0037,6.0,0.0291,6.404,180.0,169.12,120.0,97.5,203.0,A,EURO,0,30.0,180.0
10034527,9.3,17.4,21.2,0.87,0.0034,6.0,0.0255,5.634,240.0,202.36,120.0,105.6,203.0,A,EURO,0,40.0,240.0
10034528,9.6,25.0,31.1,1.8,0.0075,6.0,0.0559,11.5,72.0,129.0,120.0,87.6,203.0,A,EURO,0,12.0,72.0
10034529,21.0,17.2,10.2,0.874,0.0037,6.0,0.0287,5.618,180.0,169.54,120.0,112.0,203.0,A,EURO,0,30.0,180.0
10034530,31.3,25.2,10.4,1.836,0.0082,6.0,0.0548,11.572,72.0,139.84,120.0,102.0,203.0,A,EURO,0,12.0,72.0
10034595,10.7,7.8,2.1,0.058,0.0002,108.0,0.0306,7.8,2592.0,212.2,120.0,120.0,203.0,B,EURO,0,24.0,2592.0
10034685,3.5,9.5,2.5,0.13,0.0001,,,,1000.0,155.0,120.0,110.0,207.0,C,K3,0,,1000.0
10034686,9.5,3.5,3.0,0.126,0.0001,,,,9999.0,9999.0,9999.0,9999.0,207.0,A,K3,0,,9999.0
10034702,20.0,2.0,1.0,0.4,0.0,,,,100.0,65.0,120.0,110.0,205.0,C,K3,0,,100.0
10034716,3.5,9.5,2.5,0.16,0.0001,,,,9999.0,9999.0,9999.0,9999.0,207.0,B,K3,0,,9999.0
10034717,9.5,3.3,2.5,0.15,0.0001,,,,1000.0,175.0,120.0,110.0,205.0,C,K3,0,,1000.0
10034718,3.5,9.5,2.5,0.13,0.0001,,,,9999.0,9999.0,9999.0,9999.0,207.0,B,K3,0,,9999.0
10034720,9.5,3.5,3.0,0.15,0.0001,,,,9999.0,999.0,120.0,100.0,205.0,C,K3,0,,9999.0
10034722,3.5,9.5,2.5,0.15,0.0001,,,,9999.0,9999.0,9999.0,9999.0,207.0,C,K3,0,,9999.0
10034733,25.5,3.5,3.0,0.21,0.0003,,,,3300.0,718.0,120.0,110.0,205.0,C,K3,0,,3300.0
10034750,3.5,9.5,3.0,0.16,0.0001,,,,9999.0,9999.0,9999.0,9999.0,207.0,B,K3,0,,9999.0
10034751,9.0,3.5,2.5,0.15,0.0001,,,,9999.0,9999.0,9999.0,9999.0,207.0,A,K3,0,,9999.0
10034752,9.5,3.5,2.5,0.16,0.0001,,,,9999.0,999.0,120.0,100.0,205.0,C,K3,0,,9999.0
10034753,3.0,3.5,9.5,0.16,0.0001,,,,9999.0,9999.0,9999.0,9999.0,207.0,C,K3,0,,9999.0
10034755,10.0,3.0,3.0,0.15,0.0001,,,,1000.0,175.0,120.0,110.0,205.0,C,K3,0,,1000.0
10034778,9.5,3.5,3.0,0.16,0.0001,,,,20.0,999.0,120.0,100.0,207.0,C,K3,0,,20.0
10034780,25.3,3.4,2.9,0.25,0.0002,,,,1900.0,500.0,120.0,110.0,205.0,C,K3,0,,1900.0
10034785,25.2,3.4,2.8,0.26,0.0002,,,,2668.0,693.68,120.0,81.2,205.0,C,K3,0,,2668.0
10034786,9.5,3.0,3.0,0.18,0.0001,,,,9999.0,999.0,120.0,100.0,207.0,C,K3,0,,9999.0
10034792,9.5,3.5,3.0,0.18,0.0001,,,,5808.0,1070.0,120.0,110.0,207.0,C,K3,0,,5808.0
10035551,13.0,3.0,1.0,0.05,0.0,,,,9999.0,9999.0,9999.0,9999.0,207.0,B,K3,0,,9999.0
10035552,25.0,2.5,0.2,0.09,0.0,,,,9999.0,9999.0,9999.0,9999.0,207.0,B,K3,0,,9999.0
10035553,26.0,5.0,1.0,0.15,0.0001,1.0,0.0001,0.15,9999.0,0.15,26.0,1.0,207.0,C,K3,0,9999.0,9999.0
10035554,26.0,7.0,0.3,0.1,0.0001,,,,9999.0,9999.0,9999.0,9999.0,207.0,A,K3,0,,9999.0
10035559,27.0,3.5,0.5,0.11,0.0,1.0,0.0,0.11,9999.0,0.11,27.0,0.5,207.0,C,K3,0,9999.0,9999.0
10035560,14.0,3.0,0.5,0.1,0.0,,,,1000.0,125.0,120.0,110.0,205.0,C,K3,0,,1000.0
10035757,20.5,16.5,5.5,1.0,0.0019,10.0,0.0259,10.0,180.0,180.0,120.0,72.0,207.0,A,EURO,1,18.0,180.0
10035758,20.5,16.5,5.5,1.0,0.0019,10.0,0.0259,10.0,200.0,202.0,120.0,103.6,207.0,B,EURO,1,20.0,200.0
10035837,26.0,17.0,17.0,1.95,0.0075,4.0,0.0593,7.0,48.0,86.0,120.0,135.6,207.0,A,EURO,1,12.0,48.0
10035838,26.0,17.5,17.5,1.93,0.008,6.0,0.059,11.58,96.0,187.0,120.0,95.6,207.0,A,EURO,1,16.0,96.0
10035839,25.7,17.5,16.8,1.87,0.0076,6.0,0.0595,11.22,72.0,126.0,120.0,135.6,207.0,B,EURO,1,12.0,72.0
10035840,25.7,17.5,16.8,1.87,0.0076,6.0,0.0595,11.2,72.0,126.0,120.0,135.6,207.0,A,EURO,1,12.0,72.0
10035842,26.0,17.0,17.0,1.91,0.0075,,,,80.0,177.0,120.0,110.0,205.0,C,EURO,0,,80.0
10035846,21.0,16.0,6.0,0.94,0.002,,,,400.0,378.0,120.0,95.6,205.0,C,EURO,0,,400.0
10036060,25.0,2.5,0.2,0.09,0.0,,,,9999.0,9999.0,9999.0,9999.0,207.0,C,K3,0,,9999.0
10036065,25.0,4.0,0.3,0.135,0.0,,,,9999.0,9999.0,9999.0,9999.0,207.0,C,K3,0,,9999.0
10036069,25.5,3.5,1.5,0.18,0.0001,,,,1200.0,216.0,120.0,21.0,205.0,C,K3,0,,1200.0
10036074,27.0,3.0,0.1,0.1,0.0,,,,9999.0,9999.0,9999.0,9999.0,207.0,A,K3,0,,9999.0
10036078,26.0,4.0,0.5,0.13,0.0001,,,,5600.0,753.0,120.0,110.0,207.0,B,K3,0,,5600.0
10036084,26.5,4.0,3.0,0.5,0.0003,,,,2640.0,421.0,120.0,110.0,207.0,C,K3,0,,2640.0
10036122,17.0,26.0,17.0,1.9,0.0075,,,,144.0,265.0,120.0,85.6,207.0,B,EURO,0,,144.0
10036123,26.0,17.5,17.5,1.92,0.008,6.0,0.059,11.52,120.0,232.4,120.0,95.6,207.0,A,EURO,0,20.0,120.0
10036124,26.0,18.0,18.0,1.88,0.0084,,,,80.0,152.4,120.0,95.6,205.0,C,EURO,0,,80.0
10036211,15.0,3.5,16.5,0.21,0.0009,19.0,0.0275,4.56,380.0,91.2,120.0,80.0,203.0,A,EURO,1,20.0,380.0
10036216,23.0,4.0,1.0,0.28,0.0001,,,,1000.0,305.0,120.0,110.0,207.0,C,K3,0,,1000.0
10036217,0.9,4.0,23.0,0.43,0.0001,,,,9999.0,9999.0,9999.0,9999.0,207.0,C,K3,0,,9999.0
10036218,0.5,3.2,23.0,0.22,0.0,,,,9999.0,9999.0,9999.0,9999.0,207.0,C,K3,0,,9999.0
10036219,1.0,3.5,23.0,0.35,0.0001,,,,88.0,56.0,120.0,110.0,207.0,C,K3,0,,88.0
10036435,4.2,18.5,32.0,0.252,0.0025,,,,540.0,143.12,120.0,98.6,203.0,B,EURO,1,,540.0
10036953,26.0,9.0,3.0,2.22,0.0007,,,,20.0,999.0,120.0,100.0,207.0,B,K3,0,,20.0
10036954,4.5,1.0,2.5,0.11,0.0,,,,4000.0,465.0,120.0,110.0,207.0,B,K3,0,,4000.0
10037009,23.5,3.0,0.3,0.13,0.0,1.0,0.0,0.13,1300.0,194.0,120.0,110.0,207.0,B,K3,0,1300.0,1300.0
10037167,36.0,7.0,4.0,2.34,0.001,,,,252.0,612.0,120.0,110.0,205.0,C,K3,0,,252.0
10037188,10.9,9.4,3.9,0.244,0.0004,50.0,0.0205,12.2,2100.0,489.4,120.0,108.0,203.0,C,EURO,0,42.0,2100.0
10037191,32.0,7.0,0.8,0.19,0.0002,50.0,0.0105,9.5,3000.0,570.0,120.0,85.0,203.0,A,EURO,0,60.0,3000.0
10037193,29.5,9.4,3.4,0.436,0.0009,45.0,0.0429,22.85,900.0,434.0,120.0,113.6,203.0,C,EURO,0,20.0,900.0
10037195,35.0,8.6,7.7,0.46,0.0023,10.0,0.0296,5.132,200.0,102.643,120.0,90.0,203.0,B,EURO,0,20.0,200.0
10037196,36.0,9.0,8.0,0.42,0.0026,10.0,0.0294,4.78,160.0,76.48,120.0,72.0,203.0,C,EURO,0,16.0,160.0
10037199,26.4,3.8,2.2,0.326,0.0002,10.0,0.0071,5.92,810.0,497.52,120.0,81.0,203.0,B,EURO,0,81.0,810.0
10037200,27.5,4.5,4.2,0.78,0.0005,10.0,0.0072,7.9,800.0,632.0,120.0,70.0,203.0,A,EURO,0,80.0,800.0
10037201,27.4,10.5,5.6,1.69,0.0016,8.0,0.0203,12.22,288.0,439.92,120.0,87.0,203.0,A,EURO,0,36.0,288.0
10037203,27.7,8.9,8.0,1.6,0.002,10.0,0.0245,15.79,320.0,505.28,120.0,112.8,203.0,A,EURO,0,32.0,320.0
10037204,31.2,3.8,3.5,0.74,0.0004,10.0,0.0069,7.605,810.0,616.005,120.0,81.0,203.0,B,EURO,0,81.0,810.0
10037663,204.5,17.5,6.5,3.85,0.0233,1.0,0.0233,3.85,60.0,206.0,205.0,95.6,207.0,C,CONS,0,60.0,60.0
10037664,204.0,17.0,6.0,3.8,0.0208,,,,36.0,136.8,204.0,54.0,207.0,C,XLONGPALLET,0,,36.0
10037665,211.0,35.0,18.0,1.5,0.1329,,,,100.0,125.0,211.0,95.6,207.0,C,CONS,0,,100.0
10037669,204.5,17.0,6.5,4.7,0.0226,1.0,0.0226,4.7,60.0,257.0,205.0,95.6,207.0,C,CONS,0,60.0,60.0
10037673,204.5,17.0,6.0,5.45,0.0209,,,,60.0,302.0,204.5,95.6,207.0,C,CONS,0,,60.0
10037675,205.0,17.0,6.0,3.71,0.0209,,,,56.0,207.76,205.0,84.0,207.0,C,CONS,0,,56.0
10037677,204.5,17.5,6.5,3.75,0.0233,1.0,0.0233,3.75,56.0,210.0,205.0,91.0,207.0,C,XLONGPALLET,0,56.0,56.0
10037679,205.0,16.0,6.5,4.0,0.0213,,,,20.0,45.0,120.0,165.6,205.0,C,CONS,0,,20.0
10037681,205.0,17.5,6.5,5.5,0.0233,,,,100.0,350.0,205.0,95.6,205.0,C,CONS,0,,100.0
10037682,179.0,4.0,3.0,1.6,0.0021,3.0,0.0215,4.6,192.0,272.0,120.0,85.6,207.0,C,XLONGPALLET,0,64.0,192.0
10037687,205.0,17.5,6.0,3.76,0.0215,,,,60.0,212.0,210.0,105.6,207.0,A,XLONGPALLET,0,,60.0
10037688,205.0,17.0,6.0,3.9,0.0209,,,,56.0,218.4,205.0,84.0,207.0,A,XLONGPALLET,0,,56.0
10037689,205.0,16.0,6.5,4.0,0.0213,,,,65.0,260.0,210.0,84.5,207.0,B,XLONGPALLET,0,,65.0
10037690,205.0,17.0,6.0,3.89,0.0209,,,,60.0,208.0,205.0,95.6,207.0,C,CONS,0,,60.0
10037691,200.0,9.5,3.0,4.04,0.0057,5.0,0.0233,20.2,100.0,379.0,220.0,65.6,207.0,C,XLONGPALLET,0,20.0,100.0
10037692,250.0,17.5,6.5,4.91,0.0284,,,,56.0,249.96,260.0,95.6,205.0,C,CONS,0,,56.0
10037693,205.0,17.0,6.0,4.7,0.0209,,,,60.0,257.0,205.0,95.6,207.0,B,XLONGPALLET,0,,60.0
10037694,205.0,17.0,6.0,4.5,0.0209,,,,60.0,243.0,205.0,88.6,207.0,A,XLONGPALLET,0,,60.0
10037695,205.0,17.5,6.0,4.2,0.0215,,,,45.0,875.0,205.0,85.6,205.0,C,XLONGPALLET,0,,45.0
10037696,205.0,17.0,6.5,4.98,0.0227,,,,60.0,228.0,205.0,97.5,207.0,B,XLONGPALLET,0,,60.0
10037698,206.0,17.5,6.0,6.0,0.0216,,,,60.0,335.0,206.0,105.6,207.0,C,CONS,0,,60.0
10037699,205.0,6.5,17.0,3.75,0.0227,,,,48.0,180.0,205.0,68.0,207.0,B,XLONGPALLET,0,,48.0
10037700,204.0,20.0,17.5,0.9,0.0714,,,,500.0,425.0,204.0,95.6,207.0,B,CONS,0,,500.0
10037701,205.0,17.0,6.0,3.83,0.0209,,,,100.0,358.0,210.0,95.6,205.0,C,CONS,0,,100.0
10037702,211.0,18.0,7.0,3.642,0.0266,,,,44.0,160.248,211.0,77.0,207.0,C,CONS,0,,44.0
10037703,205.0,35.0,18.0,1.2,0.1291,1.0,0.1291,1.2,100.0,95.0,205.0,95.6,207.0,C,CONS,0,100.0,100.0
10037704,207.0,17.0,7.0,4.0,0.0246,,,,52.0,183.0,210.0,90.6,205.0,C,CONS,0,,52.0
10037707,205.0,17.5,6.5,4.7,0.0233,,,,92.0,397.0,120.0,135.6,207.0,C,CONS,0,,92.0
10037708,208.0,18.0,7.0,4.5,0.0262,,,,52.0,209.0,210.0,95.6,207.0,B,CONS,0,,52.0
10037711,204.0,17.5,6.5,5.2,0.0232,,,,20.0,80.0,204.0,105.6,207.0,C,XLONGPALLET,0,,20.0
10037712,200.0,20.0,15.0,3.0,0.06,,,,24.0,47.0,220.0,95.6,207.0,C,XLONGPALLET,0,,24.0
10037720,207.0,17.0,6.0,4.5,0.0211,,,,56.0,227.0,220.0,65.6,205.0,C,XLONGPALLET,0,,56.0
10037726,205.0,17.5,7.0,4.3,0.0251,,,,52.0,198.0,220.0,105.6,207.0,B,XLONGPALLET,0,,52.0
10037727,204.0,17.5,6.0,4.2,0.0214,1.0,0.0214,4.2,56.0,235.2,205.0,84.0,207.0,C,XLONGPALLET,0,56.0,56.0
10037731,205.0,17.5,6.5,3.83,0.0233,,,,52.0,199.16,205.0,84.5,207.0,C,CONS,0,,52.0
10037737,205.0,17.0,6.4,4.0,0.0223,,,,52.0,208.0,205.0,84.0,207.0,C,XLONGPALLET,0,,52.0
10037747,205.0,17.0,6.5,3.6,0.0227,,,,56.0,176.0,210.0,95.6,205.0,C,XLONGPALLET,0,,56.0
10037870,32.5,7.0,4.0,0.928,0.0009,,,,9999.0,9999.0,9999.0,9999.0,207.0,C,K3,0,,9999.0
10037872,28.5,12.5,2.5,1.02,0.0009,,,,999999.0,9999.0,120.0,120.0,207.0,B,K3,0,,999999.0
10037873,12.5,28.5,3.0,1.02,0.0011,,,,9999.0,9999.0,9999.0,9999.0,207.0,B,K3,0,,9999.0
10037874,28.5,12.5,3.0,1.096,0.0011,,,,9999.0,9999.0,9999.0,9999.0,207.0,C,K3,0,,9999.0
10037875,28.5,12.5,3.0,1.2,0.0011,1.0,0.0011,1.2,9999.0,1.2,28.5,3.0,207.0,C,K3,0,9999.0,9999.0
10037877,35.0,12.0,9.0,1.5,0.0038,,,,320.0,495.0,120.0,150.0,207.0,B,K3,0,,320.0
10037878,25.0,14.0,13.0,1.51,0.0046,,,,140.0,236.0,120.0,110.0,207.0,C,K3,0,,140.0
10037879,25.0,14.0,13.5,1.56,0.0047,,,,120.0,327.6,120.0,81.0,207.0,C,EURO,0,,120.0
10037880,25.0,14.5,13.5,1.6,0.0049,8.0,0.0488,12.8,9999.0,9999.0,120.0,110.0,207.0,C,K3,0,1249.875,9999.0
10037881,25.0,14.0,14.0,1.55,0.0049,,,,120.0,186.0,120.0,84.0,205.0,C,EURO,0,,120.0
10037886,11.0,11.0,4.0,0.34,0.0005,,,,1300.0,467.0,120.0,110.0,207.0,B,K3,0,,1300.0
10037887,10.0,10.0,5.0,0.317,0.0005,,,,9999.0,9999.0,9999.0,9999.0,207.0,C,K3,0,,9999.0
10037888,19.0,11.0,4.5,0.354,0.0009,,,,9999.0,9999.0,9999.0,9999.0,207.0,C,K3,0,,9999.0
10037889,15.5,2.5,5.0,0.054,0.0002,,,,1000.0,450.0,120.0,90.0,207.0,C,K3,0,,1000.0
10037890,24.0,3.0,1.0,0.1,0.0001,,,,9999.0,9999.0,9999.0,9999.0,207.0,B,K3,0,,9999.0
10037891,0.03,3.5,23.0,0.16,0.0,,,,9999.0,9999.0,9999.0,9999.0,207.0,C,K3,0,,9999.0
10037893,15.0,3.0,2.5,0.21,0.0001,,,,3952.0,854.0,120.0,110.0,205.0,C,K2,0,,3952.0
10038248,10.0,4.0,3.0,0.15,0.0001,,,,1000.0,175.0,120.0,110.0,207.0,B,K3,0,,1000.0
10038260,17.0,6.0,0.01,0.18,0.0,54.0,0.0318,9.72,999999.0,9999.0,120.0,120.0,201.0,B,K3,0,18518.5,999999.0
10038261,16.5,6.0,0.1,0.18,0.0,,,,2600.0,493.0,120.0,90.0,201.0,C,K3,0,,2600.0
10038271,204.5,17.5,6.0,3.85,0.0215,1.0,0.0215,3.85,60.0,231.0,205.0,90.0,207.0,B,XLONGPALLET,0,60.0,60.0
10038290,24.0,8.5,4.0,0.46,0.0008,,,,1080.0,522.0,120.0,110.0,205.0,C,K3,0,,1080.0
10038602,5.5,8.5,0.1,0.005,0.0,,,,9999.0,9999.0,9999.0,9999.0,207.0,C,K3,0,,9999.0
10038869,12.0,12.0,4.5,0.57,0.0006,,,,9999.0,9999.0,9999.0,9999.0,207.0,B,K3,0,,9999.0
10038871,15.0,3.0,2.5,0.2,0.0001,,,,1000.0,225.0,120.0,110.0,207.0,B,K3,0,,1000.0
10039084,32.0,3.5,3.5,0.225,0.0004,,,,100.0,50.0,120.0,110.0,205.0,C,K3,0,,100.0
10039561,26.0,4.0,1.0,0.14,0.0001,,,,3000.0,445.0,120.0,110.0,205.0,C,K3,0,,3000.0
10039564,1.5,4.0,3.0,0.22,0.0,,,,3520.0,799.4,120.0,100.0,207.0,C,K3,0,,3520.0
10039566,13.5,4.0,3.0,0.23,0.0002,1.0,0.0002,0.23,9999.0,0.23,13.5,3.0,207.0,C,K3,0,9999.0,9999.0
10039567,14.0,4.0,3.0,0.25,0.0002,,,,9999.0,9999.0,9999.0,9999.0,207.0,C,K3,0,,9999.0
10039645,26.7,8.5,5.5,1.1,0.0012,,,,504.0,555.0,120.0,77.0,205.0,C,K3,0,,504.0
10039685,205.5,17.0,6.0,3.96,0.021,,,,52.0,205.92,205.5,78.0,207.0,B,CONS,0,,52.0
10039870,200.5,17.5,6.5,3.69,0.0228,,,,56.0,181.0,220.0,95.6,207.0,C,CONS,0,,56.0
10040270,32.5,15.5,10.5,1.66,0.0053,,,,135.0,249.0,120.0,110.0,205.0,C,K3,0,,135.0
10040671,29.0,5.5,4.5,0.632,0.0007,,,,9999.0,9999.0,9999.0,9999.0,203.0,C,K1,0,,9999.0
10040747,5.0,5.0,3.0,0.25,0.0001,50.0,0.013,13.0,1800.0,470.0,120.0,95.6,102.0,B,EURO,0,36.0,1800.0
10040925,0.5,6.0,2.0,0.05,0.0,,,,9999.0,9999.0,9999.0,9999.0,102.0,C,K1,0,,9999.0
10041605,205.0,17.5,6.5,4.2,0.0233,,,,92.0,351.0,120.0,135.6,207.0,B,XLONGPALLET,0,,92.0
10041615,11.0,6.5,4.0,0.4,0.0003,50.0,0.02,20.0,1200.0,495.0,120.0,80.0,201.0,B,K3,0,24.0,1200.0
10041637,205.0,17.5,6.3,3.7,0.0226,,,,56.0,207.2,205.0,88.2,205.0,C,CONS,0,,56.0
10041641,207.0,17.0,7.0,3.76,0.0246,,,,52.0,170.0,210.0,95.6,205.0,C,CONS,0,,52.0
10041723,32.0,7.0,4.0,1.05,0.0009,1.0,0.0009,1.05,9999.0,1.05,32.0,4.0,207.0,B,K3,0,9999.0,9999.0
10041735,205.0,17.5,6.0,3.8,0.0215,,,,60.0,228.0,205.0,90.0,207.0,C,XLONGPALLET,0,,60.0
10041738,205.0,16.0,6.5,4.0,0.0213,,,,20.0,45.0,120.0,165.6,207.0,B,XLONGPALLET,0,,20.0
10041742,205.0,16.0,6.5,4.0,0.0213,,,,20.0,45.0,205.0,165.6,205.0,C,CONS,0,,20.0
10041769,205.0,17.5,6.0,5.05,0.0215,,,,64.0,295.0,205.0,95.6,207.0,C,XLONGPALLET,0,,64.0
10041839,207.0,17.5,7.0,3.868,0.0254,,,,48.0,185.664,120.0,84.0,205.0,C,CONS,0,,48.0
10041840,208.0,18.0,7.0,4.2,0.0262,,,,52.0,193.4,210.0,95.6,207.0,C,CONS,0,,52.0
10041844,204.0,17.0,6.0,4.19,0.0208,,,,60.0,251.4,220.0,91.0,205.0,C,CONS,0,,60.0
10041853,217.0,15.0,11.0,3.0,0.0358,,,,50.0,125.0,217.0,95.6,207.0,C,CONS,0,,50.0
10041856,207.0,17.0,6.5,4.16,0.0229,,,,56.0,207.96,210.0,95.6,205.0,C,XLONGPALLET,0,,56.0
10041893,206.0,17.5,6.5,4.2,0.0234,,,,48.0,201.6,206.0,78.0,207.0,C,CONS,0,,48.0
10042440,7.0,5.5,3.5,0.12,0.0001,,,,1000.0,145.0,120.0,110.0,205.0,C,K3,0,,1000.0
10042927,10.0,3.5,2.5,0.18,0.0001,7.0,0.009,1.26,35.0,31.1,120.0,110.0,207.0,C,K3,0,5.0,35.0
10042928,3.5,3.0,9.5,0.17,0.0001,,,,1768.0,323.56,120.0,30.0,207.0,C,K3,0,,1768.0
10043583,14.0,10.0,11.0,2.08,0.0015,10.0,0.0201,20.0,999.0,999.0,120.0,150.0,201.0,C,K3,0,99.9,999.0
10043584,14.5,10.0,11.0,2.09,0.0016,,,,9999.0,9999.0,9999.0,9999.0,201.0,C,K3,0,,9999.0
10043585,14.5,11.5,10.0,2.04,0.0017,,,,230.0,494.2,120.0,90.0,201.0,C,K3,0,,230.0
10043586,14.0,10.0,11.0,2.03,0.0015,10.0,0.0213,22.0,180.0,398.0,120.0,85.6,201.0,C,EURO,0,18.0,180.0
10045510,6.0,3.0,2.0,0.175,0.0,,,,9999.0,9999.0,9999.0,9999.0,207.0,C,K3,0,,9999.0
10045518,14.0,10.0,12.0,2.4,0.0017,,,,9999.0,9999.0,9999.0,9999.0,201.0,C,K3,0,,9999.0
10045519,14.2,10.0,11.0,2.25,0.0016,,,,150.0,500.0,120.0,110.0,201.0,C,K3,0,,150.0
10045570,4.6,3.4,3.4,0.07,0.0001,,,,10296.0,745.0,120.0,80.0,205.0,C,K2,0,,10296.0
10045574,6.0,18.0,20.0,0.32,0.0022,30.0,0.0552,10.21,480.0,155.6,120.0,132.1,203.0,A,EURO,1,16.0,480.0
10045575,19.0,6.0,27.0,0.31,0.0031,20.0,0.041,11.0,360.0,200.0,120.0,95.6,203.0,C,EURO,1,18.0,360.0
10045576,14.0,17.5,5.5,0.4,0.0013,30.0,0.0507,12.85,240.0,102.8,120.0,76.0,203.0,A,EURO,1,8.0,240.0
10045577,27.0,18.5,6.0,0.41,0.003,,,,208.0,85.28,120.0,78.0,203.0,C,EURO,1,,208.0
10046001,3.5,11.0,0.3,0.04,0.0,,,,9999.0,9999.0,9999.0,9999.0,207.0,C,K3,0,,9999.0
10046004,5.5,3.5,2.0,0.02,0.0,1.0,0.0,0.02,9999.0,0.02,5.5,2.0,207.0,C,K3,0,9999.0,9999.0
10046438,22.0,8.0,4.5,0.8,0.0008,40.0,0.0384,32.0,22000.0,465.0,120.0,110.0,207.0,B,K3,0,550.0,22000.0
10046909,31.0,63.0,10.0,4.99,0.0195,,,,24.0,119.76,120.0,80.0,207.0,B,EURO,0,,24.0
10048032,200.0,17.5,6.0,3.8,0.021,,,,50.0,165.0,2000.0,95.6,207.0,C,XLONGPALLET,0,,50.0
10048105,13.0,10.0,8.0,0.43,0.001,,,,693.0,322.0,120.0,110.0,205.0,C,K3,0,,693.0
10048121,7.5,7.5,7.5,0.37,0.0004,10.0,0.0075,3.7,99.0,116.57,120.0,110.0,205.0,C,K3,0,9.9,99.0
10048508,10.0,4.5,5.0,0.6,0.0002,,,,480.0,290.0,120.0,95.6,207.0,B,EURO,1,,480.0
10048592,46.0,45.0,46.0,31.0,0.0952,,,,4.0,124.0,120.0,94.0,203.0,A,EURO,1,,4.0
10048894,26.0,4.5,1.0,0.16,0.0001,,,,4000.0,665.0,120.0,110.0,205.0,C,K3,0,,4000.0
10049035,3.5,9.5,2.5,0.15,0.0001,,,,1000.0,175.0,120.0,110.0,207.0,B,K3,0,,1000.0
10049037,3.5,9.5,2.5,0.15,0.0001,40.0,0.012,6.0,2560.0,409.0,120.0,110.0,207.0,C,K3,0,64.0,2560.0
10049048,13.5,4.0,3.0,0.19,0.0002,,,,100.0,44.0,120.0,110.0,205.0,C,K3,0,,100.0
10049052,13.5,4.0,3.0,0.14,0.0002,,,,9999.0,999.0,120.0,100.0,207.0,C,K3,0,,9999.0
10049057,50.0,4.0,2.5,0.38,0.0005,,,,1200.0,458.0,120.0,95.6,205.0,C,EURO,0,,1200.0
10049073,9.0,8.5,3.0,0.1,0.0002,,,,3627.0,390.0,120.0,110.0,203.0,C,K3,0,,3627.0
10049103,7.0,5.0,2.0,0.03,0.0001,,,,1000.0,55.0,120.0,110.0,102.0,C,K3,0,,1000.0
10049367,16.0,9.0,8.0,0.18,0.0012,100.0,0.0609,18.0,900.0,162.0,120.0,81.0,203.0,C,EURO,0,9.0,900.0
10049370,4.5,6.5,13.0,0.09,0.0004,100.0,0.0693,10.33,1200.0,123.0,120.0,117.0,203.0,B,EURO,1,12.0,1200.0
10049371,14.0,5.0,7.0,0.06,0.0005,100.0,0.0742,6.0,800.0,77.0,120.0,80.6,203.0,C,EURO,1,8.0,800.0
10049372,6.0,12.0,15.0,0.3,0.0011,50.0,0.0577,16.11,600.0,182.0,120.0,79.6,203.0,B,EURO,0,12.0,600.0
10049375,16.0,6.0,7.0,0.17,0.0007,100.0,0.0721,17.5,800.0,165.0,120.0,95.0,203.0,C,EURO,0,8.0,800.0
10049376,6.5,7.5,19.0,0.26,0.0009,50.0,0.071,15.17,800.0,135.0,120.0,118.6,203.0,C,EURO,0,16.0,800.0
10049377,9.0,14.0,7.0,0.17,0.0009,80.0,0.0723,14.57,960.0,166.0,120.0,158.6,203.0,C,EURO,0,12.0,960.0
10049378,4.0,9.0,12.0,0.14,0.0004,100.0,0.071,15.46,900.0,128.0,120.0,78.6,203.0,C,EURO,0,9.0,900.0
10049379,33.0,7.0,20.0,1.32,0.0046,10.0,0.0574,14.02,150.0,200.0,120.0,135.6,203.0,C,EURO,0,15.0,150.0
10049384,4.0,0.1,0.1,0.01,0.0,,,,10000.0,125.0,120.0,110.0,207.0,B,K3,0,,10000.0
10049385,4.0,1.4,1.4,0.01,0.0,,,,7000.0,95.0,120.0,110.0,207.0,C,K3,0,,7000.0
10049397,10.0,17.0,9.0,0.81,0.0015,768.0,0.0015,0.81,768.0,637.0,120.0,150.0,201.0,C,K3,0,1.0,768.0
10049398,17.0,11.0,10.0,0.85,0.0019,,,,9999.0,9999.0,9999.0,9999.0,201.0,C,K3,0,,9999.0
10049481,31.5,2.5,9.5,0.64,0.0007,18.0,0.0194,10.0,810.0,452.0,120.0,95.6,210.0,C,EURO,0,45.0,810.0
10049510,32.0,9.7,3.0,0.7,0.0009,15.0,0.0132,10.5,450.0,315.0,120.0,88.0,205.0,C,EURO,0,30.0,450.0
10049531,35.0,6.5,3.0,0.58,0.0007,,,,1116.0,674.0,120.0,110.0,205.0,C,K3,0,,1116.0
10049537,36.0,7.0,3.0,0.4,0.0008,,,,9999.0,9999.0,9999.0,9999.0,205.0,C,K3,0,,9999.0
10049544,35.5,7.0,3.0,0.35,0.0007,,,,9999.0,9999.0,9999.0,9999.0,210.0,C,K1,0,,9999.0
10049545,35.0,6.0,2.5,0.36,0.0005,,,,9999.0,9999.0,9999.0,9999.0,210.0,C,K1,0,,9999.0
10049635,40.0,8.0,3.5,0.6,0.0011,,,,700.0,422.0,120.0,95.6,205.0,C,EURO,0,,700.0
10049713,6.0,5.0,1.0,0.03,0.0,,,,15800.0,499.0,120.0,110.0,205.0,C,K3,0,,15800.0
10049721,23.4,6.5,0.1,0.17,0.0,,,,9999.0,9999.0,9999.0,9999.0,205.0,C,K3,0,,9999.0
10049730,27.0,2.5,0.5,0.13,0.0,1.0,0.0,0.13,9999.0,0.13,27.0,0.5,207.0,C,K3,0,9999.0,9999.0
10049734,27.0,2.5,0.2,0.11,0.0,,,,6590.0,750.0,120.0,10.0,207.0,C,K3,0,,6590.0
10049762,188.0,12.0,10.0,8.87,0.0226,,,,80.0,700.0,188.0,95.6,207.0,C,XLONGPALLET,0,,80.0
10049767,159.0,12.0,11.0,7.45,0.021,,,,49.0,390.0,160.0,80.0,207.0,C,XLONGPALLET,0,,49.0
10049776,31.6,10.7,3.8,0.72,0.0013,,,,1600.0,1001.0,120.0,110.0,207.0,B,K3,0,,1600.0
10049777,32.0,11.0,3.5,0.7,0.0012,9.0,0.0175,6.586,324.0,237.096,120.0,86.0,210.0,C,EURO,0,36.0,324.0
10049907,3.5,9.5,2.5,0.15,0.0001,,,,9999.0,9999.0,9999.0,9999.0,207.0,B,K3,0,,9999.0
10049908,3.0,3.5,9.5,0.15,0.0001,,,,9999.0,9999.0,9999.0,9999.0,207.0,C,K3,0,,9999.0
3461755,12.0,12.0,3.0,0.33,0.0004,,,,1400.0,487.0,120.0,110.0,201.0,C,K3,0,,1400.0
3462834,1.0,1.0,12.5,0.1,0.0,,,,9999.0,9999.0,9999.0,9999.0,207.0,C,K3,0,,9999.0
3462835,13.0,4.0,1.5,0.12,0.0001,,,,5670.0,705.0,120.0,110.0,207.0,C,K3,0,,5670.0
3591008300,13.0,10.0,4.0,0.458,0.0005,60.0,0.0431,23.48,840.0,330.72,120.0,105.6,102.0,C,EURO,0,14.0,840.0
3591008400,13.0,10.0,3.5,0.45,0.0005,60.0,0.0466,27.0,600.0,326.0,120.0,100.6,102.0,C,EURO,0,10.0,600.0
3591013000,12.0,5.0,5.0,0.15,0.0003,36.0,0.01,4.46,9999.0,239.6,120.0,85.6,102.0,C,EURO,1,277.75,9999.0
3592566410,16.0,9.0,6.0,0.55,0.0009,7.0,0.0088,3.85,140.0,79.0,120.0,95.6,102.0,C,EURO,0,20.0,140.0
3592828090,11.5,6.0,2.0,0.17,0.0001,50.0,0.0193,8.5,1600.0,274.0,120.0,95.6,203.0,C,EURO,0,32.0,1600.0
3592829090,11.0,6.0,2.0,0.17,0.0001,,,,4000.0,725.0,120.0,110.0,102.0,C,K3,0,,4000.0
3592830060,10.5,6.0,2.0,0.17,0.0001,,,,4200.0,750.0,120.0,110.0,102.0,C,K3,0,,4200.0
3592830090,11.0,6.0,2.0,0.2,0.0001,5.0,0.001,1.0,2000.0,402.0,120.0,70.6,102.0,C,EURO,0,400.0,2000.0
3614911030,3.0,1.0,1.0,0.01,0.0,,,,9999.0,9999.0,9999.0,9999.0,102.0,C,K3,0,,9999.0
3614913010,1.0,1.0,1.0,0.1,0.0,,,,47500.0,500.0,120.0,110.0,102.0,C,K3,0,,47500.0
3614913020,2.5,2.5,1.0,0.01,0.0,500.0,0.0044,5.0,5000.0,75.0,120.0,110.0,102.0,C,K3,0,10.0,5000.0
3614913030,3.0,3.0,0.6,0.01,0.0,,,,82160.0,846.0,120.0,110.0,102.0,C,K3,0,,82160.0
3614913040,2.5,2.5,1.0,0.01,0.0,750.0,0.0054,7.5,67500.0,675.0,120.0,72.0,102.0,C,EURO,0,90.0,67500.0
3614913060,2.0,2.0,1.0,0.1,0.0,,,,9999.0,9999.0,9999.0,9999.0,102.0,C,K3,0,,9999.0
3614917040,1.8,2.0,1.0,0.05,0.0,,,,14500.0,750.0,120.0,110.0,102.0,C,K3,0,,14500.0
3624913020,6.0,3.0,5.0,0.04,0.0001,,,,7480.0,324.0,120.0,110.0,102.0,C,K3,0,,7480.0
3624923020,6.1,3.1,1.0,0.04,0.0,,,,9999.0,9999.0,9999.0,9999.0,102.0,C,K3,0,,9999.0
3645115000,11.5,2.5,2.0,0.01,0.0001,450.0,0.0354,4.5,9000.0,92.0,120.0,95.6,102.0,C,EURO,0,20.0,9000.0
3651008100,13.0,10.0,4.0,0.02,0.0005,1000.0,0.0177,18.0,24000.0,434.0,120.0,65.6,102.0,C,EURO,0,24.0,24000.0
3670000029,35.0,29.0,0.01,0.04,0.0,,,,4646.0,77.0,120.0,95.6,102.0,C,EURO,0,,4646.0
3670000034,35.0,29.0,0.01,0.04,0.0,,,,11875.0,500.0,120.0,110.0,102.0,C,K3,0,,11875.0
3670000056,29.0,18.0,0.1,0.7,0.0001,225.0,0.0448,15.75,10125.0,477.0,120.0,95.6,102.0,C,EURO,0,45.0,10125.0
3670000084,33.0,6.0,0.01,0.01,0.0,200.0,0.0163,2.0,4000.0,42.0,120.0,95.6,102.0,C,EURO,0,20.0,4000.0
3670000089,24.0,6.0,0.01,0.01,0.0,900.0,0.0304,9.0,18000.0,205.0,120.0,110.0,102.0,C,K3,0,20.0,18000.0
3670000092,37.0,12.0,0.01,0.04,0.0,250.0,0.0257,10.0,5000.0,202.0,120.0,95.6,102.0,C,EURO,0,20.0,5000.0
3670000110,39.5,17.5,0.3,0.01,0.0002,,,,4750.0,302.0,120.0,95.6,102.0,C,EURO,0,,4750.0
3670000112,57.0,23.5,0.5,0.04,0.0007,,,,2458.0,77.0,120.0,95.6,102.0,C,EURO,0,,2458.0
3670000130,58.0,8.0,0.5,0.08,0.0002,,,,2000.0,377.0,120.0,95.6,102.0,C,EURO,0,,2000.0
3670000302,100.0,60.0,1.0,0.2,0.006,25.0,0.125,5.0,450.0,92.0,120.0,85.6,102.0,C,EURO,0,18.0,450.0
3670000307,46.0,80.0,1.5,0.25,0.0055,,,,180.0,22.0,120.0,95.6,102.0,C,EURO,0,,180.0
3670000315,30.0,29.6,1.0,0.01,0.0009,,,,4750.0,477.0,120.0,195.6,102.0,C,EURO,0,,4750.0
3670000316,46.0,29.5,1.0,0.4,0.0014,20.0,0.0237,4.0,1200.0,477.0,120.0,170.6,102.0,C,EURO,0,60.0,1200.0
3670000320,60.0,1.4,1.0,0.32,0.0001,15.0,0.0084,4.8,720.0,98.0,120.0,95.6,102.0,C,EURO,0,48.0,720.0
3670000327,63.0,44.0,0.5,0.12,0.0014,15.0,0.9314,5.3,240.0,170.0,120.0,85.6,102.0,C,EURO,0,16.0,240.0
3670000333,196.0,62.0,0.5,0.8,0.0061,86.0,0.4496,68.8,172.0,137.6,196.0,72.0,102.0,C,XLONGPALLET,0,2.0,172.0
3670000334,242.0,62.5,0.5,0.99,0.0076,,,,228.0,200.0,245.0,95.6,102.0,C,XLONGPALLET,0,,228.0
3670000336,199.0,15.0,1.0,0.32,0.003,10.0,0.0239,3.2,700.0,199.0,200.0,110.6,102.0,C,XLONGPALLET,0,70.0,700.0
3670000338,174.0,1.4,0.2,0.26,0.0,10.0,0.0122,2.6,1560.0,380.0,174.0,135.6,102.0,C,XLONGPALLET,0,156.0,1560.0
3670000339,200.0,64.0,34.5,3.0,0.4416,,,,8.0,50.0,200.0,115.6,102.0,C,XLONGPALLET,0,,8.0
3670000361,41.0,31.0,0.5,0.16,0.0006,15.0,0.0095,2.4,600.0,98.0,120.0,80.6,102.0,C,EURO,0,40.0,600.0
3670000364,54.0,29.0,1.0,0.2,0.0016,15.0,0.0298,3.0,360.0,62.0,120.0,95.6,102.0,C,EURO,0,24.0,360.0
3671754000,21.5,10.0,0.01,0.01,0.0,600.0,0.0312,6.0,14400.0,146.0,120.0,95.6,102.0,C,EURO,0,24.0,14400.0
3675541000,21.0,10.0,0.01,0.01,0.0,600.0,0.0317,6.0,14400.0,110.0,120.0,100.6,102.0,C,EURO,0,24.0,14400.0
3683893060,86.5,1.0,0.3,0.16,0.0,,,,2968.0,474.88,120.0,15.0,102.0,C,EURO,0,,2968.0
3683981050,53.5,1.0,0.2,0.09,0.0,1000.0,0.0504,90.0,7000.0,630.0,120.0,80.0,102.0,C,EURO,0,7.0,7000.0
3684913130,170.0,2.0,0.5,0.74,0.0002,,,,920.0,680.8,170.0,11.5,102.0,C,XLONGPALLET,0,,920.0
3684923030,170.0,2.5,0.4,0.9,0.0002,,,,500.0,450.0,250.0,95.6,102.0,C,XLONGPALLET,0,,500.0
3684923060,217.0,2.3,0.3,1.0,0.0001,100.0,0.006,100.0,100.0,450.0,220.0,135.6,102.0,C,XLONGPALLET,0,1.0,100.0
3684923080,86.5,1.0,0.5,0.14,0.0,,,,2000.0,280.0,120.0,12.5,102.0,C,EURO,0,,2000.0
3684923130,170.0,2.0,0.3,0.8,0.0001,,,,880.0,704.0,170.0,6.6,102.0,C,XLONGPALLET,0,,880.0
3701435006,15.5,10.0,2.0,0.3,0.0003,50.0,0.02,15.0,1000.0,302.0,120.0,95.6,102.0,C,EURO,0,20.0,1000.0
3704920537,19.0,6.0,0.2,0.06,0.0,,,,7500.0,452.0,120.0,95.6,102.0,C,EURO,0,,7500.0
3706602310,23.5,9.0,2.0,0.65,0.0004,25.0,0.0143,16.25,1125.0,731.25,120.0,70.0,102.0,C,EURO,0,45.0,1125.0
3714109171,17.5,9.0,2.5,0.5,0.0004,50.0,0.0168,25.0,1000.0,502.0,120.0,95.6,102.0,C,EURO,0,20.0,1000.0
3714913005,15.0,4.5,1.5,0.49,0.0001,40.0,0.0066,8.0,2360.0,474.0,120.0,95.6,102.0,C,EURO,0,59.0,2360.0
3714923055,20.0,10.0,1.5,0.76,0.0003,25.0,0.014,20.06,750.0,601.8,120.0,65.0,102.0,C,EURO,0,30.0,750.0
3714926055,20.0,10.0,1.5,0.69,0.0003,,,,688.0,477.0,120.0,95.6,102.0,C,EURO,0,,688.0
3714989055,21.0,2.0,10.0,0.65,0.0004,25.0,0.0136,16.25,44.0,712.8,120.0,75.0,102.0,C,EURO,0,1.76,44.0
3724917000,25.0,11.0,1.0,0.38,0.0003,75.0,0.0353,29.0,1500.0,572.0,120.0,85.6,102.0,C,EURO,0,20.0,1500.0
3724918000,25.0,9.5,1.5,0.4,0.0004,75.0,0.0363,30.0,900.0,360.0,120.0,72.0,102.0,C,EURO,0,12.0,900.0
3724923000,20.0,9.5,1.0,0.3,0.0002,75.0,0.037,22.5,1500.0,452.0,120.0,95.6,102.0,C,EURO,0,20.0,1500.0
3733981190,1.5,1.0,0.2,0.01,0.0,,,,9999.0,9999.0,9999.0,9999.0,102.0,C,K3,0,,9999.0
3733981910,3.0,2.5,1.0,0.1,0.0,,,,1000.0,125.0,120.0,110.0,102.0,C,K3,0,,1000.0
3733983920,3.0,2.0,1.0,0.01,0.0,,,,9999.0,9999.0,9999.0,9999.0,102.0,C,K3,0,,9999.0
3733983930,2.0,2.0,0.1,1.0,0.0,,,,470.0,495.0,120.0,110.0,102.0,C,K3,0,,470.0
3733983940,2.0,1.5,0.5,0.01,0.0,,,,30210.0,327.0,120.0,110.0,102.0,C,K3,0,,30210.0
3733991900,4.5,1.5,0.2,0.01,0.0,,,,93507.0,960.0,120.0,110.0,102.0,C,K3,0,,93507.0
3733991910,3.0,2.0,1.0,0.01,0.0,500.0,0.0054,5.0,10000.0,125.0,120.0,110.0,102.0,C,K3,0,20.0,10000.0
3733996910,5.5,2.7,0.2,0.01,0.0,,,,7000.0,95.0,120.0,110.0,102.0,C,K3,0,,7000.0
3733996920,6.5,3.7,0.3,0.02,0.0,,,,9999.0,9999.0,9999.0,9999.0,102.0,C,K3,0,,9999.0
3733996930,0.0,0.0,0.0,0.0,0.0,,,,9999.0,9999.0,9999.0,9999.0,102.0,C,K3,0,,9999.0
3734913500,5.5,3.5,0.5,0.06,0.0,250.0,0.005,15.0,5000.0,325.0,120.0,110.0,102.0,C,K3,0,20.0,5000.0
3734913600,2.5,2.0,1.5,0.02,0.0,,,,43020.0,885.4,120.0,110.0,102.0,C,K3,0,,43020.0
3734923900,3.7,1.7,0.03,0.001,0.0,500.0,0.0026,2.35,140000.0,658.0,120.0,84.0,102.0,C,K3,0,280.0,140000.0
7066910070,8.0,1.0,0.5,0.02,0.0,150.0,0.018,3.0,5400.0,108.0,120.0,75.0,102.0,C,K3,0,36.0,5400.0
7170014,26.5,2.7,0.1,0.11,0.0,,,,9999.0,9999.0,9999.0,9999.0,207.0,C,K1,0,,9999.0
7170015,21.5,5.5,0.1,0.08,0.0,25.0,0.0083,2.02,1600.0,129.28,120.0,92.0,205.0,C,EURO,0,64.0,1600.0
7170016,21.3,2.5,0.15,0.06,0.0,,,,9999.0,9999.0,9999.0,9999.0,207.0,C,K1,0,,9999.0
7170057,13.0,3.5,0.1,0.03,0.0,,,,9999.0,9999.0,9999.0,9999.0,102.0,C,K2,0,,9999.0
7170113,5.0,2.0,1.0,0.1,0.0,,,,9999.0,9999.0,9999.0,9999.0,102.0,C,K1,0,,9999.0
7170222,8.0,3.5,1.5,0.03,0.0,500.0,0.0076,15.0,15000.0,475.0,120.0,120.0,102.0,A,K3,0,30.0,15000.0
7170233,13.0,5.0,3.0,0.41,0.0002,,,,1000.0,433.0,120.0,100.0,207.0,B,K3,0,,1000.0
7170234,8.0,4.4,0.2,0.04,0.0,,,,11800.0,497.0,120.0,110.0,207.0,A,K3,0,,11800.0
7170344,16.5,4.0,0.1,0.04,0.0,,,,10000.0,425.0,120.0,90.0,102.0,B,K3,0,,10000.0
7170345,16.5,4.5,0.2,0.04,0.0,,,,10000.0,423.0,120.0,100.0,207.0,B,K3,0,,10000.0
7170346,16.2,4.3,0.02,0.05,0.0,,,,14400.0,720.0,120.0,3.0,205.0,C,K3,0,,14400.0
7170347,16.5,2.1,2.0,0.05,0.0001,,,,9999.0,9999.0,9999.0,9999.0,207.0,C,K3,0,,9999.0
7170373,16.5,4.0,0.1,0.04,0.0,,,,10000.0,402.0,120.0,95.6,207.0,B,EURO,0,,10000.0
7170379,8.0,4.0,1.0,0.2,0.0,,,,2300.0,485.0,120.0,110.0,207.0,B,K3,0,,2300.0
7170381,8.0,4.0,0.1,0.02,0.0,50.0,0.0008,1.0,9999.0,9999.0,9999.0,9999.0,207.0,C,K3,0,199.98,9999.0
7170382,8.0,4.2,0.01,0.05,0.0,,,,999999.0,9999.0,120.0,120.0,207.0,B,K1,0,,999999.0
7170389,11.0,2.5,0.3,0.05,0.0,,,,9000.0,475.0,120.0,110.0,207.0,A,K3,0,,9000.0
7170397,10.5,3.0,0.01,0.03,0.0,,,,3900.0,725.0,120.0,95.6,102.0,C,EURO,0,,3900.0
7170400,10.0,2.5,0.1,0.03,0.0,,,,23750.0,500.0,120.0,110.0,207.0,C,K3,0,,23750.0
7171049,10.0,2.2,2.2,0.1,0.0,,,,7250.0,727.0,120.0,95.6,102.0,C,K3,0,,7250.0
7172200,4.5,4.0,1.3,0.06,0.0,,,,7916.0,500.0,120.0,110.0,102.0,C,K3,0,,7916.0
7185014,9.0,9.0,6.0,0.52,0.0005,,,,520.0,295.0,120.0,110.0,102.0,C,K3,0,,520.0
7225013,12.5,7.0,2.0,0.27,0.0002,60.0,0.0177,16.2,2160.0,583.2,120.0,88.0,102.0,B,EURO,0,36.0,2160.0
7225014,7.0,6.0,1.5,0.24,0.0001,60.0,0.0176,13.0,2160.0,470.0,120.0,95.6,102.0,B,EURO,0,36.0,2160.0
7225016,17.0,7.0,2.0,0.45,0.0002,25.0,0.0105,11.0,1000.0,442.0,120.0,135.6,102.0,C,EURO,0,40.0,1000.0
7225106,16.0,9.0,6.5,0.9,0.0009,20.0,0.0218,18.0,400.0,362.0,120.0,65.6,203.0,B,EURO,0,20.0,400.0
7225107,16.5,9.0,6.0,0.97,0.0009,20.0,0.0222,20.0,400.0,402.0,120.0,95.6,203.0,C,EURO,0,20.0,400.0
7225108,16.0,9.0,6.0,0.9,0.0009,20.0,0.0212,18.0,440.0,398.0,120.0,95.6,203.0,B,EURO,0,22.0,440.0
7225109,16.0,9.0,6.0,0.97,0.0009,20.0,0.0228,19.4,999999.0,9999.0,120.0,120.0,203.0,B,EURO,0,49999.95,999999.0
7225120,16.0,9.5,9.0,0.91,0.0014,20.0,0.0343,18.83,500.0,472.75,120.0,100.6,203.0,A,EURO,0,25.0,500.0
7225121,9.0,16.0,9.0,1.0,0.0013,20.0,0.0343,18.83,500.0,472.75,120.0,100.6,203.0,B,EURO,0,25.0,500.0
7225123,9.0,16.5,9.0,1.0,0.0013,20.0,0.0343,18.83,500.0,472.75,120.0,105.6,203.0,B,EURO,0,25.0,500.0
7225124,20.0,9.0,88.0,1.8,0.0158,,,,100.0,205.0,120.0,110.0,207.0,C,K3,0,,100.0
7225125,6.0,3.0,1.0,0.01,0.0,,,,9999.0,9999.0,9999.0,9999.0,207.0,C,K3,0,,9999.0
7225500,115.0,11.0,9.0,2.96,0.0114,,,,240.0,712.0,120.0,95.6,205.0,C,EURO,0,,240.0
7225508,115.0,11.0,10.0,4.74,0.0126,,,,70.0,320.0,120.0,85.6,207.0,C,EURO,0,,70.0
7225512,114.0,11.0,9.0,4.88,0.0113,,,,63.0,307.44,120.0,81.0,207.0,C,EURO,0,,63.0
7225532,88.0,16.0,9.0,3.308,0.0127,,,,40.0,134.32,120.0,85.6,207.0,C,EURO,0,,40.0
7225536,116.0,16.0,3.0,3.6,0.0056,,,,75.0,272.0,120.0,95.6,207.0,C,EURO,0,,75.0
7225540,117.0,16.0,8.0,4.79,0.015,,,,40.0,191.6,120.0,80.0,207.0,C,EURO,0,,40.0
7225580,117.0,15.5,8.0,5.6,0.0145,,,,90.0,496.0,120.0,135.6,207.0,C,EURO,0,,90.0
7225584,117.0,16.0,8.0,3.0,0.015,,,,50.0,150.0,120.0,80.0,207.0,C,EURO,0,,50.0
7225602,17.0,9.0,6.0,0.83,0.0009,,,,1008.0,861.0,120.0,110.0,207.0,C,K1,0,,1008.0
7226831,6.5,7.0,13.0,0.63,0.0006,,,,9999.0,9999.0,9999.0,9999.0,201.0,C,K3,0,,9999.0
7226833,12.8,6.4,7.0,0.66,0.0006,,,,1000.0,685.0,120.0,110.0,201.0,C,K3,0,,1000.0
7262011,24.0,10.0,2.5,0.704,0.0006,,,,9999.0,9999.0,9999.0,9999.0,207.0,B,K3,0,,9999.0
7262013,2.5,24.5,12.0,0.74,0.0007,15.0,0.0168,12.0,585.0,470.0,120.0,135.6,207.0,B,EURO,0,39.0,585.0
7262014,24.0,12.0,2.5,0.8,0.0007,,,,1140.0,937.0,120.0,110.0,207.0,C,K3,0,,1140.0
7262016,2.5,24.0,9.5,0.72,0.0006,25.0,0.0176,18.0,900.0,640.0,120.0,85.6,207.0,C,EURO,0,36.0,900.0
7262018,12.0,24.0,2.5,0.8,0.0007,25.0,0.0168,20.0,900.0,712.0,120.0,85.6,207.0,B,EURO,0,36.0,900.0
7262033,30.0,11.0,1.0,0.75,0.0003,,,,9999.0,9999.0,9999.0,9999.0,207.0,C,K3,0,,9999.0
7262053,23.5,10.0,2.0,0.61,0.0005,,,,999999.0,9999.0,120.0,120.0,207.0,C,K3,0,,999999.0
7262091,24.5,10.0,2.5,0.6,0.0006,,,,20.0,37.0,120.0,110.0,205.0,C,K3,0,,20.0
7262093,12.0,24.0,2.5,0.65,0.0007,15.0,0.0168,10.12,540.0,366.0,120.0,100.0,207.0,C,K3,0,36.0,540.0
7262117,24.0,12.0,2.5,0.76,0.0007,15.0,0.0175,11.4,540.0,412.0,120.0,65.6,207.0,C,EURO,0,36.0,540.0
7262118,24.0,12.0,2.0,0.79,0.0006,,,,9999.0,9999.0,9999.0,9999.0,205.0,C,K3,0,,9999.0
7262215,24.0,9.5,2.5,0.73,0.0006,15.0,0.0176,11.0,600.0,442.0,120.0,95.6,207.0,A,EURO,0,40.0,600.0
7262220,23.5,8.0,2.0,0.62,0.0004,,,,999999.0,9999.0,120.0,120.0,207.0,C,K3,0,,999999.0
7262222,29.0,11.0,3.0,0.692,0.001,,,,9999.0,9999.0,9999.0,9999.0,207.0,C,K3,0,,9999.0
7262320,24.0,9.5,2.5,0.65,0.0006,15.0,0.0176,9.75,600.0,405.0,120.0,110.0,207.0,C,K3,0,40.0,600.0
7262435,24.0,9.5,2.5,0.7,0.0006,15.0,0.0171,10.5,165.0,140.0,120.0,120.0,207.0,A,EURO,0,11.0,165.0
7262531,2.5,24.0,10.0,0.76,0.0006,15.0,0.0168,12.0,840.0,630.0,120.0,95.6,207.0,A,K3,0,56.0,840.0
7262535,24.0,10.0,2.5,0.75,0.0006,15.0,0.0176,11.25,540.0,407.0,120.0,105.6,207.0,A,EURO,0,36.0,540.0
7262660,24.0,10.0,2.5,0.73,0.0006,,,,300.0,241.0,120.0,110.0,207.0,C,K3,0,,300.0
7262661,24.0,10.0,2.5,0.73,0.0006,,,,300.0,241.0,120.0,110.0,207.0,C,K3,0,,300.0
7262666,24.2,9.5,2.5,0.76,0.0006,,,,953.0,750.0,120.0,110.0,207.0,C,K3,0,,953.0
7262667,24.0,10.0,2.5,0.764,0.0006,,,,9999.0,9999.0,9999.0,9999.0,207.0,C,K3,0,,9999.0
7263435,24.0,9.5,2.5,0.7,0.0006,15.0,0.0178,15.5,9999.0,9999.0,120.0,100.0,207.0,C,K3,0,666.6,9999.0
7263535,24.0,10.0,2.5,0.75,0.0006,25.0,0.0216,18.75,600.0,475.0,120.0,110.0,207.0,A,K3,0,24.0,600.0
7264600,24.0,9.8,2.9,1.3,0.0007,,,,100.0,132.0,120.0,95.6,205.0,C,EURO,0,,100.0
7264601,24.0,9.5,2.5,0.75,0.0006,,,,625.0,493.0,120.0,110.0,207.0,C,K3,0,,625.0
7264602,23.5,9.5,2.0,0.67,0.0004,,,,999999.0,9999.0,120.0,120.0,205.0,C,K3,0,,999999.0
7264603,24.5,2.5,9.5,0.77,0.0006,,,,30.0,361.0,120.0,150.0,205.0,C,K3,0,,30.0
7264604,24.0,10.0,2.5,0.79,0.0006,15.0,0.0169,11.85,360.0,309.4,120.0,80.0,207.0,C,K3,0,24.0,360.0
7264605,24.0,10.0,2.5,0.796,0.0006,,,,570.0,478.72,120.0,90.0,207.0,C,K3,0,,570.0
7264610,24.3,9.7,2.3,0.77,0.0005,,,,9999.0,9999.0,9999.0,9999.0,207.0,C,K3,0,,9999.0
7264611,24.0,10.0,3.0,0.76,0.0007,,,,525.0,424.0,120.0,90.0,207.0,C,K3,0,,525.0
7264614,24.0,10.0,2.5,0.82,0.0006,15.0,0.0174,12.3,999999.0,9999.0,120.0,120.0,207.0,B,K3,0,66666.6,999999.0
7264615,24.5,9.5,2.5,0.81,0.0006,,,,300.0,268.0,120.0,110.0,207.0,C,K3,0,,300.0
7264620,24.0,9.5,2.5,0.75,0.0006,15.0,0.0176,11.25,600.0,475.0,120.0,110.0,205.0,C,EURO,0,40.0,600.0
7264621,24.0,10.0,2.5,0.9,0.0006,,,,800.0,720.0,120.0,50.0,205.0,C,K3,0,,800.0
7264624,24.0,9.5,2.5,0.8,0.0006,15.0,0.0183,12.0,540.0,434.0,120.0,95.6,207.0,C,EURO,0,36.0,540.0
7264625,24.0,9.0,2.5,0.8,0.0005,15.0,0.0179,4.0,720.0,194.0,120.0,95.6,205.0,C,EURO,0,48.0,720.0
7265614,24.5,10.0,2.5,0.81,0.0006,,,,9999.0,9999.0,9999.0,9999.0,207.0,C,K3,0,,9999.0
7266445,24.0,9.5,2.5,0.8,0.0006,15.0,0.0176,12.0,570.0,481.0,120.0,90.0,207.0,A,K3,0,38.0,570.0
7266446,24.0,10.0,2.5,0.806,0.0006,,,,9999.0,9999.0,9999.0,9999.0,207.0,C,K3,0,,9999.0
7266545,2.5,24.0,10.0,0.84,0.0006,15.0,0.0168,13.0,540.0,477.0,120.0,135.6,207.0,A,EURO,0,36.0,540.0
7266546,24.0,2.5,9.5,0.85,0.0006,15.0,0.0175,13.07,750.0,655.5,120.0,108.1,207.0,A,EURO,0,50.0,750.0
7266551,29.5,10.5,3.0,0.88,0.0009,15.0,0.018,13.2,9999.0,9999.0,120.0,100.0,207.0,B,K3,0,666.6,9999.0
7266553,29.0,10.0,3.0,0.86,0.0009,16.0,0.0176,13.75,1000.0,999.0,120.0,150.0,207.0,C,K3,0,62.5,1000.0
7266554,20.0,9.5,3.0,0.45,0.0006,16.0,0.0213,7.2,9999.0,9999.0,9999.0,9999.0,207.0,C,K3,0,624.9375,9999.0
7266556,29.5,10.5,3.0,0.81,0.0009,,,,9999.0,9999.0,9999.0,9999.0,205.0,C,K1,0,,9999.0
7266558,30.0,11.0,3.0,0.9,0.001,,,,1200.0,1095.0,120.0,180.0,205.0,C,K3,0,,1200.0
7266601,24.5,9.5,2.5,0.83,0.0006,15.0,0.0176,12.45,999999.0,9999.0,120.0,120.0,207.0,B,K3,0,66666.6,999999.0
7266603,24.0,12.0,2.0,0.33,0.0006,,,,1000.0,355.0,120.0,110.0,207.0,C,K3,0,,1000.0
7266604,24.5,12.5,2.5,0.9,0.0008,,,,100.0,115.0,120.0,110.0,207.0,C,K3,0,,100.0
7266606,24.0,10.0,2.5,0.84,0.0006,,,,550.0,487.0,120.0,110.0,205.0,C,K3,0,,550.0
7266608,24.0,12.0,2.5,0.88,0.0007,25.0,0.0172,22.0,525.0,487.0,120.0,90.0,207.0,B,K3,0,21.0,525.0
7266619,24.0,10.0,2.0,0.5,0.0005,,,,1000.0,500.0,120.0,30.0,207.0,C,EURO,0,,1000.0
7266805,2.5,18.0,9.5,0.45,0.0004,30.0,0.0168,13.5,1020.0,484.0,120.0,100.0,207.0,B,K3,0,34.0,1020.0
7266807,18.0,10.0,3.0,0.45,0.0005,,,,2880.0,1311.0,120.0,180.0,205.0,C,K3,0,,2880.0
7266905,18.0,10.0,3.0,0.49,0.0005,,,,9999.0,9999.0,9999.0,9999.0,207.0,C,K3,0,,9999.0
7266907,18.0,10.0,3.0,0.5,0.0005,30.0,0.0169,15.0,810.0,407.0,120.0,65.6,207.0,C,EURO,0,27.0,810.0
7267435,24.0,10.0,2.5,0.809,0.0006,,,,9999.0,9999.0,9999.0,9999.0,207.0,C,K3,0,,9999.0
7267535,24.0,9.5,2.5,0.85,0.0006,15.0,0.0173,12.75,480.0,433.0,120.0,80.0,207.0,B,K3,0,32.0,480.0
7267805,18.0,10.0,3.0,0.45,0.0005,,,,9999.0,9999.0,9999.0,9999.0,205.0,C,K3,0,,9999.0
7267808,16.0,9.5,2.5,0.48,0.0004,,,,999999.0,9999.0,120.0,120.0,205.0,C,K3,0,,999999.0
7267905,18.0,9.5,2.5,0.76,0.0004,,,,1510.0,750.0,120.0,110.0,207.0,C,K3,0,,1510.0
7268500,2.5,9.5,24.5,0.91,0.0006,,,,9999.0,9999.0,9999.0,9999.0,207.0,B,K3,0,,9999.0
7268501,24.0,10.0,3.0,0.66,0.0007,,,,100.0,68.0,120.0,95.6,207.0,C,EURO,0,,100.0
7268502,24.0,9.0,2.0,1.0,0.0004,15.0,0.0163,15.0,1000.0,999.0,120.0,150.0,207.0,B,K3,0,66.6667,1000.0
7268503,24.0,10.0,2.5,0.9,0.0006,,,,2592.0,2347.0,120.0,180.0,205.0,C,K3,0,,2592.0
7268570,24.0,9.0,2.5,1.0,0.0005,15.0,0.0172,15.0,405.0,430.0,120.0,90.0,207.0,A,K3,0,27.0,405.0
7268571,24.0,10.0,3.0,0.98,0.0007,,,,9999.0,9999.0,9999.0,9999.0,207.0,C,K3,0,,9999.0
7268572,24.3,2.2,9.1,0.9,0.0005,15.0,0.0173,14.0,405.0,450.0,120.0,110.0,207.0,A,K3,0,27.0,405.0
7268573,24.0,10.0,3.0,0.97,0.0007,,,,200.0,219.0,120.0,110.0,207.0,C,K3,0,,200.0
7269570,24.5,9.5,2.5,0.98,0.0006,,,,9999.0,9999.0,9999.0,9999.0,207.0,B,K3,0,,9999.0
7269572,24.5,10.0,2.5,0.98,0.0006,,,,9999.0,9999.0,9999.0,9999.0,207.0,B,K3,0,,9999.0
7270435,24.0,9.5,2.5,0.55,0.0006,15.0,0.0172,8.25,9999.0,9999.0,120.0,150.0,207.0,C,K3,0,666.6,9999.0
7270535,24.0,9.5,2.5,0.6,0.0006,15.0,0.0172,9.0,9999.0,9999.0,120.0,150.0,207.0,B,K3,0,666.6,9999.0
7271535,24.5,9.8,2.5,0.67,0.0006,,,,1074.0,719.58,120.0,82.5,205.0,C,K3,0,,1074.0
7272215,24.0,9.5,2.0,0.62,0.0005,15.0,0.0184,9.3,999999.0,999.0,120.0,120.0,102.0,A,K3,0,66666.6,999999.0
7272220,24.0,10.0,2.5,0.64,0.0006,,,,2592.0,1673.0,120.0,180.0,205.0,C,K3,0,,2592.0
7272320,24.0,10.0,2.5,0.678,0.0006,,,,9999.0,9999.0,9999.0,9999.0,207.0,C,K3,0,,9999.0
7272435,24.0,10.0,2.5,0.7,0.0006,,,,600.0,445.0,120.0,110.0,207.0,B,K3,0,,600.0
7272535,24.0,10.0,2.5,0.65,0.0006,15.0,0.0173,9.88,495.0,351.0,120.0,110.0,207.0,A,K3,0,33.0,495.0
7272660,24.0,9.5,2.5,0.63,0.0006,,,,9999.0,9999.0,9999.0,9999.0,207.0,C,K3,0,,9999.0
7272661,24.2,9.5,2.0,0.63,0.0005,,,,1100.0,695.0,120.0,95.6,207.0,C,EURO,0,,1100.0
7273215,24.5,2.5,9.5,0.74,0.0006,15.0,0.018,11.5,720.0,547.0,120.0,150.0,207.0,A,EURO,0,48.0,720.0
7273435,24.0,9.5,2.5,0.71,0.0006,15.0,0.0169,10.63,540.0,407.0,120.0,110.0,207.0,B,K3,0,36.0,540.0
7273535,2.5,24.0,9.5,0.76,0.0006,15.0,0.0168,11.6,600.0,489.0,120.0,120.0,207.0,A,K3,0,40.0,600.0
7273657,24.0,10.0,2.5,0.7,0.0006,15.0,0.0176,11.0,480.0,366.0,120.0,110.0,999.0,C,K3,0,32.0,480.0
7273658,23.5,10.0,2.0,0.73,0.0005,,,,999999.0,9999.0,120.0,120.0,207.0,C,K3,0,,999999.0
7273659,24.0,10.0,2.5,0.74,0.0006,,,,2160.0,0.74,24.0,2.5,205.0,C,K3,0,,2160.0
7273660,24.0,10.0,2.5,0.65,0.0006,22.0,0.0169,14.0,1000.0,999.0,120.0,150.0,205.0,C,K3,0,45.4545,1000.0
7273661,24.0,9.5,2.5,0.66,0.0006,,,,9999.0,9999.0,9999.0,9999.0,205.0,C,K3,0,,9999.0
7274005,29.5,10.5,3.0,0.87,0.0009,,,,868.0,780.0,120.0,110.0,205.0,B,K3,0,,868.0
7275535,24.0,10.0,3.0,0.75,0.0007,,,,960.0,720.0,120.0,72.0,207.0,A,K3,0,,960.0
7276535,110.0,1.5,2.0,0.716,0.0003,15.0,0.0185,7.6,540.0,273.6,120.0,88.0,207.0,C,EURO,0,36.0,540.0
7277535,25.0,10.0,3.0,0.75,0.0008,,,,9999.0,9999.0,9999.0,9999.0,207.0,B,K3,0,,9999.0
7302287,16.0,2.0,8.0,0.3,0.0003,60.0,0.0182,18.0,2160.0,640.0,120.0,135.6,102.0,B,EURO,0,36.0,2160.0
7302289,15.2,1.8,8.0,0.28,0.0002,60.0,0.0168,17.0,1620.0,462.0,120.0,95.6,102.0,B,EURO,0,27.0,1620.0
7326050,15.3,6.0,2.7,0.26,0.0002,,,,1770.0,485.2,120.0,90.0,201.0,C,K3,0,,1770.0
7326052,15.5,6.0,3.0,0.25,0.0003,50.0,0.0192,12.5,1800.0,475.0,120.0,100.0,201.0,A,K3,0,36.0,1800.0
7326122,15.0,8.0,2.0,0.25,0.0002,60.0,0.0188,15.0,1620.0,405.0,120.0,69.0,102.0,B,EURO,0,27.0,1620.0
7328201,15.0,8.0,2.0,0.23,0.0002,60.0,0.02,13.86,2160.0,498.96,120.0,90.0,102.0,B,EURO,0,36.0,2160.0
7348433,15.0,8.0,2.0,0.3,0.0002,60.0,0.016,16.6,1800.0,477.0,120.0,65.6,102.0,C,EURO,0,30.0,1800.0
7381555,15.0,7.0,3.0,0.23,0.0003,50.0,0.0199,12.9,1800.0,464.4,120.0,96.0,207.0,A,EURO,0,36.0,1800.0
7381556,8.0,5.0,3.0,0.23,0.0001,,,,2550.0,588.0,120.0,95.6,1.0,C,EURO,0,,2550.0
7381670,1.0,1.0,1.0,0.01,0.0,,,,9999.0,9999.0,9999.0,9999.0,201.0,C,K3,0,,9999.0
7382001,10.0,5.0,3.5,0.16,0.0002,,,,500.0,999.0,999.0,999.0,201.0,C,K3,0,,500.0
7382003,10.5,5.2,3.2,0.35,0.0002,,,,1000.0,375.0,120.0,110.0,201.0,C,K3,0,,1000.0
7385509,20.0,15.0,0.1,0.136,0.0,,,,3300.0,473.8,120.0,90.0,201.0,C,K3,0,,3300.0
7395692,12.5,9.0,6.0,2.2,0.0007,6.0,0.0026,13.0,216.0,470.0,120.0,65.6,207.0,B,EURO,0,36.0,216.0
7398250,10.0,4.5,3.0,0.21,0.0001,,,,1000.0,235.0,120.0,100.0,205.0,C,K3,0,,1000.0
7410990121,19.5,4.0,3.0,0.47,0.0002,,,,720.0,338.4,120.0,25.6,1.0,C,EURO,0,,720.0
7410990122,20.0,2.0,2.0,0.37,0.0001,,,,1728.0,664.0,120.0,110.0,1.0,C,K3,0,,1728.0
7492690000,2.0,2.0,2.5,0.3,0.0,,,,1583.0,499.9,120.0,110.0,102.0,C,K3,0,,1583.0
7574010,6.0,3.0,0.5,0.1,0.0,,,,9999.0,9999.0,9999.0,9999.0,207.0,C,K1,0,,9999.0
7962001,24.0,9.5,2.5,0.75,0.0006,15.0,0.0169,11.25,600.0,475.0,120.0,110.0,207.0,B,K3,0,40.0,600.0
7962002,24.0,10.0,2.5,0.7,0.0006,15.0,0.0165,11.0,999.0,999.0,120.0,150.0,207.0,C,K3,0,66.6,999.0
7962003,24.0,9.5,2.5,0.683,0.0006,,,,9999.0,9999.0,9999.0,9999.0,207.0,B,K3,0,,9999.0
7962006,24.0,9.5,2.5,0.7,0.0006,15.0,0.0175,10.5,300.0,235.0,120.0,110.0,207.0,B,K3,0,20.0,300.0
7962011,24.3,9.5,2.5,0.68,0.0006,,,,9999.0,9999.0,9999.0,9999.0,207.0,C,K1,0,,9999.0
7962016,2.5,24.0,9.5,0.7,0.0006,15.0,0.016,11.0,540.0,500.0,120.0,110.0,207.0,A,K3,0,36.0,540.0
7962019,2.5,24.0,10.0,0.55,0.0006,15.0,0.0195,9.0,480.0,279.0,120.0,180.0,205.0,C,K3,0,32.0,480.0
7962024,24.0,9.5,2.5,0.7,0.0006,,,,100.0,80.0,120.0,28.0,205.0,C,K3,0,,100.0
7962025,24.0,9.5,2.5,0.66,0.0006,,,,9999.0,9999.0,9999.0,9999.0,205.0,C,K1,0,,9999.0
7962026,24.0,10.0,2.5,0.571,0.0006,,,,800.0,481.8,120.0,90.0,207.0,C,K3,0,,800.0
7962036,24.0,10.0,2.5,0.572,0.0006,,,,9999.0,9999.0,9999.0,9999.0,207.0,C,K3,0,,9999.0
7962039,24.0,9.5,2.5,0.62,0.0006,15.0,0.0172,9.3,540.0,359.0,120.0,110.0,207.0,C,K3,0,36.0,540.0
7962040,24.0,10.0,2.0,0.45,0.0005,,,,9999.0,9999.0,9999.0,9999.0,205.0,C,K3,0,,9999.0
7962041,24.0,10.0,3.0,0.6,0.0007,,,,770.0,487.0,120.0,90.0,207.0,C,K3,0,,770.0
7962044,24.0,10.0,2.5,0.7,0.0006,15.0,0.0176,11.0,480.0,361.0,120.0,110.0,207.0,B,K3,0,32.0,480.0
7962045,24.0,10.0,2.5,0.7,0.0006,,,,760.0,557.0,120.0,110.0,207.0,C,K3,0,,760.0
7962048,24.0,9.6,2.5,0.73,0.0006,,,,630.0,485.0,120.0,110.0,207.0,C,K3,0,,630.0
7962049,24.0,9.5,2.5,0.69,0.0006,,,,100.0,72.0,120.0,95.6,207.0,C,EURO,0,,100.0
7962050,24.0,9.5,2.5,0.69,0.0006,,,,1012.0,723.0,120.0,110.0,207.0,C,K3,0,,1012.0
7962053,24.0,10.0,2.5,0.7,0.0006,24.0,0.0176,16.8,576.0,428.2,120.0,80.0,207.0,B,K3,0,24.0,576.0
7962054,24.0,10.0,3.0,0.738,0.0007,,,,9999.0,9999.0,9999.0,9999.0,207.0,C,K3,0,,9999.0
7962057,24.0,9.5,2.5,0.7,0.0006,15.0,0.018,10.8,405.0,308.0,120.0,110.0,207.0,A,K3,0,27.0,405.0
7962059,24.0,10.0,2.5,0.7,0.0006,15.0,0.0172,10.5,540.0,378.0,120.0,86.0,207.0,A,EURO,0,36.0,540.0
7962062,24.0,10.0,2.5,0.72,0.0006,15.0,0.0184,10.8,540.0,388.8,120.0,92.0,207.0,B,EURO,0,36.0,540.0
7962063,24.0,9.5,2.5,0.7,0.0006,15.0,0.0175,10.5,540.0,380.0,120.0,95.6,207.0,C,EURO,0,36.0,540.0
7962070,26.0,9.5,2.0,0.64,0.0005,15.0,0.0176,9.6,735.0,472.4,120.0,85.6,207.0,C,EURO,0,49.0,735.0
7962072,24.0,10.0,2.5,0.66,0.0006,,,,760.0,503.0,120.0,95.6,207.0,C,EURO,0,,760.0
7972001,25.0,3.0,3.0,0.3,0.0002,10.0,0.007,3.0,600.0,205.0,120.0,100.0,201.0,C,K3,0,60.0,600.0
7972003,20.0,2.5,3.5,0.36,0.0002,,,,1296.0,491.0,120.0,110.0,201.0,B,K3,0,,1296.0
7972005,21.0,4.0,3.0,0.31,0.0003,10.0,0.0068,3.1,9999.0,9999.0,120.0,150.0,201.0,C,K3,0,999.9,9999.0
7995723,35.0,27.5,13.5,2.26,0.013,,,,100.0,228.0,120.0,95.6,205.0,C,EURO,0,,100.0
9000111150,154.0,5.0,2.0,0.99,0.0015,,,,48.0,448.0,170.0,85.6,207.0,C,XLONGPALLET,0,,48.0
9000111151,153.5,1.0,1.0,0.9,0.0002,10.0,0.0015,9.0,350.0,250.0,155.0,85.6,207.0,B,XLONGPALLET,0,35.0,350.0
9000111220,225.0,1.0,1.0,1.35,0.0002,10.0,0.0022,13.55,8000.0,58.55,230.0,85.6,207.0,A,XLONGPALLET,0,800.0,8000.0
9000111221,229.0,0.9,2.0,1.388,0.0004,10.0,0.0031,13.88,340.0,446.92,229.0,95.6,207.0,A,XLONGPALLET,0,34.0,340.0
9000134050,20.5,3.0,6.0,0.38,0.0004,10.0,0.0074,4.21,750.0,308.0,120.0,95.6,207.0,A,EURO,0,75.0,750.0
9000190000,5.0,3.5,2.0,0.01,0.0,250.0,0.0131,2.5,13500.0,160.0,120.0,110.0,207.0,B,K3,0,54.0,13500.0
9000490010,3.5,2.5,1.5,0.3,0.0,,,,1583.0,499.9,120.0,110.0,207.0,C,K3,0,,1583.0
9000711150,149.0,1.1,1.3,0.932,0.0002,10.0,0.0022,9.32,800.0,745.6,149.0,95.6,207.0,A,XLONGPALLET,0,80.0,800.0
9000711151,150.0,1.1,0.8,0.8,0.0001,,,,590.0,447.0,150.0,65.6,207.0,A,XLONGPALLET,0,,590.0
9000711220,225.0,1.0,1.0,1.4,0.0002,10.0,0.0022,14.0,330.0,437.0,225.0,95.6,207.0,B,XLONGPALLET,0,33.0,330.0
9000711221,224.5,1.0,1.0,1.15,0.0002,10.0,0.0002,11.5,400.0,350.0,229.0,85.6,207.0,B,XLONGPALLET,0,40.0,400.0
9000734050,15.0,6.0,3.0,0.19,0.0003,50.0,0.0493,10.55,900.0,191.9,120.0,110.6,207.0,A,EURO,0,18.0,900.0
9000734051,16.0,6.0,3.0,0.19,0.0003,,,,2500.0,500.0,120.0,110.0,201.0,B,K3,0,,2500.0
9000734053,18.0,17.0,10.0,2.37,0.0031,50.0,0.0363,118.5,250.0,527.0,120.0,105.6,207.0,B,EURO,0,5.0,250.0
9000734080,29.0,13.0,5.5,0.28,0.0021,5.0,0.014,1.4,675.0,191.0,120.0,95.6,207.0,B,EURO,0,135.0,675.0
9000790000,10.0,6.0,1.5,0.015,0.0001,250.0,0.013,4.0,10000.0,162.0,120.0,95.6,102.0,B,EURO,0,40.0,10000.0
9000790100,4.0,2.0,0.2,0.013,0.0,250.0,0.0135,3.3,11250.0,173.0,120.0,110.0,102.0,A,K3,0,45.0,11250.0
9000790200,1.0,1.0,1.0,0.01,0.0,,,,9999.0,9999.0,9999.0,9999.0,207.0,A,K3,0,,9999.0
9001311250,252.0,1.5,1.5,3.2,0.0006,5.0,0.003,16.0,270.0,250.0,260.0,85.6,207.0,A,XLONGPALLET,0,54.0,270.0
9001311251,170.0,9.0,2.5,2.77,0.0038,5.0,0.004,13.85,10000.0,250.0,180.0,85.6,207.0,C,XLONGPALLET,0,2000.0,10000.0
9001383220,15.0,12.0,22.0,0.8,0.004,25.0,0.0365,19.79,300.0,232.0,120.0,85.6,210.0,A,EURO,0,12.0,300.0
9001387220,23.5,9.0,8.0,0.63,0.0017,25.0,0.036,16.0,900.0,568.0,120.0,165.6,207.0,A,EURO,0,36.0,900.0
9001390000,2.5,9.5,24.0,0.58,0.0006,,,,1152.0,668.16,120.0,72.0,207.0,C,K3,0,,1152.0
9001390100,2.0,3.0,5.0,0.04,0.0,,,,10000.0,425.0,120.0,100.0,207.0,B,K2,0,,10000.0
9001390200,5.0,4.0,2.5,0.33,0.0,200.0,0.0074,66.0,9999.0,9999.0,120.0,100.0,207.0,B,K3,0,49.995,9999.0
9001611300,302.0,3.5,4.0,5.84,0.0042,,,,80.0,443.0,310.0,95.6,207.0,A,XLONGPALLET,0,,80.0
9001683220,25.0,6.0,5.0,1.4,0.0008,5.0,0.0083,7.0,2400.0,672.0,120.0,95.6,207.0,A,EURO,0,480.0,2400.0
9001690000,8.0,5.5,2.5,0.06,0.0001,250.0,0.036,15.3,7500.0,484.0,120.0,150.0,207.0,C,K3,0,30.0,7500.0
9001690100,5.0,3.0,1.0,0.034,0.0,,,,9999.0,9999.0,9999.0,9999.0,207.0,B,K3,0,,9999.0
9001690200,5.0,4.0,0.5,0.03,0.0,,,,13000.0,415.0,120.0,90.0,207.0,B,K3,0,,13000.0
9002290100,14.0,7.0,2.0,0.025,0.0002,55.0,0.0039,1.37,6600.0,190.0,120.0,80.0,207.0,B,K3,0,120.0,6600.0
9003804461,14.0,7.0,2.0,0.17,0.0002,,,,9999.0,9999.0,9999.0,9999.0,205.0,C,K3,0,,9999.0
9003804462,14.0,7.0,2.0,0.17,0.0002,,,,9999.0,9999.0,9999.0,9999.0,205.0,C,K3,0,,9999.0
9003804492,29.0,13.5,6.0,0.26,0.0023,5.0,0.014,1.3,9999.0,9999.0,120.0,150.0,205.0,C,K3,0,1999.8,9999.0
9003890010,7.5,3.0,1.0,0.05,0.0,30.0,0.0028,1.5,6000.0,300.0,120.0,78.0,205.0,C,K3,0,200.0,6000.0
9004990350,7.0,3.0,0.5,0.053,0.0,100.0,0.0076,5.3,6000.0,530.0,120.0,62.0,201.0,C,K3,0,60.0,6000.0
9005090345,1.0,1.0,1.0,0.01,0.0,,,,9999.0,9999.0,9999.0,9999.0,205.0,C,K3,0,,9999.0
9005304461,16.0,9.0,6.5,0.46,0.0009,,,,784.0,385.64,120.0,110.0,207.0,C,K3,0,,784.0
9005304462,16.0,9.0,6.0,0.47,0.0009,20.0,0.0207,9.0,940.0,459.0,120.0,110.0,207.0,C,K3,0,47.0,940.0
9005304491,29.0,13.5,6.0,0.48,0.0023,5.0,0.0137,2.4,180.0,62.0,120.0,65.6,207.0,C,EURO,0,36.0,180.0
9005304492,29.0,13.5,6.0,0.48,0.0023,5.0,0.0137,2.4,150.0,77.0,120.0,85.6,207.0,C,EURO,0,30.0,150.0
9005390010,12.0,6.0,1.5,0.06,0.0001,4.0,0.001,0.24,400.0,49.0,120.0,110.0,205.0,C,K2,0,100.0,400.0
9005390020,4.0,2.0,0.5,0.005,0.0,,,,9999.0,9999.0,9999.0,9999.0,207.0,C,K3,0,,9999.0
9005500500,14.0,14.0,0.99,0.27,0.0002,50.0,0.0275,13.5,1200.0,324.0,120.0,114.4,102.0,A,EURO,0,24.0,1200.0
9005500530,30.0,3.0,13.0,0.32,0.0012,5.0,0.007,1.74,375.0,112.0,120.0,85.6,207.0,B,EURO,0,75.0,375.0
9005500535,8.0,13.5,2.5,0.26,0.0003,20.0,0.0082,5.49,1680.0,463.16,120.0,90.6,201.0,A,EURO,0,84.0,1680.0
9005500600,13.5,7.5,2.5,0.28,0.0003,50.0,0.0166,14.0,1600.0,473.0,120.0,110.0,207.0,A,K3,0,32.0,1600.0
9006602501,21.0,8.0,2.5,0.52,0.0004,25.0,0.0166,13.0,900.0,493.0,120.0,110.0,102.0,A,K3,0,36.0,900.0
9006602502,24.5,11.0,6.5,0.57,0.0018,25.0,0.0166,14.5,750.0,460.0,120.0,110.0,102.0,A,K3,0,30.0,750.0
9006602531,29.0,13.5,3.5,0.62,0.0014,5.0,0.0067,3.1,600.0,374.0,120.0,90.6,207.0,C,EURO,0,120.0,600.0
9006602532,29.0,13.0,3.5,0.61,0.0013,5.0,0.0077,3.05,400.0,452.0,120.0,95.6,207.0,B,EURO,0,80.0,400.0
9006602533,20.5,7.5,2.5,0.56,0.0004,20.0,0.0152,11.2,800.0,473.0,120.0,120.0,201.0,C,K3,0,40.0,800.0
9006602534,21.0,7.5,2.5,0.56,0.0004,20.0,0.0194,11.2,640.0,383.0,120.0,100.0,201.0,C,K3,0,32.0,640.0
9006602601,20.5,10.0,2.0,0.56,0.0004,,,,820.0,484.2,120.0,90.0,207.0,B,K3,0,,820.0
9006602602,21.0,10.0,2.0,0.56,0.0004,,,,800.0,473.0,120.0,90.0,207.0,B,K3,0,,800.0
9006690210,6.0,2.0,0.5,0.12,0.0,,,,999999.0,9999.0,120.0,120.0,205.0,C,K3,0,,999999.0
9006690220,6.5,2.5,1.0,0.02,0.0,,,,10000.0,225.0,120.0,110.0,205.0,C,K3,0,,10000.0
9006690310,6.5,2.5,0.5,0.7,0.0,,,,100.0,72.0,120.0,95.6,205.0,C,EURO,0,,100.0
9006690320,6.5,2.5,1.0,0.02,0.0,,,,10000.0,202.0,120.0,95.6,205.0,C,EURO,0,,10000.0
9009111700,10.0,8.0,2.0,0.296,0.0002,,,,2400.0,710.4,120.0,50.0,203.0,A,EURO,0,,2400.0
9009111730,14.0,4.0,29.5,0.37,0.0017,5.0,0.0078,2.05,600.0,249.2,120.0,125.6,203.0,B,EURO,0,120.0,600.0
9009111735,29.0,13.0,4.5,0.4,0.0017,200.0,0.3498,80.0,400.0,162.0,120.0,85.6,203.0,C,EURO,0,2.0,400.0
9009190010,7.0,13.0,1.0,0.268,0.0001,,,,9999.0,9999.0,9999.0,9999.0,203.0,C,K3,0,,9999.0
9009190020,7.0,13.0,1.0,0.269,0.0001,,,,9999.0,9999.0,9999.0,9999.0,203.0,C,K3,0,,9999.0
9009812000,11.0,8.5,2.0,0.27,0.0002,50.0,0.0355,13.5,600.0,162.0,120.0,73.0,207.0,A,EURO,0,12.0,600.0
9009812030,29.0,13.0,5.0,0.3,0.0019,,,,456.0,138.8,120.0,95.6,207.0,C,EURO,0,,456.0
9009890010,5.5,2.0,0.5,0.17,0.0,,,,999999.0,9999.0,120.0,120.0,207.0,C,K3,0,,999999.0
9009890020,8.0,2.0,0.4,0.17,0.0,,,,9999.0,9999.0,9999.0,9999.0,207.0,C,K3,0,,9999.0
9009890030,6.0,2.0,1.0,0.015,0.0,,,,9999.0,9999.0,9999.0,9999.0,205.0,C,K3,0,,9999.0
9009890040,5.0,1.5,0.5,0.1,0.0,,,,9999.0,9999.0,9999.0,9999.0,207.0,C,K1,0,,9999.0
9009890050,5.0,1.5,0.5,0.1,0.0,50.0,0.0085,5.0,4200.0,420.0,120.0,84.0,207.0,C,EURO,0,84.0,4200.0
9009911600,10.0,8.5,1.5,0.37,0.0001,50.0,0.042,18.5,600.0,250.0,120.0,95.0,207.0,B,K3,0,12.0,600.0
9010090040,3.0,2.8,2.8,0.04,0.0,,,,18000.0,720.0,120.0,32.0,205.0,C,K3,0,,18000.0
9010609260,10.0,2.0,7.0,0.17,0.0001,16.0,0.0088,2.73,960.0,190.0,120.0,100.0,102.0,B,K3,0,60.0,960.0
9010609290,13.7,13.7,5.0,0.18,0.0009,55.0,0.0318,90.0,440.0,720.0,120.0,40.0,207.0,B,EURO,0,8.0,440.0
9011090000,16.0,4.0,1.0,0.037,0.0001,,,,9999.0,9999.0,9999.0,9999.0,201.0,C,K3,0,,9999.0
9011090001,16.0,4.0,1.5,0.04,0.0001,100.0,0.0192,4.0,1800.0,177.0,120.0,110.0,201.0,A,K3,0,18.0,1800.0
9011090080,1.5,1.5,0.1,0.01,0.0,,,,9500.0,120.0,120.0,110.0,201.0,C,K1,0,,9500.0
9011107071,9.0,4.0,2.5,0.29,0.0001,,,,20.0,999.0,120.0,100.0,205.0,C,K3,0,,20.0
9011107302,14.0,7.0,3.5,0.45,0.0003,,,,9999.0,999.0,120.0,100.0,210.0,C,K3,0,,9999.0
9011109011,10.0,7.0,2.0,0.25,0.0001,32.0,0.0085,8.0,960.0,242.0,120.0,95.6,207.0,C,EURO,0,30.0,960.0
9011109051,10.0,7.0,2.0,0.28,0.0001,32.0,0.009,9.0,1280.0,385.0,120.0,80.0,207.0,B,EURO,0,40.0,1280.0
9011109061,10.0,7.0,2.5,0.33,0.0002,,,,2000.0,685.0,120.0,110.0,205.0,C,K3,0,,2000.0
9011109260,10.0,7.0,2.0,0.23,0.0001,32.0,0.0086,7.36,1920.0,443.0,120.0,95.6,102.0,A,EURO,0,60.0,1920.0
9011109290,13.5,13.0,2.0,0.26,0.0004,5.0,0.0034,1.43,1000.0,286.0,120.0,75.6,207.0,A,EURO,0,200.0,1000.0
9011109293,13.5,13.0,3.0,0.47,0.0005,5.0,0.0035,2.5,875.0,403.0,120.0,85.6,207.0,A,EURO,0,175.0,875.0
9011109296,29.0,13.5,3.0,0.7,0.0012,5.0,0.007,3.5,500.0,350.0,120.0,75.0,207.0,B,EURO,0,100.0,500.0
9011109297,29.5,13.5,2.5,0.95,0.001,5.0,0.0072,4.25,375.0,348.0,120.0,85.6,207.0,B,EURO,0,75.0,375.0
9011109302,5.0,13.5,4.5,0.47,0.0003,24.0,0.0081,10.0,3600.0,402.0,120.0,85.6,102.0,B,EURO,0,150.0,3600.0
9011109303,21.0,4.5,4.0,0.68,0.0004,12.0,0.0089,8.56,1152.0,775.0,120.0,105.6,102.0,B,EURO,0,96.0,1152.0
9011109304,21.0,4.5,4.5,0.91,0.0004,12.0,0.0062,11.25,576.0,540.0,120.0,88.0,102.0,C,EURO,0,48.0,576.0
9011407261,13.0,6.0,5.0,0.269,0.0004,,,,9999.0,9999.0,9999.0,9999.0,207.0,C,K3,0,,9999.0
9011407262,2.0,4.0,4.0,0.252,0.0,,,,9999.0,9999.0,9999.0,9999.0,207.0,B,K3,0,,9999.0
9011407271,1.5,7.0,11.0,0.25,0.0001,10.0,0.0032,2.5,1600.0,423.0,120.0,45.0,201.0,C,K3,0,160.0,1600.0
9011407272,1.0,1.0,1.0,0.01,0.0,,,,9999.0,9999.0,9999.0,9999.0,201.0,C,K3,0,,9999.0
9011609260,10.5,4.5,5.0,0.3,0.0002,32.0,0.0086,7.76,1920.0,490.0,120.0,100.0,207.0,A,EURO,0,60.0,1920.0
9011609290,13.2,13.5,4.0,0.3,0.0007,5.0,0.009,1.57,375.0,117.75,120.0,87.5,207.0,B,EURO,0,75.0,375.0
9012607030,14.0,7.0,3.5,0.5,0.0003,,,,1584.0,817.0,120.0,110.0,205.0,C,K3,0,,1584.0
9012609010,10.5,4.5,4.5,0.19,0.0002,20.0,0.009,4.93,500.0,120.0,120.0,110.0,207.0,C,K3,0,25.0,500.0
9012609030,10.5,4.5,4.5,0.23,0.0002,,,,2000.0,485.0,120.0,90.0,207.0,C,K3,0,,2000.0
9012609040,4.05,4.05,10.05,0.24,0.0002,,,,9999.0,9999.0,9999.0,9999.0,205.0,C,K3,0,,9999.0
9012609050,11.0,5.0,5.0,0.1,0.0003,,,,1000.0,125.0,120.0,110.0,207.0,C,K3,0,,1000.0
9012609260,4.5,5.0,10.5,0.18,0.0002,,,,9999.0,9999.0,9999.0,9999.0,207.0,B,K3,0,,9999.0
9012707260,20.5,12.5,6.5,0.18,0.0017,,,,9999.0,999.0,120.0,100.0,211.0,C,K3,0,,9999.0
9013109020,10.0,7.0,2.0,0.2,0.0001,,,,3600.0,720.0,120.0,56.0,205.0,C,K3,0,,3600.0
9013109260,10.0,7.0,2.0,0.174,0.0001,,,,9999.0,9999.0,9999.0,9999.0,207.0,C,K3,0,,9999.0
9013209010,10.0,6.5,2.0,0.25,0.0001,16.0,0.0031,4.0,9999.0,999.0,120.0,100.0,207.0,C,K3,0,624.9375,9999.0
9013209015,10.0,7.0,2.0,0.27,0.0001,24.0,0.0086,3.7,999.0,999.0,120.0,150.0,207.0,C,K3,0,41.625,999.0
9013209020,10.0,7.0,2.0,0.28,0.0001,,,,9999.0,999.0,120.0,100.0,207.0,C,K3,0,,9999.0
9013209025,1.0,1.0,1.0,0.01,0.0,12.0,0.0031,3.6,9999.0,999.0,120.0,100.0,207.0,C,K3,0,833.25,9999.0
9013209030,10.0,7.0,2.0,0.28,0.0001,16.0,0.0033,4.55,320.0,110.0,120.0,100.0,207.0,C,K3,0,20.0,320.0
9013209260,10.5,7.0,2.5,0.23,0.0002,32.0,0.0086,7.86,1440.0,378.0,120.0,100.0,102.0,B,K3,0,45.0,1440.0
9013209290,13.5,13.5,2.0,0.25,0.0004,5.0,0.0034,1.5,1050.0,340.0,120.0,110.0,207.0,B,EURO,0,210.0,1050.0
9013209293,10.0,10.0,10.0,1.0,0.001,5.0,0.0034,6.0,350.0,445.0,120.0,110.0,207.0,B,EURO,0,70.0,350.0
9013209296,29.0,13.5,2.5,0.73,0.001,5.0,0.0072,3.65,450.0,353.5,120.0,100.0,207.0,B,K3,0,90.0,450.0
9013209297,29.5,13.5,3.0,0.94,0.0012,5.0,0.0068,4.7,450.0,448.0,120.0,110.0,207.0,C,K3,0,90.0,450.0
9013209302,10.5,4.5,4.5,0.55,0.0002,24.0,0.009,13.2,720.0,421.0,120.0,80.0,102.0,B,K3,0,30.0,720.0
9013209303,21.0,4.5,4.5,0.67,0.0004,12.0,0.0088,8.49,360.0,307.0,120.0,85.6,102.0,B,,0,30.0,360.0
9013209305,4.5,4.5,21.0,1.12,0.0004,,,,9999.0,9999.0,9999.0,9999.0,102.0,C,K3,0,,9999.0
9013309260,10.5,4.5,4.5,0.292,0.0002,,,,9999.0,9999.0,9999.0,9999.0,207.0,C,K3,0,,9999.0
9014209260,10.0,7.0,2.0,0.25,0.0001,32.0,0.0086,8.2,1920.0,492.0,120.0,68.0,102.0,C,EURO,0,60.0,1920.0
9014209290,13.5,13.0,2.5,0.27,0.0004,5.0,0.0033,1.35,1000.0,427.0,120.0,95.6,207.0,B,EURO,0,200.0,1000.0
9014209293,10.0,10.0,10.0,0.5,0.001,5.0,0.0034,2.58,875.0,453.5,120.0,75.6,207.0,B,EURO,0,175.0,875.0
9014209296,29.0,13.0,3.0,0.77,0.0011,5.0,0.0076,4.0,380.0,294.0,120.0,95.6,207.0,B,EURO,0,76.0,380.0
9014209297,29.0,13.0,3.0,1.0,0.0011,5.0,0.007,5.2,450.0,477.0,120.0,90.6,207.0,B,EURO,0,90.0,450.0
9014209302,10.5,4.5,4.5,0.5,0.0002,25.0,0.0082,13.0,600.0,314.0,120.0,95.6,102.0,C,EURO,0,24.0,600.0
9014209303,21.0,4.0,4.0,0.72,0.0003,12.0,0.0093,8.96,540.0,428.0,120.0,80.0,102.0,C,K3,0,45.0,540.0
9014209304,21.0,4.5,5.0,0.95,0.0005,12.0,0.009,13.0,600.0,650.0,120.0,68.0,102.0,C,EURO,0,50.0,600.0
9014209305,4.5,4.5,21.0,1.18,0.0004,,,,9999.0,9999.0,9999.0,9999.0,102.0,C,K3,0,,9999.0
9014309260,10.5,4.5,4.5,0.3,0.0002,,,,9999.0,9999.0,9999.0,9999.0,207.0,C,K3,0,,9999.0
9016390760,5.5,2.0,0.3,0.01,0.0,,,,88200.0,909.0,120.0,110.0,207.0,C,K3,0,,88200.0
9016390820,6.0,0.5,0.5,0.11,0.0,,,,9999.0,9999.0,9999.0,9999.0,207.0,C,K3,0,,9999.0
9016390860,6.0,3.0,0.2,0.01,0.0,,,,9999.0,848.0,120.0,110.0,207.0,C,K3,0,,9999.0
9020200200,4.5,3.5,3.5,0.08,0.0001,24.0,0.0016,1.85,3360.0,500.0,120.0,100.0,207.0,A,K3,0,140.0,3360.0
9020200225,5.0,4.0,4.0,0.01,0.0001,,,,9999.0,9999.0,9999.0,9999.0,207.0,A,K3,0,,9999.0
9020200230,4.5,3.5,3.5,0.1,0.0001,24.0,0.0016,2.4,4320.0,457.0,120.0,80.0,207.0,A,K3,0,180.0,4320.0
9020202210,4.5,3.5,3.2,0.08,0.0001,,,,1000.0,105.0,120.0,110.0,207.0,B,K3,0,,1000.0
9020203210,4.5,3.5,3.2,0.09,0.0001,24.0,0.0016,2.1,3840.0,361.0,120.0,80.0,207.0,B,K3,0,160.0,3840.0
9020204210,4.5,3.5,3.5,0.1,0.0001,144.0,0.0127,14.4,4608.0,485.6,120.0,100.0,207.0,B,EURO,0,32.0,4608.0
9020204220,4.5,3.5,3.5,0.1,0.0001,24.0,0.0017,2.4,7200.0,720.0,120.0,64.0,205.0,C,K3,0,300.0,7200.0
9020290010,3.0,3.0,0.1,0.01,0.0,,,,7250.0,750.0,120.0,110.0,207.0,B,K3,0,,7250.0
9020390012,4.0,1.5,0.1,0.01,0.0,,,,9999.0,9999.0,9999.0,9999.0,102.0,C,K3,0,,9999.0
9020390013,0.02,1.5,4.0,0.01,0.0,,,,9999.0,9999.0,9999.0,9999.0,102.0,B,K3,0,,9999.0
9020390016,9.0,5.0,1.5,0.22,0.0001,,,,86314.0,888.0,120.0,60.0,102.0,B,K3,0,,86314.0
9020390112,4.0,1.5,0.1,0.01,0.0,,,,9999.0,9999.0,9999.0,9999.0,201.0,C,K3,0,,9999.0
9020390113,0.04,1.05,4.01,0.01,0.0,,,,9999.0,9999.0,9999.0,9999.0,201.0,C,K3,0,,9999.0
9020390116,3.8,1.5,0.1,0.001,0.0,,,,10000.0,25.0,120.0,110.0,201.0,C,K3,0,,10000.0
9021000430,23.0,13.5,3.0,0.34,0.0009,5.0,0.0077,1.78,375.0,135.5,120.0,95.6,207.0,C,EURO,0,75.0,375.0
9021000435,7.5,2.5,13.5,0.28,0.0003,20.0,0.0097,5.7,960.0,299.0,120.0,100.0,201.0,A,K3,0,48.0,960.0
9021090000,7.0,1.0,1.0,0.01,0.0,,,,9999.0,9999.0,9999.0,9999.0,205.0,C,K1,0,,9999.0
9024800090,13.0,10.0,4.0,0.39,0.0005,,,,1600.0,649.0,120.0,110.0,201.0,B,K3,0,,1600.0
9037910251,25.5,8.0,2.0,0.84,0.0004,25.0,0.0191,21.34,400.0,328.0,120.0,85.6,207.0,C,EURO,0,16.0,400.0
9040452000,20.0,10.0,8.0,1.0,0.0016,,,,490.0,490.0,120.0,100.0,201.0,A,K3,0,,490.0
9054904501,21.0,8.0,2.0,0.51,0.0003,50.0,0.0331,26.0,1200.0,592.0,120.0,85.6,203.0,A,EURO,0,24.0,1200.0
9054904502,20.5,8.0,2.0,0.53,0.0003,50.0,0.0312,27.0,850.0,484.0,120.0,110.0,203.0,A,EURO,0,17.0,850.0
9054990010,0.05,2.0,4.7,0.01,0.0,,,,9999.0,9999.0,9999.0,9999.0,201.0,B,K3,0,,9999.0
9054990120,16.5,4.5,0.1,0.07,0.0,,,,500.0,375.0,120.0,110.0,203.0,C,K3,0,,500.0
9056904501,24.0,8.0,2.5,0.54,0.0005,50.0,0.0343,28.0,1500.0,842.0,120.0,95.6,203.0,A,EURO,0,30.0,1500.0
9056904502,24.0,8.0,2.5,0.55,0.0005,30.0,0.0326,16.5,810.0,470.5,120.0,100.0,203.0,A,EURO,0,27.0,810.0
9056904531,30.0,13.0,3.0,0.7,0.0012,5.0,0.0078,3.64,600.0,438.8,120.0,100.6,203.0,A,EURO,0,120.0,600.0
9056904533,24.0,11.0,2.5,0.6,0.0007,20.0,0.0122,12.47,720.0,450.0,120.0,65.6,203.0,A,EURO,0,36.0,720.0
9060500400,17.0,11.0,0.99,0.4,0.0002,,,,1100.0,442.0,120.0,95.6,201.0,C,EURO,0,,1100.0
9060500500,16.9,11.4,9.3,2.26,0.0018,,,,245.0,576.0,120.0,110.0,201.0,C,K3,0,,245.0
9060805400,15.5,7.0,2.5,0.31,0.0003,5.0,0.0017,1.55,9999.0,999.0,120.0,100.0,201.0,B,K3,0,1999.8,9999.0
9061800250,17.0,10.0,0.99,0.23,0.0002,40.0,0.0199,9.2,1800.0,429.0,120.0,120.0,201.0,B,K3,0,45.0,1800.0
9062417650,26.0,11.0,2.0,0.71,0.0006,,,,500.0,380.0,120.0,110.0,207.0,B,K3,0,,500.0
9062477650,26.5,11.0,2.7,0.79,0.0008,,,,600.0,499.0,120.0,110.0,207.0,B,K3,0,,600.0
9062490010,0.3,2.5,11.0,0.04,0.0,,,,11800.0,499.0,120.0,110.0,207.0,B,K3,0,,11800.0
9062917650,26.5,11.0,2.5,0.76,0.0007,,,,600.0,481.0,120.0,100.0,207.0,A,K3,0,,600.0
9062977650,26.5,11.0,2.5,0.79,0.0007,,,,900.0,736.0,120.0,110.0,207.0,A,K3,0,,900.0
9063502651,26.5,11.0,2.5,0.66,0.0007,,,,1064.0,704.0,120.0,95.6,207.0,B,EURO,0,,1064.0
9063502652,26.5,11.0,2.5,0.66,0.0007,25.0,0.0267,16.5,500.0,330.0,120.0,82.5,207.0,C,EURO,0,20.0,500.0
9063517651,26.0,11.0,2.5,0.65,0.0007,25.0,0.0267,10.0,500.0,200.0,120.0,82.5,207.0,A,EURO,0,20.0,500.0
9063566651,27.0,11.0,3.0,0.65,0.0009,25.0,0.0277,16.25,500.0,350.0,120.0,110.0,207.0,B,K3,0,20.0,500.0
9063566652,26.0,11.0,2.5,0.66,0.0007,25.0,0.0264,16.5,250.0,190.0,120.0,110.0,207.0,B,K3,0,10.0,250.0
9063590080,10.0,4.5,0.1,0.04,0.0,10.0,0.0001,0.4,11000.0,465.0,120.0,110.0,207.0,B,K3,0,1100.0,11000.0
9063590090,9.5,4.5,0.1,0.02,0.0,,,,15000.0,475.0,120.0,110.0,207.0,B,K3,0,,15000.0
9063590121,16.5,2.5,1.5,0.06,0.0001,,,,500.0,100.0,120.0,110.0,207.0,C,K3,0,,500.0
9063590122,16.5,2.5,0.01,0.05,0.0,250.0,0.0136,12.5,9999.0,9999.0,9999.0,9999.0,207.0,C,K3,0,39.996,9999.0
9063590180,10.0,4.5,0.5,0.034,0.0,,,,9999.0,9999.0,9999.0,9999.0,207.0,A,K3,0,,9999.0
9063590190,9.5,4.5,0.01,0.03,0.0,500.0,0.0138,15.0,16000.0,500.0,120.0,80.0,207.0,A,K3,0,32.0,16000.0
9063590210,9.5,6.0,0.01,0.037,0.0,10.0,0.0001,0.37,12000.0,469.0,120.0,80.0,207.0,A,K3,0,1200.0,12000.0
9063602650,26.5,11.0,3.0,0.7,0.0009,24.0,0.0254,17.0,1000.0,999.0,120.0,150.0,207.0,C,K3,0,41.6667,1000.0
9063617650,26.5,11.0,2.5,0.7,0.0007,25.0,0.0267,17.5,9999.0,999.0,120.0,100.0,207.0,C,K3,0,399.96,9999.0
9063817650,26.5,11.0,2.5,0.62,0.0007,25.0,0.0267,15.5,700.0,490.0,120.0,115.5,207.0,B,EURO,0,28.0,700.0
9063890080,11.0,3.0,0.5,0.03,0.0,,,,9999.0,9999.0,9999.0,9999.0,207.0,C,K1,0,,9999.0
9063890090,10.5,2.5,0.1,0.02,0.0,,,,9999.0,9999.0,9999.0,9999.0,207.0,C,K3,0,,9999.0
9063890121,16.0,2.5,1.0,0.06,0.0,,,,9999.0,9999.0,9999.0,9999.0,207.0,C,K2,0,,9999.0
9063890122,2.0,2.5,16.5,0.06,0.0001,,,,9999.0,9999.0,9999.0,9999.0,207.0,C,K3,0,,9999.0
9063890180,11.0,3.0,0.01,0.03,0.0,,,,9999.0,9999.0,9999.0,9999.0,207.0,B,K3,0,,9999.0
9063890190,10.5,2.5,0.1,0.04,0.0,,,,1600.0,80.0,120.0,110.0,207.0,A,K3,0,,1600.0
9064404671,26.5,11.0,2.5,0.77,0.0007,25.0,0.028,19.25,500.0,410.0,120.0,80.0,207.0,B,K3,0,20.0,500.0
9064404672,26.5,11.0,3.0,0.77,0.0009,25.0,0.0275,19.25,625.0,500.0,120.0,100.0,207.0,B,K3,0,25.0,625.0
9064417671,26.5,11.0,2.5,0.76,0.0007,25.0,0.0257,19.0,500.0,382.0,120.0,95.6,207.0,A,EURO,0,20.0,500.0
9064417672,26.0,2.5,11.0,0.76,0.0007,25.0,0.0275,19.0,500.0,382.0,120.0,135.6,207.0,A,EURO,0,20.0,500.0
9064466651,26.5,11.0,2.5,0.5,0.0007,25.0,0.0262,12.5,500.0,275.0,120.0,80.0,207.0,C,K3,0,20.0,500.0
9064466652,26.5,11.0,2.5,0.5,0.0007,25.0,0.0262,12.5,500.0,275.0,120.0,80.0,207.0,C,K3,0,20.0,500.0
9064617651,26.5,11.0,2.5,0.816,0.0007,,,,550.0,473.8,120.0,90.0,207.0,B,K3,0,,550.0
9064617652,27.0,11.0,2.5,0.8,0.0007,25.0,0.0276,20.0,999999.0,9999.0,120.0,120.0,207.0,B,K3,0,39999.96,999999.0
9064917651,26.5,11.0,2.5,0.77,0.0007,25.0,0.0337,20.0,10000.0,362.0,120.0,85.6,207.0,A,EURO,0,400.0,10000.0
9064917652,26.5,11.0,3.0,0.8,0.0009,25.0,0.0275,20.0,500.0,400.0,120.0,85.0,207.0,A,EURO,0,20.0,500.0
9064937651,26.5,11.0,2.5,0.67,0.0007,25.0,0.0275,16.75,500.0,427.0,120.0,95.6,207.0,B,EURO,0,20.0,500.0
9064937652,26.5,11.0,2.5,0.67,0.0007,25.0,0.0275,16.75,500.0,337.0,120.0,95.6,207.0,A,EURO,0,20.0,500.0
9064946651,26.0,11.0,3.0,0.7,0.0009,25.0,0.0278,17.5,650.0,480.0,120.0,110.0,207.0,A,K3,0,26.0,650.0
9064946652,27.0,11.0,2.0,0.9,0.0006,25.0,0.0265,22.5,500.0,475.0,120.0,120.0,207.0,A,K3,0,20.0,500.0
9064946653,26.5,11.0,2.5,0.86,0.0007,25.0,0.0267,21.5,500.0,455.0,120.0,110.0,207.0,B,K3,0,20.0,500.0
9064946654,26.5,11.0,2.5,0.86,0.0007,25.0,0.0274,21.5,400.0,369.0,120.0,110.0,207.0,B,K3,0,16.0,400.0
9064947651,26.5,11.0,2.5,0.7,0.0007,25.0,0.0275,17.5,500.0,350.0,120.0,85.0,207.0,A,EURO,0,20.0,500.0
9064947652,26.5,11.0,2.5,0.7,0.0007,25.0,0.0275,17.5,750.0,527.0,120.0,95.6,207.0,A,EURO,0,30.0,750.0
9064966651,26.5,11.0,2.5,0.77,0.0007,25.0,0.0267,19.25,9999.0,999.0,120.0,100.0,207.0,B,K3,0,399.96,9999.0
9064966652,26.5,11.0,2.5,0.77,0.0007,25.0,0.0267,19.25,600.0,487.0,120.0,100.0,207.0,B,K3,0,24.0,600.0
9064990000,19.5,5.0,1.5,0.76,0.0001,300.0,0.0,22.8,9000.0,699.0,120.0,180.0,207.0,C,K3,0,30.0,9000.0
9064990081,19.5,4.5,0.1,0.08,0.0,,,,5800.0,489.0,120.0,110.0,207.0,B,K3,0,,5800.0
9064990082,20.0,4.5,0.2,0.06,0.0,250.0,0.022,15.0,7500.0,475.0,120.0,110.0,207.0,B,K3,0,30.0,7500.0
9064990091,20.0,5.0,0.2,0.05,0.0,,,,9200.0,485.0,120.0,90.0,207.0,B,K3,0,,9200.0
9064990092,19.0,0.2,4.5,0.05,0.0,250.0,0.0149,13.0,14000.0,715.0,120.0,100.0,207.0,B,K3,0,56.0,14000.0
9064990121,165.0,23.0,5.0,0.06,0.019,,,,1000.0,85.0,120.0,110.0,207.0,B,K3,0,,1000.0
9064990122,1.5,2.5,16.5,0.05,0.0001,,,,9999.0,9999.0,9999.0,9999.0,207.0,B,K3,0,,9999.0
9064990171,19.5,4.5,0.5,0.059,0.0,,,,9999.0,9999.0,9999.0,9999.0,102.0,B,K3,0,,9999.0
9064990172,19.5,4.5,0.5,0.059,0.0,,,,7700.0,479.3,120.0,90.0,102.0,B,K3,0,,7700.0
9064990181,19.1,0.01,4.5,0.05,0.0,250.0,0.0165,13.156,9000.0,498.616,120.0,90.0,102.0,A,EURO,0,36.0,9000.0
9064990182,19.0,4.5,0.01,0.05,0.0,250.0,0.0133,12.6,11250.0,567.0,120.0,68.0,102.0,A,EURO,0,45.0,11250.0
9064990191,19.5,6.5,0.1,0.07,0.0,250.0,0.0131,17.5,11250.0,812.5,120.0,80.0,207.0,B,K3,0,45.0,11250.0
9064990192,19.5,6.0,0.2,0.07,0.0,,,,3666.0,281.0,120.0,110.0,207.0,B,K3,0,,3666.0
9064990201,0.02,6.0,19.2,0.06,0.0,,,,9999.0,9999.0,9999.0,9999.0,207.0,B,K3,0,,9999.0
9064990202,19.5,6.0,0.1,0.08,0.0,,,,5000.0,425.0,120.0,90.0,207.0,B,K3,0,,5000.0
9064990451,19.5,4.5,0.01,0.07,0.0,270.0,0.0133,18.0,7290.0,500.0,120.0,80.0,102.0,B,K3,0,27.0,7290.0
9064990452,19.5,4.5,0.1,0.75,0.0,250.0,0.0134,18.0,6500.0,500.0,120.0,80.0,102.0,B,K3,0,26.0,6500.0
9064990461,19.5,6.0,0.5,0.059,0.0001,,,,9999.0,9999.0,9999.0,9999.0,207.0,B,K3,0,,9999.0
9064990462,19.7,6.1,1.6,0.9,0.0002,,,,9999.0,9999.0,9999.0,9999.0,207.0,C,K2,0,,9999.0
9064990470,14.0,5.0,0.1,0.053,0.0,,,,5000.0,290.0,120.0,110.0,207.0,B,K3,0,,5000.0
9064990900,23.5,2.0,0.3,0.1,0.0,,,,6200.0,622.0,120.0,95.6,207.0,B,K3,0,,6200.0
9064996651,26.5,11.0,3.0,0.7,0.0009,,,,9999.0,9999.0,9999.0,9999.0,207.0,C,K3,0,,9999.0
9064996652,26.5,11.0,3.0,0.68,0.0009,,,,9999.0,9999.0,9999.0,9999.0,207.0,C,K3,0,,9999.0
9066604651,26.5,11.0,2.5,0.84,0.0007,25.0,0.0259,21.0,500.0,445.0,120.0,120.0,207.0,B,K3,0,20.0,500.0
9066604652,26.5,11.0,2.5,0.85,0.0007,25.0,0.0259,21.25,550.0,492.5,120.0,120.0,207.0,B,K3,0,22.0,550.0
9066690350,7.0,2.5,0.5,0.02,0.0,,,,9999.0,9999.0,9999.0,9999.0,205.0,C,K2,0,,9999.0
9066690360,7.0,2.5,0.5,0.8,0.0,,,,500.0,402.0,120.0,95.6,205.0,C,EURO,0,,500.0
9066904651,26.5,11.0,2.5,0.8,0.0007,25.0,0.0288,20.0,400.0,322.0,120.0,85.6,207.0,B,EURO,0,16.0,400.0
9066904652,26.5,11.0,2.5,0.8,0.0007,25.0,0.0275,20.0,500.0,425.0,120.0,90.0,207.0,B,K3,0,20.0,500.0
9066946651,26.5,11.0,2.5,0.9,0.0007,25.0,0.0361,22.7,500.0,475.0,120.0,110.0,207.0,A,K3,0,20.0,500.0
9066946652,26.0,11.0,2.5,0.88,0.0007,25.0,0.027,22.0,500.0,465.0,120.0,110.0,207.0,B,K3,0,20.0,500.0
9066990000,26.5,2.8,2.1,0.93,0.0002,,,,9999.0,9999.0,9999.0,9999.0,207.0,C,K3,0,,9999.0
9066990170,26.5,3.0,0.1,0.088,0.0,,,,9999.0,9999.0,9999.0,9999.0,207.0,C,K3,0,,9999.0
9068800550,23.5,10.5,2.5,0.48,0.0006,25.0,0.0306,12.5,900.0,475.0,120.0,150.0,201.0,A,K3,0,36.0,900.0
9068917650,26.5,11.0,3.0,0.8,0.0009,25.0,0.0275,20.0,400.0,320.0,120.0,68.0,207.0,A,EURO,0,16.0,400.0
9068990170,19.5,4.5,0.5,0.062,0.0,,,,6000.0,397.0,120.0,90.0,207.0,B,K3,0,,6000.0
9069890000,11.0,2.0,0.03,0.05,0.0,,,,999999.0,9999.0,120.0,120.0,207.0,C,K1,0,,999999.0
9069931001,26.5,11.0,2.5,0.9,0.0007,10.0,0.0115,9.0,300.0,295.0,120.0,90.0,207.0,B,K3,0,30.0,300.0
9069931002,27.0,11.0,2.5,0.85,0.0007,10.0,0.0096,8.5,200.0,195.0,120.0,110.0,207.0,B,K3,0,20.0,200.0
9069935001,26.5,11.0,2.5,0.87,0.0007,,,,122.0,122.0,120.0,110.0,207.0,B,K3,0,,122.0
9069935002,26.5,11.0,2.5,0.88,0.0007,,,,522.0,484.36,120.0,90.0,207.0,B,K3,0,,522.0
9069990171,19.5,6.0,0.2,0.08,0.0,,,,12349.0,952.0,120.0,95.6,207.0,C,EURO,0,,12349.0
9069990172,19.5,6.0,0.5,0.08,0.0001,,,,9999.0,9999.0,9999.0,9999.0,207.0,C,K3,0,,9999.0
9073517011,24.0,9.0,2.0,0.62,0.0004,25.0,0.022,16.0,900.0,576.0,120.0,88.0,203.0,C,EURO,0,36.0,900.0
9073517012,24.0,10.0,2.5,0.65,0.0006,25.0,0.0144,3.6,1200.0,164.0,120.0,85.6,203.0,C,EURO,0,48.0,1200.0
9073517091,24.0,9.5,2.5,0.6,0.0006,25.0,0.0199,15.0,800.0,477.0,120.0,95.6,203.0,B,EURO,0,32.0,800.0
9073517092,23.0,9.0,2.0,0.62,0.0004,25.0,0.019,15.0,675.0,407.0,120.0,65.6,203.0,B,EURO,0,27.0,675.0
9073817090,24.0,9.5,2.5,0.63,0.0006,25.0,0.0162,15.0,800.0,477.0,120.0,65.6,203.0,B,EURO,0,32.0,800.0
9074417011,24.0,9.5,2.5,0.71,0.0006,25.0,0.0201,18.0,1400.0,1009.0,120.0,150.0,203.0,C,EURO,0,56.0,1400.0
9074417056,23.5,8.5,2.0,0.67,0.0004,25.0,0.014,16.75,675.0,477.0,120.0,65.6,205.0,C,EURO,0,27.0,675.0
9074417057,124.0,10.0,6.0,0.43,0.0074,,,,100.0,45.0,120.0,95.6,205.0,C,EURO,0,,100.0
9074417091,24.0,10.0,2.5,0.7,0.0006,25.0,0.0204,17.5,900.0,630.0,120.0,80.0,203.0,B,EURO,0,36.0,900.0
9074417092,10.0,10.0,5.0,1.0,0.0005,25.0,0.0204,25.0,800.0,792.0,120.0,95.6,203.0,B,EURO,0,32.0,800.0
9074917011,24.0,9.0,2.5,0.7,0.0005,25.0,0.0208,18.0,1050.0,727.0,15.0,105.6,203.0,C,EURO,0,42.0,1050.0
9074917091,24.0,10.0,2.5,0.7,0.0006,25.0,0.02,18.0,1125.0,779.0,120.0,85.6,203.0,B,EURO,0,45.0,1125.0
9074917092,24.0,10.0,2.5,0.7,0.0006,25.0,0.02,18.0,600.0,434.0,120.0,95.6,203.0,B,EURO,0,24.0,600.0
9074937011,24.0,10.0,2.5,0.6,0.0006,25.0,0.0204,15.2,675.0,407.0,120.0,65.6,205.0,C,EURO,0,27.0,675.0
9074937012,24.0,9.5,2.5,0.6,0.0006,25.0,0.0178,15.0,500.0,302.0,120.0,95.6,203.0,C,EURO,0,20.0,500.0
9074937092,24.0,10.0,2.5,0.63,0.0006,25.0,0.0204,16.1,500.0,474.0,10.0,59.6,203.0,C,K3,0,20.0,500.0
9080607031,9.0,4.0,3.0,0.19,0.0001,,,,2686.0,535.0,120.0,110.0,205.0,C,K3,0,,2686.0
9081107031,9.0,4.0,3.0,0.24,0.0001,,,,3000.0,725.0,120.0,110.0,205.0,C,K3,0,,3000.0
9081107071,3.0,4.0,9.0,0.27,0.0001,,,,9999.0,9999.0,9999.0,9999.0,205.0,C,K3,0,,9999.0
9091000600,9.0,4.0,3.0,0.21,0.0001,,,,4030.0,871.0,120.0,110.0,205.0,C,K3,0,,4030.0
9091200031,9.0,4.0,3.0,0.25,0.0001,,,,1300.0,325.0,120.0,85.6,207.0,C,EURO,0,,1300.0
9091200051,9.0,4.0,3.0,0.256,0.0001,,,,9999.0,9999.0,9999.0,9999.0,207.0,B,EURO,0,,9999.0
9091200061,25.5,13.0,6.5,0.69,0.0022,,,,9999.0,9999.0,9999.0,9999.0,207.0,C,K3,0,,9999.0
9091200081,12.0,3.0,4.0,0.33,0.0001,,,,2100.0,750.0,120.0,110.0,207.0,C,K3,0,,2100.0
9091200083,9.0,4.0,3.0,0.3,0.0001,,,,9999.0,9999.0,9999.0,9999.0,205.0,C,K1,0,,9999.0
9091200303,14.5,4.0,4.0,0.6,0.0002,36.0,0.0121,21.6,756.0,478.6,120.0,180.0,207.0,B,K3,0,21.0,756.0
9091200306,12.5,9.5,6.5,1.28,0.0008,,,,540.0,500.0,120.0,110.0,207.0,C,K3,0,,540.0
9091200399,9.0,4.0,3.0,0.21,0.0001,12.0,0.0015,2.52,1000.0,212.0,120.0,85.6,207.0,C,EURO,0,83.3333,1000.0
9091290601,13.0,13.0,8.0,0.46,0.0014,,,,594.0,298.24,120.0,110.0,205.0,C,K3,0,,594.0
9091290603,0.1,0.1,0.1,0.01,0.0,10.0,0.0013,3.5,9999.0,999.0,120.0,100.0,207.0,C,K1,0,999.9,9999.0
9091290605,1.0,1.0,1.0,0.01,0.0,,,,9999.0,9999.0,9999.0,9999.0,207.0,C,K1,0,,9999.0
9091290606,1.0,1.0,1.0,0.01,0.0,,,,9999.0,9999.0,9999.0,9999.0,207.0,C,K1,0,,9999.0
9091290608,1.0,1.0,1.0,0.01,0.0,,,,9999.0,9999.0,9999.0,9999.0,207.0,C,K1,0,,9999.0
9095200021,9.1,4.3,3.3,0.51,0.0001,,,,100.0,76.0,120.0,110.0,205.0,C,K3,0,,100.0
9095200031,9.0,4.0,3.0,0.2,0.0001,,,,3500.0,720.0,120.0,110.0,207.0,C,K3,0,,3500.0
9095200041,9.5,4.0,3.0,0.2,0.0001,,,,100.0,500.0,120.0,150.0,207.0,C,K3,0,,100.0
9095200302,12.0,0.4,3.0,0.29,0.0,12.0,0.0022,3.48,9999.0,9999.0,120.0,150.0,205.0,C,K3,0,833.25,9999.0
9096200600,4.0,14.0,4.0,0.3,0.0002,,,,1200.0,385.0,120.0,110.0,207.0,B,EURO,0,,1200.0
9100800450,13.0,10.0,3.5,0.45,0.0005,60.0,0.0445,27.0,900.0,430.0,120.0,110.0,201.0,B,EURO,0,15.0,900.0
9100800452,13.0,10.0,8.0,1.0,0.001,30.0,0.0352,30.0,360.0,362.0,120.0,65.6,201.0,A,EURO,0,12.0,360.0
9100800460,41.0,13.5,10.0,4.64,0.0055,6.0,0.044,27.84,90.0,419.6,120.0,135.6,201.0,C,EURO,0,15.0,90.0
9100800480,25.5,14.0,7.0,0.96,0.0025,5.0,0.0074,3.0,375.0,227.0,120.0,95.6,207.0,A,EURO,0,75.0,375.0
9100800483,29.0,13.5,4.0,0.87,0.0016,5.0,0.0189,4.65,240.0,281.0,120.0,94.6,207.0,B,EURO,0,48.0,240.0
9100800580,30.0,13.5,3.0,0.46,0.0012,250.0,0.3115,120.0,250.0,120.0,120.0,66.0,207.0,C,EURO,0,1.0,250.0
9100800583,29.0,13.0,5.0,0.87,0.0019,180.0,0.336,156.0,360.0,312.0,120.0,70.0,207.0,C,EURO,0,2.0,360.0
9100890000,3.0,2.0,10.0,0.06,0.0001,,,,9999.0,9999.0,9999.0,9999.0,203.0,C,K2,0,,9999.0
9100890030,0.99,10.5,4.0,0.3,0.0,25.0,0.0275,17.5,9999.0,9999.0,120.0,100.0,201.0,C,K3,0,399.96,9999.0
9101400000,12.0,4.0,4.0,0.56,0.0002,,,,9999.0,9999.0,9999.0,9999.0,207.0,C,K3,0,,9999.0
9103423116,24.0,2.0,8.0,0.25,0.0004,25.0,0.0119,6.56,2600.0,642.0,120.0,135.6,207.0,C,EURO,0,104.0,2600.0
9103423117,23.5,8.0,2.0,0.3,0.0004,25.0,0.0092,7.7,675.0,204.0,120.0,65.6,207.0,C,EURO,0,27.0,675.0
9103423156,23.5,9.0,2.0,0.3,0.0004,25.0,0.0109,7.5,500.0,152.0,120.0,95.6,207.0,C,EURO,0,20.0,500.0
9103423157,23.5,9.0,2.0,0.3,0.0004,25.0,0.012,7.5,500.0,152.0,120.0,95.6,207.0,C,EURO,0,20.0,500.0
9103623156,2.0,23.0,10.0,0.36,0.0005,25.0,0.0123,7.96,1800.0,640.0,120.0,85.6,207.0,C,EURO,0,72.0,1800.0
9103623157,23.5,8.5,2.0,0.36,0.0004,25.0,0.0114,9.6,1800.0,640.0,120.0,85.6,207.0,C,EURO,0,72.0,1800.0
9103692015,7.0,0.5,0.5,0.2,0.0,,,,9999.0,9999.0,9999.0,9999.0,207.0,C,K1,0,,9999.0
9103692016,7.0,2.0,0.5,0.02,0.0,,,,3400.0,93.0,120.0,90.0,207.0,C,K3,0,,3400.0
9103692035,0.5,2.0,7.0,0.02,0.0,,,,9999.0,9999.0,9999.0,9999.0,207.0,C,K2,0,,9999.0
9103692036,6.5,2.0,0.5,0.02,0.0,,,,9999.0,9999.0,9999.0,9999.0,207.0,C,K1,0,,9999.0
9120080000,12.5,2.5,2.5,0.2,0.0001,57.0,0.0053,11.4,9999.0,9999.0,9999.0,9999.0,207.0,C,K3,0,175.4211,9999.0
9120080010,6.5,1.5,0.1,0.14,0.0,,,,9999.0,9999.0,9999.0,9999.0,203.0,B,K3,0,,9999.0
9120080020,6.5,2.0,0.5,0.014,0.0,,,,9999.0,9999.0,9999.0,9999.0,203.0,B,K3,0,,9999.0
9120080030,0.05,2.0,6.5,0.02,0.0,,,,9999.0,9999.0,9999.0,9999.0,203.0,B,K3,0,,9999.0
9120080040,7.0,0.5,0.5,0.2,0.0,,,,9999.0,9999.0,9999.0,9999.0,203.0,C,K1,0,,9999.0
9120080050,6.0,8.5,0.1,0.16,0.0,500.0,0.0051,5.0,10000.0,125.0,120.0,110.0,203.0,C,K3,0,20.0,10000.0
9120090000,6.0,2.5,3.0,0.2,0.0,120.0,0.02,20.0,3240.0,477.0,120.0,65.6,201.0,C,EURO,0,27.0,3240.0
9120090001,18.0,6.0,5.0,0.21,0.0005,35.0,0.0081,7.48,2205.0,496.24,120.0,110.0,201.0,B,K3,0,63.0,2205.0
9120590270,24.0,0.5,0.5,0.105,0.0,,,,5000.0,525.0,120.0,95.6,207.0,C,EURO,0,,5000.0
9125502501,17.0,8.0,2.0,0.23,0.0003,50.0,0.0178,11.5,2000.0,462.0,120.0,95.6,203.0,A,EURO,0,40.0,2000.0
9125502502,2.0,17.0,8.0,0.3,0.0003,50.0,0.0205,12.0,2000.0,477.0,120.0,100.6,203.0,B,EURO,0,40.0,2000.0
9125502506,2.0,17.3,8.0,0.28,0.0003,50.0,0.0156,14.0,3500.0,972.0,120.0,135.6,203.0,B,EURO,0,70.0,3500.0
9125502507,8.0,2.0,17.5,0.3,0.0003,50.0,0.041,19.5,4000.0,1192.0,120.0,85.6,203.0,C,EURO,0,80.0,4000.0
9125502521,17.5,2.0,8.0,0.299,0.0003,50.0,0.0195,16.9,1200.0,410.0,120.0,95.6,203.0,B,EURO,0,24.0,1200.0
9125502531,29.0,13.0,3.0,0.4,0.0011,10.0,0.0072,4.0,900.0,362.0,120.0,90.6,203.0,B,EURO,0,90.0,900.0
9125502533,2.0,17.5,8.0,0.32,0.0003,20.0,0.0078,6.4,1920.0,606.0,120.0,85.6,203.0,A,EURO,0,96.0,1920.0
9125502536,29.0,13.0,2.0,0.4,0.0008,250.0,0.3674,100.0,250.0,92.0,120.0,85.6,203.0,C,EURO,0,1.0,250.0
9125505531,29.5,13.0,2.5,0.4,0.001,,,,950.0,382.0,120.0,95.6,203.0,B,EURO,0,,950.0
9125505533,17.0,9.5,2.0,0.3,0.0003,10.0,0.0078,3.0,1120.0,336.0,120.0,96.0,203.0,A,EURO,0,112.0,1120.0
9125517501,17.0,16.0,0.99,0.32,0.0003,50.0,0.0195,17.31,1600.0,553.92,120.0,74.0,203.0,B,EURO,0,32.0,1600.0
9125517502,18.0,16.5,0.99,0.32,0.0003,50.0,0.0186,17.24,1350.0,467.48,120.0,80.6,203.0,B,EURO,0,27.0,1350.0
9125517521,17.0,9.0,2.0,0.31,0.0003,50.0,0.0194,15.5,1750.0,544.5,120.0,95.6,203.0,B,EURO,0,35.0,1750.0
9125517531,30.0,13.0,3.0,0.41,0.0012,5.0,0.0079,2.22,600.0,268.4,120.0,95.6,203.0,C,EURO,0,120.0,600.0
9125517533,17.5,8.0,2.0,0.33,0.0003,20.0,0.0077,6.74,1920.0,639.0,120.0,85.6,203.0,A,EURO,0,96.0,1920.0
9125531506,11.5,8.0,2.0,0.3,0.0002,50.0,0.0152,15.0,2400.0,720.0,120.0,76.0,203.0,B,EURO,0,48.0,2400.0
9125531507,17.0,8.0,2.0,0.3,0.0003,50.0,0.0152,12.5,2000.0,477.0,120.0,95.6,203.0,B,EURO,0,40.0,2000.0
9125534533,2.0,17.5,10.0,0.3,0.0004,20.0,0.0089,6.2,1920.0,579.62,120.0,95.6,203.0,C,EURO,0,96.0,1920.0
9125536506,17.5,8.0,2.0,0.3,0.0003,50.0,0.0144,12.0,2000.0,477.0,120.0,95.6,203.0,C,EURO,0,40.0,2000.0
9125536507,17.0,8.0,2.0,0.3,0.0003,50.0,0.0158,15.46,1500.0,465.8,120.0,80.6,203.0,C,EURO,0,30.0,1500.0
9125587501,16.5,2.0,1.0,0.33,0.0,50.0,0.0183,17.19,1600.0,550.08,120.0,72.0,205.0,C,EURO,0,32.0,1600.0
9125587502,17.5,16.5,0.99,0.3,0.0003,50.0,0.0203,17.0,1350.0,461.0,120.0,95.6,205.0,C,EURO,0,27.0,1350.0
9125590170,1.0,1.0,1.0,0.01,0.0,,,,23700.0,500.0,120.0,110.0,203.0,C,K3,0,,23700.0
9125590270,7.0,4.5,0.1,0.03,0.0,,,,9999.0,9999.0,9999.0,9999.0,203.0,A,K3,0,,9999.0
9125590500,4.0,6.0,1.0,0.2,0.0,,,,2000.0,425.0,120.0,95.0,203.0,B,K3,0,,2000.0
9125590501,7.1,4.5,0.1,0.02,0.0,,,,9999.0,9999.0,9999.0,9999.0,203.0,C,K3,0,,9999.0
9125590510,7.0,4.5,0.2,0.02,0.0,250.0,0.0036,5.0,23000.0,485.0,120.0,90.0,203.0,A,K3,0,92.0,23000.0
9125590511,7.0,4.5,0.1,0.02,0.0,250.0,0.0033,5.0,10000.0,225.0,120.0,100.0,203.0,B,K3,0,40.0,10000.0
9125590520,15.0,4.0,1.0,0.019,0.0001,500.0,0.0159,9.85,12000.0,236.4,120.0,40.0,207.0,C,EURO,0,24.0,12000.0
9125590530,7.0,4.5,0.02,0.02,0.0,500.0,0.014,9.9,15000.0,322.0,120.0,85.0,207.0,A,K3,0,30.0,15000.0
9125590540,1.0,1.0,1.0,0.01,0.0,,,,9999.0,9999.0,9999.0,9999.0,207.0,C,K3,0,,9999.0
9125590550,7.0,4.5,0.01,0.016,0.0,500.0,0.0128,8.0,24000.0,400.0,120.0,91.0,102.0,A,K3,0,48.0,24000.0
9125592700,7.0,4.5,0.01,0.01,0.0,250.0,0.0141,2.5,9999.0,9999.0,120.0,100.0,207.0,C,K3,0,39.996,9999.0
9125594531,29.5,20.5,2.0,0.66,0.0012,5.0,0.0144,3.56,360.0,258.32,120.0,95.6,207.0,B,EURO,0,72.0,360.0
9125596531,26.0,21.0,2.5,0.7,0.0014,5.0,0.015,4.0,500.0,402.0,120.0,135.6,207.0,A,EURO,0,100.0,500.0
9125602495,17.0,8.0,2.0,0.32,0.0003,50.0,0.0162,16.4,1500.0,494.0,120.0,77.6,203.0,C,EURO,0,30.0,1500.0
9125602500,10.0,17.0,0.99,0.34,0.0002,50.0,0.0196,17.0,2000.0,657.0,120.0,135.6,203.0,A,EURO,0,40.0,2000.0
9125602530,29.5,13.5,3.0,0.41,0.0012,5.0,0.007,2.2,300.0,134.0,120.0,65.6,203.0,B,EURO,0,60.0,300.0
9125602535,17.0,8.0,2.0,0.33,0.0003,20.0,0.0138,6.6,2800.0,926.0,120.0,95.6,203.0,A,EURO,0,140.0,2800.0
9125605535,18.0,8.0,2.0,0.35,0.0003,,,,2040.0,714.0,120.0,68.0,203.0,C,EURO,0,,2040.0
9125617500,17.5,8.0,2.0,0.325,0.0003,,,,2215.0,719.875,120.0,74.0,203.0,B,EURO,0,,2215.0
9125617535,2.0,17.0,8.0,0.42,0.0003,20.0,0.0084,7.47,1240.0,488.14,120.0,100.0,203.0,B,EURO,0,62.0,1240.0
9125631505,2.0,17.0,8.0,0.29,0.0003,50.0,0.0156,15.17,1550.0,472.27,120.0,85.6,203.0,B,EURO,0,31.0,1550.0
9125636505,17.5,2.0,8.0,0.3,0.0003,50.0,0.0415,19.5,1500.0,442.0,120.0,85.6,203.0,C,EURO,0,30.0,1500.0
9125682500,17.5,18.0,0.99,0.32,0.0003,50.0,0.0193,16.0,1500.0,477.0,180.0,95.6,205.0,C,EURO,0,30.0,1500.0
9125683505,17.5,2.0,8.0,0.3,0.0003,50.0,0.0164,15.22,1600.0,480.0,120.0,80.0,203.0,C,EURO,0,32.0,1600.0
9125687500,9.0,4.0,3.0,0.25,0.0001,60.0,0.0117,15.0,1440.0,362.0,120.0,65.6,205.0,C,EURO,0,24.0,1440.0
9125690270,0.01,2.0,7.0,0.01,0.0,,,,9999.0,9999.0,9999.0,9999.0,203.0,C,K3,0,,9999.0
9125690500,18.0,11.0,5.0,1.0,0.001,,,,475.0,500.0,120.0,110.0,203.0,C,K3,0,,475.0
9125690510,7.0,2.0,0.2,0.01,0.0,250.0,0.0011,2.5,45000.0,475.0,120.0,80.0,203.0,A,K3,0,180.0,45000.0
9125690511,7.0,2.0,0.02,0.01,0.0,,,,9520.0,100.0,120.0,85.6,203.0,C,EURO,0,,9520.0
9125690530,8.0,3.0,0.5,0.01,0.0,,,,15000.0,205.0,120.0,110.0,207.0,A,K3,0,,15000.0
9125690550,7.0,2.5,0.01,0.01,0.0,,,,25000.0,275.0,120.0,80.0,102.0,A,K3,0,,25000.0
9125802500,17.3,2.0,8.0,0.3,0.0003,50.0,0.0195,15.5,3200.0,952.0,120.0,135.6,203.0,B,EURO,0,64.0,3200.0
9125802505,2.0,17.5,8.0,0.31,0.0003,50.0,0.0152,11.81,1500.0,457.0,120.0,85.6,203.0,C,EURO,0,30.0,1500.0
9125817500,17.5,2.0,8.0,0.3,0.0003,54.0,0.0198,15.5,1620.0,500.0,120.0,150.0,203.0,B,EURO,0,30.0,1620.0
9125882500,17.5,16.5,0.99,0.33,0.0003,50.0,0.0198,17.19,1400.0,477.0,120.0,95.6,205.0,C,EURO,0,28.0,1400.0
9125887500,17.5,16.5,0.99,3.3,0.0003,10.0,0.0194,33.0,140.0,464.0,120.0,65.6,205.0,C,EURO,0,14.0,140.0
9126404501,17.5,17.0,0.99,0.4,0.0003,50.0,0.0195,20.0,1600.0,640.0,120.0,76.0,203.0,A,EURO,0,32.0,1600.0
9126404502,17.5,16.5,0.99,0.38,0.0003,50.0,0.0185,20.0,1600.0,640.0,120.0,72.0,203.0,B,EURO,0,32.0,1600.0
9126404506,17.5,2.0,8.0,0.36,0.0003,50.0,0.0151,18.79,1500.0,565.7,120.0,135.6,203.0,B,EURO,0,30.0,1500.0
9126404507,17.0,8.0,2.0,0.38,0.0003,50.0,0.0155,19.0,1800.0,684.0,120.0,74.0,203.0,C,EURO,0,36.0,1800.0
9126404521,17.5,8.0,2.0,0.36,0.0003,50.0,0.0195,18.0,1250.0,475.0,120.0,90.0,203.0,B,EURO,0,25.0,1250.0
9126404531,29.0,13.0,2.5,0.47,0.0009,5.0,0.0077,2.57,600.0,310.4,120.0,95.6,203.0,B,EURO,0,120.0,600.0
9126404533,2.0,17.0,8.0,0.4,0.0003,20.0,0.0078,8.1,1920.0,760.0,120.0,85.6,203.0,A,EURO,0,96.0,1920.0
9126404536,29.0,13.5,3.0,0.48,0.0012,250.0,0.3682,120.0,250.0,102.0,120.0,95.6,203.0,C,EURO,0,1.0,250.0
9126405531,29.0,13.5,3.0,0.48,0.0012,5.0,0.0071,2.6,300.0,177.0,120.0,75.6,203.0,C,EURO,0,60.0,300.0
9126405533,17.0,9.0,2.0,0.4,0.0003,20.0,0.0075,8.0,1800.0,720.0,120.0,92.0,203.0,B,EURO,0,90.0,1800.0
9126417501,18.0,16.0,0.99,0.41,0.0003,50.0,0.0185,20.0,1150.0,462.0,120.0,80.6,203.0,B,EURO,0,23.0,1150.0
9126417502,17.5,2.0,8.0,0.37,0.0003,50.0,0.018,19.8,2000.0,592.0,120.0,85.6,203.0,B,EURO,0,40.0,2000.0
9126417521,17.5,16.5,0.99,0.4,0.0003,50.0,0.019,20.0,1100.0,465.0,120.0,110.0,203.0,B,EURO,0,22.0,1100.0
9126417531,30.0,13.0,2.5,0.5,0.001,5.0,0.0072,2.5,750.0,367.0,120.0,135.6,203.0,B,EURO,0,150.0,750.0
9126417533,2.0,17.5,8.0,0.4,0.0003,20.0,0.0078,8.2,1120.0,461.2,120.0,75.6,203.0,A,EURO,0,56.0,1120.0
9126431506,2.0,17.5,8.0,0.36,0.0003,50.0,0.0164,12.0,2000.0,477.0,120.0,95.6,203.0,B,EURO,0,40.0,2000.0
9126431507,11.0,8.0,2.0,0.4,0.0002,50.0,0.0152,12.0,2000.0,477.0,120.0,95.6,203.0,B,EURO,0,40.0,2000.0
9126434533,2.0,17.0,8.0,0.35,0.0003,20.0,0.0078,8.0,2880.0,1000.0,120.0,135.6,203.0,C,EURO,0,144.0,2880.0
9126436506,2.0,17.0,8.0,0.37,0.0003,50.0,0.016,12.0,2000.0,477.0,120.0,95.6,203.0,C,EURO,0,40.0,2000.0
9126436507,2.0,17.5,8.0,0.37,0.0003,50.0,0.016,12.0,2000.0,477.0,120.0,95.6,203.0,C,EURO,0,40.0,2000.0
9126483506,17.5,2.0,8.0,0.36,0.0003,50.0,0.0164,18.65,1600.0,576.0,120.0,80.0,203.0,C,EURO,0,32.0,1600.0
9126483507,17.5,2.0,8.0,0.37,0.0003,50.0,0.0164,18.68,2000.0,748.0,120.0,80.0,203.0,C,EURO,0,40.0,2000.0
9126484501,17.5,9.0,2.0,0.36,0.0003,,,,1500.0,542.0,120.0,95.6,205.0,C,EURO,0,,1500.0
9126487501,17.5,16.5,0.99,0.409,0.0003,50.0,0.0205,4.09,2000.0,162.0,120.0,105.6,205.0,C,EURO,0,40.0,2000.0
9126487502,17.5,9.0,2.0,0.35,0.0003,50.0,0.0202,17.5,1600.0,560.0,120.0,76.0,205.0,C,EURO,0,32.0,1600.0
9126494531,29.5,21.0,4.5,0.79,0.0028,5.0,0.014,4.26,300.0,257.6,120.0,95.6,207.0,A,EURO,0,60.0,300.0
9126604496,2.0,17.0,8.0,0.4,0.0003,50.0,0.016,20.0,4200.0,1672.0,120.0,135.6,203.0,C,EURO,0,84.0,4200.0
9126604501,17.0,9.0,2.0,0.35,0.0003,50.0,0.0195,22.32,1050.0,470.72,120.0,75.6,203.0,A,EURO,0,21.0,1050.0
9126604502,2.0,17.0,8.0,0.3,0.0003,50.0,0.0214,15.0,1600.0,477.0,120.0,95.6,203.0,A,EURO,0,32.0,1600.0
9126604521,2.0,17.0,8.0,0.3,0.0003,50.0,0.0205,15.5,1200.0,399.0,120.0,95.6,203.0,C,EURO,0,24.0,1200.0
9126604531,29.0,14.0,3.0,0.49,0.0012,,,,660.0,315.0,120.0,85.6,203.0,A,EURO,0,,660.0
9126604533,2.0,17.0,9.0,0.42,0.0003,20.0,0.0076,4.47,3600.0,1504.0,120.0,165.6,203.0,A,EURO,0,180.0,3600.0
9126604536,29.0,13.2,2.0,0.5,0.0008,250.0,0.3377,125.0,750.0,377.0,120.0,95.6,203.0,C,EURO,0,3.0,750.0
9126604551,2.0,17.0,8.0,0.3,0.0003,50.0,0.0205,15.0,2800.0,855.0,120.0,150.0,203.0,C,K3,0,56.0,2800.0
9126604561,2.5,17.0,8.0,0.4,0.0003,50.0,0.0194,20.0,3200.0,1295.0,120.0,150.0,203.0,C,K3,0,64.0,3200.0
9126604571,2.5,17.0,8.0,0.35,0.0003,50.0,0.0205,20.0,400.0,615.0,120.0,150.0,203.0,C,EURO,0,8.0,400.0
9126604581,17.0,8.0,2.0,0.39,0.0003,50.0,0.0205,19.5,1200.0,470.0,120.0,95.6,203.0,C,EURO,0,24.0,1200.0
9126605531,2.0,29.0,13.0,0.52,0.0008,12.0,0.0154,6.37,360.0,193.0,120.0,65.6,203.0,C,EURO,0,30.0,360.0
9126605533,17.5,9.0,2.0,0.4,0.0003,20.0,0.0078,8.84,900.0,423.0,120.0,26.4,203.0,C,K3,0,45.0,900.0
9126617501,2.5,17.0,8.0,0.4,0.0003,50.0,0.0205,20.5,1600.0,648.0,120.0,165.6,203.0,C,EURO,0,32.0,1600.0
9126617502,17.0,8.0,2.0,0.4,0.0003,50.0,0.0188,20.0,1600.0,640.0,120.0,72.0,203.0,B,EURO,0,32.0,1600.0
9126617521,2.0,8.0,17.5,0.4,0.0003,,,,9999.0,9999.0,9999.0,9999.0,203.0,C,K3,0,,9999.0
9126617531,29.5,13.5,2.5,0.51,0.001,5.0,0.0072,2.55,500.0,244.25,120.0,95.6,203.0,C,EURO,0,100.0,500.0
9126617533,17.0,10.0,2.0,0.42,0.0003,20.0,0.008,7.47,1260.0,500.0,120.0,110.0,203.0,B,K3,0,63.0,1260.0
9126631506,2.0,17.0,8.0,0.35,0.0003,50.0,0.0156,17.8,1200.0,429.0,120.0,40.0,203.0,C,EURO,0,24.0,1200.0
9126631507,17.5,8.0,2.0,0.36,0.0003,50.0,0.0156,10.0,2000.0,477.0,120.0,105.6,203.0,C,EURO,0,40.0,2000.0
9126636506,18.0,8.0,2.0,0.37,0.0003,50.0,0.0164,18.5,1000.0,372.0,120.0,95.6,203.0,C,EURO,0,20.0,1000.0
9126636507,2.0,17.5,8.0,0.36,0.0003,50.0,0.0003,0.36,4500.0,1612.0,120.0,165.6,203.0,C,EURO,0,90.0,4500.0
9126684501,18.0,10.0,2.0,0.39,0.0004,50.0,0.0201,20.8,1200.0,477.0,120.0,65.6,205.0,C,EURO,0,24.0,1200.0
9126684502,17.5,9.0,2.0,0.39,0.0003,,,,1000.0,392.0,120.0,95.6,205.0,C,EURO,0,,1000.0
9126687502,39.0,17.0,8.0,3.0,0.0053,50.0,0.0053,17.0,2000.0,477.0,120.0,65.6,205.0,C,EURO,0,40.0,2000.0
9126690170,1.0,1.0,1.0,0.01,0.0,,,,9999.0,9999.0,9999.0,9999.0,203.0,C,K2,0,,9999.0
9126690270,13.0,4.5,0.2,0.027,0.0,250.0,0.0052,6.75,15000.0,430.0,120.0,80.0,203.0,A,K3,0,60.0,15000.0
9126690275,12.5,2.5,0.5,0.026,0.0,,,,15000.0,415.0,120.0,110.0,203.0,A,K3,0,,15000.0
9126690500,15.5,4.5,0.01,0.3,0.0,250.0,0.0027,7.5,9999.0,9999.0,9999.0,9999.0,203.0,C,K1,0,39.996,9999.0
9126690501,1.0,1.0,1.0,0.01,0.0,,,,9999.0,9999.0,9999.0,9999.0,203.0,C,K3,0,,9999.0
9126690505,12.5,4.5,0.1,0.04,0.0,,,,999999.0,9999.0,120.0,120.0,207.0,C,K3,0,,999999.0
9126690510,12.5,4.0,0.01,0.03,0.0,250.0,0.0034,7.5,15000.0,475.0,120.0,80.0,102.0,B,K3,0,60.0,15000.0
9126690511,13.0,5.0,0.01,0.03,0.0,250.0,0.0037,7.5,12000.0,385.0,120.0,80.0,203.0,C,K3,0,48.0,12000.0
9126690530,12.5,4.0,0.01,0.04,0.0,250.0,0.0128,10.0,9000.0,337.0,120.0,65.6,207.0,A,EURO,0,36.0,9000.0
9126692700,12.5,4.4,0.5,0.03,0.0,350.0,0.0143,10.5,16800.0,512.0,120.0,100.0,205.0,C,K3,0,48.0,16800.0
9126694531,29.0,20.0,4.0,0.78,0.0023,5.0,0.0195,3.9,300.0,236.0,120.0,110.0,207.0,A,EURO,0,60.0,300.0
9126904501,2.0,17.0,8.0,0.3,0.0003,50.0,0.0205,14.0,1600.0,452.0,120.0,90.6,203.0,A,EURO,0,32.0,1600.0
9126904502,2.0,17.5,8.0,0.38,0.0003,50.0,0.0195,21.33,3600.0,1360.0,120.0,165.6,203.0,B,EURO,0,72.0,3600.0
9126904506,17.9,2.0,8.0,0.38,0.0003,50.0,0.0168,7.5,3500.0,1322.0,120.0,135.6,203.0,B,EURO,0,70.0,3500.0
9126904507,2.0,17.0,8.0,0.42,0.0003,50.0,0.0164,19.0,1250.0,477.0,120.0,85.6,203.0,C,EURO,0,25.0,1250.0
9126904521,17.5,8.0,2.0,0.38,0.0003,50.0,0.0188,19.0,1200.0,458.0,120.0,95.6,203.0,B,EURO,0,24.0,1200.0
9126904531,29.0,13.5,3.5,0.5,0.0014,5.0,0.0073,2.5,600.0,302.0,120.0,115.6,203.0,A,EURO,0,120.0,600.0
9126904533,2.0,17.0,9.0,0.41,0.0003,20.0,0.0089,8.47,1680.0,694.54,120.0,91.0,203.0,A,EURO,0,84.0,1680.0
9126904536,29.0,13.0,3.0,0.5,0.0011,250.0,0.504,115.0,250.0,115.0,120.0,55.0,203.0,C,EURO,0,1.0,250.0
9126905531,29.5,13.5,2.5,0.51,0.001,5.0,0.0076,2.66,400.0,210.0,120.0,65.6,203.0,C,EURO,0,80.0,400.0
9126905533,17.0,8.0,2.0,0.41,0.0003,13.0,0.0073,5.33,260.0,131.6,120.0,110.0,203.0,B,K3,0,20.0,260.0
9126917501,17.5,2.0,8.0,0.38,0.0003,50.0,0.0197,19.5,3200.0,1208.0,120.0,135.6,203.0,B,EURO,0,64.0,3200.0
9126917502,9.0,2.0,17.5,0.38,0.0003,50.0,0.0195,21.56,3200.0,1208.0,120.0,85.6,203.0,B,EURO,0,64.0,3200.0
9126917506,2.0,17.0,8.0,0.37,0.0003,30.0,0.0195,12.2,1200.0,490.0,120.0,92.6,203.0,C,EURO,0,40.0,1200.0
9126917507,2.0,17.5,8.0,0.38,0.0003,50.0,0.0168,19.0,2500.0,965.0,120.0,100.0,203.0,C,K3,0,50.0,2500.0
9126917521,2.0,17.5,8.0,0.4,0.0003,10.0,0.0029,4.2,1100.0,487.0,120.0,110.0,203.0,B,EURO,0,110.0,1100.0
9126917531,29.0,13.0,3.0,0.5,0.0011,5.0,0.0077,2.68,600.0,323.6,120.0,95.6,203.0,B,EURO,0,120.0,600.0
9126917533,2.0,17.0,8.0,0.35,0.0003,20.0,0.0078,8.0,1200.0,422.0,120.0,135.6,203.0,A,EURO,0,60.0,1200.0
9126936506,2.0,17.0,8.0,0.4,0.0003,50.0,0.0152,20.0,2800.0,1112.0,120.0,135.6,203.0,C,EURO,0,56.0,2800.0
9126936507,2.0,17.0,8.0,0.4,0.0003,50.0,0.0144,20.0,4000.0,1592.0,120.0,135.6,203.0,C,EURO,0,80.0,4000.0
9126937501,8.0,17.0,2.0,0.38,0.0003,50.0,0.0205,19.0,1200.0,481.0,120.0,90.0,203.0,B,K3,0,24.0,1200.0
9126937502,17.5,8.0,2.0,0.4,0.0003,50.0,0.0205,20.0,1600.0,640.0,120.0,80.0,203.0,C,EURO,0,32.0,1600.0
9126984502,17.5,9.5,2.0,0.4,0.0003,50.0,0.02,20.0,1600.0,640.0,120.0,74.0,205.0,C,EURO,0,32.0,1600.0
9126987501,17.5,8.0,2.0,0.38,0.0003,50.0,0.0183,19.0,1200.0,458.0,120.0,65.6,205.0,C,EURO,0,24.0,1200.0
9126987502,17.5,9.0,2.0,0.4,0.0003,20.0,0.02,21.5,400.0,185.0,120.0,32.9,205.0,C,EURO,0,20.0,400.0
9126994531,29.5,21.0,4.0,0.97,0.0025,5.0,0.014,4.85,300.0,293.0,120.0,105.6,207.0,A,EURO,0,60.0,300.0
9127690120,12.5,6.5,1.5,0.38,0.0001,,,,9999.0,9999.0,9999.0,9999.0,207.0,C,K3,0,,9999.0
9127690170,12.6,6.3,0.3,0.037,0.0,,,,9999.0,9999.0,9999.0,9999.0,207.0,C,K3,0,,9999.0
9127690220,12.5,6.5,0.1,0.04,0.0,,,,11000.0,465.0,120.0,110.0,207.0,B,K3,0,,11000.0
9127917501,18.0,16.0,0.99,0.469,0.0003,50.0,0.0185,23.82,1000.0,477.0,120.0,135.6,102.0,B,EURO,0,20.0,1000.0
9127917502,17.0,16.0,0.99,0.48,0.0003,50.0,0.0178,23.5,1000.0,472.0,120.0,75.6,203.0,A,EURO,0,20.0,1000.0
9127917506,17.5,8.0,2.0,0.4,0.0003,50.0,0.0156,20.0,1000.0,477.0,120.0,95.6,203.0,B,EURO,0,20.0,1000.0
9127917507,2.0,18.0,8.0,0.42,0.0003,50.0,0.0154,21.9,6000.0,2512.0,120.0,165.6,203.0,C,EURO,0,120.0,6000.0
9127917531,29.5,21.0,2.5,0.79,0.0015,5.0,0.0142,3.95,300.0,144.2,120.0,95.6,207.0,A,EURO,0,60.0,300.0
9127990171,12.0,4.0,1.0,0.03,0.0,250.0,0.0033,6.0,3000.0,127.0,120.0,95.6,203.0,A,EURO,0,12.0,3000.0
9127990172,12.5,4.5,0.5,0.025,0.0,250.0,0.0037,6.25,28750.0,718.75,120.0,52.0,203.0,A,K3,0,115.0,28750.0
9127990181,12.5,4.5,1.5,0.27,0.0001,,,,9999.0,9999.0,9999.0,9999.0,207.0,C,K3,0,,9999.0
9127990182,12.5,4.5,0.1,0.03,0.0,,,,9999.0,9999.0,9999.0,9999.0,207.0,C,K3,0,,9999.0
9127990701,13.0,7.0,1.0,0.04,0.0001,,,,9000.0,385.0,120.0,110.0,207.0,B,K3,0,,9000.0
9127990702,13.0,7.0,1.0,0.33,0.0001,,,,950.0,338.0,120.0,110.0,207.0,B,K3,0,,950.0
9135590050,8.0,2.5,0.01,0.02,0.0,500.0,0.0133,11.0,18000.0,398.0,120.0,65.6,207.0,A,EURO,0,36.0,18000.0
9135590051,8.0,2.5,0.01,0.02,0.0,500.0,0.0138,15.0,13500.0,430.0,120.0,80.0,207.0,A,K3,0,27.0,13500.0
9135590120,7.0,6.5,0.5,0.028,0.0,,,,9999.0,9999.0,9999.0,9999.0,207.0,C,K1,0,,9999.0
9135590130,6.0,6.0,1.0,0.27,0.0,,,,9999.0,9999.0,9999.0,9999.0,207.0,B,K3,0,,9999.0
9135690050,0.38,25.5,14.0,0.26,0.0001,100.0,0.0137,26.0,9600.0,2488.0,120.0,165.6,207.0,A,EURO,0,96.0,9600.0
9135690051,8.0,2.5,1.5,0.02,0.0,500.0,0.0167,10.0,10000.0,500.0,120.0,100.0,207.0,A,K3,0,20.0,10000.0
9136690071,13.5,2.5,1.0,0.04,0.0,500.0,0.0143,20.0,10000.0,976.0,120.0,135.6,207.0,A,EURO,0,20.0,10000.0
9136690072,13.0,3.0,2.0,0.04,0.0001,500.0,0.0138,20.0,11000.0,442.0,120.0,85.6,207.0,A,EURO,0,22.0,11000.0
9136690073,13.5,2.5,1.5,0.04,0.0001,350.0,0.013,14.0,11200.0,473.0,120.0,100.0,207.0,A,K3,0,32.0,11200.0
9136690074,13.5,2.5,1.5,0.04,0.0001,500.0,0.0135,20.0,9999.0,9999.0,120.0,100.0,207.0,A,K3,0,19.998,9999.0
9143500551,15.5,8.5,2.0,0.29,0.0003,50.0,0.0346,14.6,900.0,264.8,120.0,95.6,207.0,A,EURO,0,18.0,900.0
9143500552,15.5,8.5,2.0,0.28,0.0003,50.0,0.0191,14.0,1600.0,450.0,120.0,95.6,207.0,B,EURO,0,32.0,1600.0
9143500583,2.0,15.0,9.0,0.31,0.0003,20.0,0.0078,6.2,1680.0,520.8,120.0,84.0,201.0,A,EURO,0,84.0,1680.0
9143600550,15.5,8.5,2.0,0.28,0.0003,50.0,0.0191,15.0,1200.0,282.0,120.0,95.6,102.0,A,EURO,0,24.0,1200.0
9144400551,15.0,8.0,1.5,0.34,0.0002,50.0,0.034,18.6,900.0,446.4,120.0,81.0,102.0,A,EURO,0,18.0,900.0
9144400552,15.0,8.0,2.0,0.35,0.0002,50.0,0.0195,18.0,1200.0,457.0,120.0,110.0,207.0,B,K3,0,24.0,1200.0
9144400583,15.2,9.8,2.0,0.36,0.0003,,,,1300.0,470.0,120.0,95.6,201.0,A,EURO,0,,1300.0
9144600551,15.5,8.5,2.0,0.34,0.0003,50.0,0.0278,17.5,900.0,317.0,120.0,95.6,102.0,A,EURO,0,18.0,900.0
9144600583,2.0,15.0,8.0,0.362,0.0002,20.0,0.0082,7.24,1440.0,521.28,120.0,75.0,201.0,A,EURO,0,72.0,1440.0
9144690200,7.0,3.0,2.0,0.25,0.0,,,,9999.0,9999.0,9999.0,9999.0,207.0,C,K3,0,,9999.0
9144900551,15.0,8.0,2.3,0.33,0.0003,50.0,0.036,16.5,900.0,299.0,120.0,105.6,102.0,B,EURO,0,18.0,900.0
9144900552,15.0,8.0,1.5,0.34,0.0002,50.0,0.0181,17.0,1200.0,433.0,120.0,90.0,207.0,C,K3,0,24.0,1200.0
9152255001,13.0,10.0,4.0,0.66,0.0005,25.0,0.0172,16.5,675.0,432.0,120.0,95.6,207.0,B,EURO,0,27.0,675.0
9152255002,10.0,13.0,3.5,0.67,0.0005,25.0,0.0174,17.03,2200.0,1466.0,120.0,165.6,207.0,B,EURO,0,88.0,2200.0
9152355001,17.0,10.0,9.5,0.9,0.0016,,,,500.0,475.0,120.0,110.0,201.0,C,K3,0,,500.0
9152355002,17.0,10.0,9.0,0.88,0.0015,10.0,0.0499,8.8,180.0,160.4,120.0,105.6,201.0,C,EURO,0,18.0,180.0
9153355001,31.0,9.0,2.0,0.64,0.0006,25.0,0.0238,16.0,400.0,281.0,120.0,110.0,201.0,C,K3,0,16.0,400.0
9153355002,18.0,8.0,6.0,0.8,0.0009,,,,528.0,447.4,120.0,100.0,201.0,C,K3,0,,528.0
9154355001,14.0,14.0,10.0,0.87,0.002,10.0,0.0352,8.7,300.0,263.0,120.0,125.6,201.0,C,EURO,0,30.0,300.0
9154355002,14.0,14.0,10.0,0.9,0.002,5.0,0.0199,4.5,180.0,162.0,120.0,80.0,201.0,C,EURO,0,36.0,180.0
9162255021,1.0,1.0,1.0,0.01,0.0,,,,9999.0,9999.0,9999.0,9999.0,201.0,B,K3,0,,9999.0
9172321001,2.0,20.0,6.0,0.3,0.0002,25.0,0.0076,8.0,2400.0,712.0,120.0,85.6,207.0,B,EURO,0,96.0,2400.0
9172321002,2.0,20.0,6.0,0.35,0.0002,34.0,0.0144,30.0,544.0,477.0,120.0,65.6,207.0,B,EURO,0,16.0,544.0
9172921650,29.0,10.0,2.5,1.0,0.0007,25.0,0.0224,25.0,450.0,452.0,120.0,65.6,207.0,B,EURO,0,18.0,450.0
9172990030,65.0,1.0,1.0,0.15,0.0001,,,,200.0,32.0,120.0,95.6,207.0,C,EURO,0,,200.0
9172990040,6.0,3.0,1.0,0.165,0.0,50.0,0.0087,8.25,3600.0,594.0,120.0,78.0,207.0,C,EURO,0,72.0,3600.0
9173903000,23.5,8.5,2.5,0.73,0.0005,,,,945.0,689.85,120.0,52.5,207.0,C,EURO,0,,945.0
9173903005,23.0,8.0,2.0,0.6,0.0004,25.0,0.0156,16.5,800.0,477.0,120.0,105.6,207.0,B,EURO,0,32.0,800.0
9173927000,23.5,10.0,2.5,0.94,0.0006,25.0,0.0188,23.5,500.0,500.0,120.0,110.0,207.0,B,K3,0,20.0,500.0
9173929000,24.0,10.0,2.5,0.7,0.0006,25.0,0.0195,15.0,500.0,352.0,120.0,135.6,207.0,A,EURO,0,20.0,500.0
9173929020,24.0,10.0,2.5,0.17,0.0006,25.0,0.0205,4.25,875.0,150.75,120.0,95.6,207.0,C,K3,0,35.0,875.0
9173936000,23.5,10.0,2.5,1.0,0.0006,25.0,0.0203,25.0,500.0,502.0,120.0,95.6,207.0,A,EURO,0,20.0,500.0
9173946000,3.0,24.0,10.0,1.0,0.0007,25.0,0.0194,25.0,450.0,475.0,120.0,100.0,207.0,A,EURO,0,18.0,450.0
9173951000,23.5,10.0,2.5,0.9,0.0006,25.0,0.0198,22.5,800.0,720.0,120.0,80.0,207.0,C,EURO,0,32.0,800.0
9173955650,23.8,10.0,2.8,0.79,0.0007,25.0,0.0198,20.35,675.0,549.5,120.0,59.5,201.0,C,EURO,0,27.0,675.0
9173990005,8.0,4.0,0.05,0.02,0.0,250.0,0.0069,6.0,16500.0,421.0,120.0,90.0,207.0,C,K3,0,66.0,16500.0
9173990010,13.0,4.5,0.5,0.032,0.0,,,,9999.0,9999.0,9999.0,9999.0,207.0,C,K3,0,,9999.0
9174209005,23.5,2.5,2.5,0.4,0.0001,50.0,0.0152,20.0,1250.0,477.0,120.0,65.6,207.0,B,EURO,0,25.0,1250.0
9174290040,63.0,2.0,5.0,0.29,0.0006,,,,760.0,222.4,120.0,95.6,207.0,B,EURO,0,,760.0
9174290050,75.0,2.0,2.0,0.35,0.0003,,,,3000.0,1042.0,120.0,85.6,205.0,C,EURO,0,,3000.0
9174290060,87.5,2.0,0.5,0.4,0.0001,,,,1625.0,650.0,120.0,20.0,207.0,C,EURO,0,,1625.0
9174908652,23.0,10.0,2.0,0.92,0.0005,,,,950.0,999.0,120.0,110.0,205.0,C,K3,0,,950.0
9174909001,23.0,11.0,2.5,0.92,0.0006,25.0,0.0159,23.0,750.0,690.0,120.0,66.0,207.0,A,EURO,0,30.0,750.0
9174909002,23.5,10.0,2.5,0.79,0.0006,25.0,0.0168,20.0,900.0,720.0,120.0,68.0,207.0,B,EURO,0,36.0,900.0
9174909011,23.0,10.0,2.0,0.93,0.0005,25.0,0.0176,23.25,750.0,699.5,120.0,95.6,207.0,C,EURO,0,30.0,750.0
9174909012,23.5,10.0,2.5,0.92,0.0006,25.0,0.0209,23.0,450.0,416.0,120.0,65.6,207.0,C,EURO,0,18.0,450.0
9174935001,24.0,10.5,2.5,0.941,0.0006,25.0,0.0163,23.525,750.0,705.75,120.0,66.0,205.0,C,EURO,0,30.0,750.0
9174937001,23.5,10.0,2.0,0.951,0.0005,,,,9999.0,9999.0,9999.0,9999.0,207.0,C,K3,0,,9999.0
9174937002,23.5,11.5,2.5,0.94,0.0007,,,,100.0,119.0,120.0,110.0,207.0,C,K3,0,,100.0
9174945002,23.5,10.0,2.0,0.96,0.0005,25.0,0.0164,24.0,500.0,505.0,120.0,110.0,205.0,C,K3,0,20.0,500.0
9174947001,2.5,24.0,10.0,0.966,0.0006,25.0,0.0167,24.15,750.0,724.5,120.0,66.0,207.0,B,EURO,0,30.0,750.0
9174947002,23.5,9.5,2.5,0.96,0.0006,25.0,0.0156,13.44,675.0,364.0,120.0,95.6,207.0,C,EURO,0,27.0,675.0
9175902550,24.0,2.0,8.0,0.57,0.0004,,,,1000.0,572.0,120.0,95.6,205.0,C,EURO,0,,1000.0
9175906001,23.5,10.5,2.5,0.63,0.0006,,,,1000.0,632.0,120.0,95.6,201.0,C,EURO,0,,1000.0
9175908000,23.5,10.5,2.0,0.6,0.0005,25.0,0.0182,15.0,500.0,325.0,120.0,110.0,205.0,C,K3,0,20.0,500.0
9175926656,23.5,11.0,2.0,0.7,0.0005,25.0,0.018,17.5,800.0,352.0,120.0,95.6,207.0,C,EURO,0,32.0,800.0
9175926657,24.0,10.5,2.0,0.7,0.0005,25.0,0.0132,17.5,600.0,422.0,120.0,95.6,207.0,B,EURO,0,24.0,600.0
9175929020,23.5,10.0,2.5,0.65,0.0006,25.0,0.02,16.25,900.0,585.0,120.0,80.0,211.0,C,EURO,0,36.0,900.0
9175990020,23.0,2.0,0.5,0.09,0.0,,,,5277.0,499.93,120.0,90.0,205.0,C,K3,0,,5277.0
9176901001,20.5,2.0,10.5,0.66,0.0004,25.0,0.0136,16.5,44.0,726.0,120.0,75.0,207.0,C,EURO,0,1.76,44.0
9176901061,2.0,23.5,10.0,0.65,0.0005,25.0,0.0143,16.25,2600.0,1705.0,120.0,180.0,205.0,C,K3,0,104.0,2600.0
9176902001,2.5,23.5,9.5,0.67,0.0006,25.0,0.0206,17.82,900.0,641.52,120.0,82.0,203.0,C,EURO,0,36.0,900.0
9176902022,23.5,10.0,2.5,0.67,0.0006,,,,600.0,404.0,120.0,85.6,203.0,C,EURO,0,,600.0
9176903001,23.5,10.0,2.5,0.88,0.0006,10.0,0.0156,22.0,8000.0,707.0,120.0,95.6,207.0,C,EURO,0,800.0,8000.0
9176903002,23.5,10.0,2.5,0.87,0.0006,10.0,0.0177,8.7,500.0,437.0,120.0,95.6,207.0,B,EURO,0,50.0,500.0
9176908651,23.5,10.5,2.5,0.87,0.0006,25.0,0.0137,19.8,600.0,477.0,120.0,65.6,207.0,C,EURO,0,24.0,600.0
9176908652,23.5,11.0,2.5,0.88,0.0006,,,,700.0,618.0,120.0,95.6,207.0,B,EURO,0,,700.0
9176922651,10.0,23.8,2.5,0.91,0.0006,25.0,0.0201,22.75,1600.0,1471.0,120.0,180.0,207.0,C,K3,0,64.0,1600.0
9176922652,24.0,10.0,2.5,0.91,0.0006,25.0,0.0195,22.75,500.0,457.0,120.0,95.6,205.0,C,EURO,0,20.0,500.0
9176923651,23.5,10.0,2.5,0.92,0.0006,,,,475.0,462.0,120.0,110.0,207.0,B,K3,0,,475.0
9176923652,23.5,10.0,2.5,0.93,0.0006,25.0,0.0196,23.0,500.0,467.0,120.0,95.6,207.0,B,K3,0,20.0,500.0
9176924651,24.0,10.0,2.5,0.91,0.0006,25.0,0.0195,22.75,500.0,480.0,120.0,80.0,207.0,B,EURO,0,20.0,500.0
9176924652,23.5,10.0,2.5,0.91,0.0006,25.0,0.0188,22.75,500.0,480.0,120.0,100.0,207.0,C,K3,0,20.0,500.0
9176925651,23.5,10.0,2.5,0.8,0.0006,25.0,0.0195,20.0,900.0,745.0,120.0,110.0,205.0,C,K3,0,36.0,900.0
9176925652,24.0,10.0,2.5,0.8,0.0006,,,,20.0,41.0,120.0,110.0,205.0,C,K3,0,,20.0
9176926651,24.0,10.0,2.5,0.76,0.0006,25.0,0.0198,19.0,500.0,382.0,120.0,65.6,207.0,C,EURO,0,20.0,500.0
9176926652,24.0,10.0,2.5,0.75,0.0006,,,,760.0,595.0,120.0,110.0,205.0,C,K3,0,,760.0
9176932651,23.5,10.0,2.5,0.894,0.0006,,,,9999.0,9999.0,9999.0,9999.0,207.0,C,K3,0,,9999.0
9176932652,23.5,10.0,2.5,0.89,0.0006,,,,20.0,575.0,120.0,110.0,205.0,C,K3,0,,20.0
9176935651,23.5,10.5,2.5,0.88,0.0006,25.0,0.0195,22.0,525.0,487.0,120.0,100.0,207.0,B,K3,0,21.0,525.0
9176935652,23.5,10.0,2.5,1.0,0.0006,,,,450.0,475.0,120.0,110.0,207.0,B,K3,0,,450.0
9176936651,23.5,10.0,2.5,0.98,0.0006,25.0,0.0195,24.5,500.0,492.0,120.0,95.6,207.0,B,EURO,0,20.0,500.0
9176936652,24.0,10.0,2.5,0.98,0.0006,25.0,0.02,24.5,600.0,661.5,120.0,80.0,207.0,B,EURO,0,24.0,600.0
9176946651,23.0,10.0,2.5,0.99,0.0006,25.0,0.019,3.96,800.0,21.8,120.0,95.6,207.0,B,EURO,0,32.0,800.0
9176946652,24.0,10.0,2.5,0.98,0.0006,25.0,0.0185,24.5,500.0,477.0,120.0,95.6,207.0,A,EURO,0,20.0,500.0
9176956651,24.0,10.0,2.5,0.98,0.0006,10.0,0.0195,24.5,350.0,516.0,120.0,95.6,207.0,B,EURO,0,35.0,350.0
9176957651,23.5,10.0,2.5,1.0,0.0006,25.0,0.0195,25.0,900.0,925.0,120.0,93.0,207.0,C,K3,0,36.0,900.0
9176957652,23.5,10.0,2.5,0.95,0.0006,25.0,0.0195,23.75,450.0,452.0,120.0,100.0,207.0,B,K3,0,18.0,450.0
9176977651,23.5,10.0,2.5,1.0,0.0006,25.0,0.0199,25.0,500.0,525.0,120.0,110.0,207.0,C,K3,0,20.0,500.0
9176977652,23.5,10.0,2.5,0.97,0.0006,25.0,0.0199,24.25,450.0,461.5,120.0,90.0,207.0,C,K3,0,18.0,450.0
9176988653,26.5,11.0,2.5,0.9,0.0007,,,,100.0,999.0,120.0,150.0,205.0,C,K3,0,,100.0
9176990171,19.5,4.5,0.1,0.06,0.0,,,,9999.0,9999.0,9999.0,9999.0,207.0,C,K3,0,,9999.0
9176990172,19.5,4.5,0.1,0.07,0.0,,,,12000.0,750.0,120.0,110.0,207.0,C,K3,0,,12000.0
9176990660,19.5,4.5,0.02,0.08,0.0,,,,9999.0,9999.0,9999.0,9999.0,205.0,C,K3,0,,9999.0
9176990900,1.5,0.7,0.7,0.01,0.0,,,,1000.0,35.0,120.0,110.0,201.0,C,K1,0,,1000.0
9180200080,21.5,6.0,1.5,0.5,0.0002,50.0,0.02,25.0,1000.0,502.0,120.0,95.6,207.0,C,EURO,0,20.0,1000.0
9180200200,7.0,22.0,2.0,0.5,0.0003,50.0,0.0198,25.0,2800.0,1415.0,120.0,150.0,207.0,C,K3,0,56.0,2800.0
9180202000,21.0,6.0,2.0,0.53,0.0003,50.0,0.018,24.5,900.0,443.0,120.0,85.6,207.0,C,EURO,0,18.0,900.0
9180206000,23.5,6.0,2.0,0.5,0.0003,50.0,0.0182,25.0,1000.0,477.0,120.0,65.6,207.0,C,K3,0,20.0,1000.0
9180300020,22.5,6.5,2.0,0.48,0.0003,50.0,0.0196,24.0,9999.0,9999.0,120.0,100.0,207.0,C,K3,0,199.98,9999.0
9180301000,22.0,6.0,1.5,0.5,0.0002,,,,1440.0,720.0,120.0,34.5,207.0,B,EURO,0,,1440.0
9180306000,19.5,6.0,1.5,0.5,0.0002,,,,100.0,999.0,120.0,150.0,207.0,C,K3,0,,100.0
9180400020,27.5,6.0,1.5,0.6,0.0002,50.0,0.0265,30.0,400.0,550.0,120.0,120.0,207.0,C,K3,0,8.0,400.0
9180600010,16.5,14.0,2.5,0.48,0.0006,40.0,0.0253,15.84,960.0,287.0,120.0,95.6,207.0,C,EURO,0,24.0,960.0
9180602000,15.5,13.5,1.0,0.48,0.0002,15.0,0.035,7.2,360.0,172.8,120.0,144.0,207.0,A,EURO,0,24.0,360.0
9180602100,16.0,13.5,2.0,0.48,0.0004,50.0,0.0286,24.0,900.0,432.0,120.0,84.0,205.0,C,EURO,0,18.0,900.0
9180608000,16.0,17.3,2.0,0.51,0.0006,,,,1000.0,512.0,120.0,95.6,207.0,C,EURO,0,,1000.0
9180608010,16.5,17.0,1.0,0.5,0.0003,50.0,0.0259,25.0,1000.0,500.0,120.0,80.0,207.0,C,EURO,0,20.0,1000.0
9180700020,19.5,6.0,2.0,0.51,0.0002,50.0,0.0219,25.5,1350.0,688.5,120.0,67.5,207.0,A,EURO,0,27.0,1350.0
9180703000,20.0,6.0,1.5,0.5,0.0002,5.0,0.0203,3.0,1000.0,999.0,120.0,150.0,207.0,C,K3,0,200.0,1000.0
9180709000,19.5,6.0,3.0,0.45,0.0004,50.0,0.0199,22.5,900.0,407.0,12.0,65.6,207.0,C,EURO,0,18.0,900.0
9180800020,20.0,6.0,3.0,0.5,0.0004,,,,940.0,495.0,120.0,90.0,207.0,B,K3,0,,940.0
9180900020,24.0,6.0,2.0,0.6,0.0003,20.0,0.0162,12.0,640.0,386.0,120.0,95.6,207.0,B,EURO,0,32.0,640.0
9180904000,30.0,6.5,2.0,0.6,0.0004,50.0,0.0281,30.0,600.0,362.0,120.0,65.6,205.0,C,EURO,0,12.0,600.0
9183642000,21.5,14.0,1.0,0.52,0.0003,20.0,0.027,3.64,360.0,362.0,120.0,95.6,203.0,B,EURO,0,18.0,360.0
9184200100,23.5,10.5,2.0,0.59,0.0005,10.0,0.019,14.75,270.0,402.0,120.0,95.6,207.0,B,EURO,0,27.0,270.0
9184257000,8.0,3.5,21.0,0.6,0.0006,45.0,0.0306,27.0,1620.0,1061.0,120.0,135.6,207.0,C,EURO,0,36.0,1620.0
9184502000,16.0,17.0,2.0,0.533,0.0005,,,,1120.0,596.96,120.0,80.0,207.0,C,EURO,0,,1120.0
9184600000,16.0,14.0,3.0,0.6,0.0007,50.0,0.0356,30.0,1000.0,625.0,120.0,110.0,207.0,C,K3,0,20.0,1000.0
9184602010,18.5,13.5,3.0,0.56,0.0007,35.0,0.0277,20.65,1365.0,493.0,120.0,150.0,203.0,B,EURO,0,39.0,1365.0
9184604010,19.0,6.5,3.0,0.7,0.0004,35.0,0.0343,17.7,840.0,422.0,120.0,95.6,205.0,C,EURO,0,24.0,840.0
9184605005,16.0,14.0,3.0,0.56,0.0007,25.0,0.0171,14.0,500.0,282.0,120.0,95.6,207.0,C,EURO,0,20.0,500.0
9184606000,16.0,14.0,2.0,0.58,0.0004,35.0,0.0216,20.3,1120.0,649.6,120.0,80.0,207.0,C,EURO,0,32.0,1120.0
9184642005,16.0,14.0,2.0,0.46,0.0004,,,,1400.0,644.0,120.0,80.0,203.0,C,EURO,0,,1400.0
9185160010,18.0,18.0,2.5,0.48,0.0008,40.0,0.036,19.0,1000.0,477.0,120.0,135.6,207.0,B,EURO,0,25.0,1000.0
9186000000,17.5,7.5,2.5,0.41,0.0003,50.0,0.0361,20.5,600.0,246.0,120.0,72.0,207.0,B,EURO,0,12.0,600.0
9186100000,17.5,7.5,2.5,0.4,0.0003,28.0,0.0256,14.0,100.0,999.0,120.0,150.0,207.0,C,K3,0,3.5714,100.0
9189923000,16.5,14.0,2.5,0.52,0.0006,,,,900.0,493.0,120.0,100.0,207.0,C,K3,0,,900.0
9190521406,35.0,1.5,6.0,0.79,0.0003,25.0,0.0195,19.0,600.0,500.0,120.0,100.0,207.0,C,K3,0,24.0,600.0
9190521407,35.0,6.0,2.5,0.74,0.0005,25.0,0.0165,18.5,250.0,185.0,120.0,41.6,207.0,C,EURO,0,10.0,250.0
9192117005,23.5,8.5,2.5,0.9,0.0005,25.0,0.0159,22.5,9999.0,9999.0,120.0,150.0,205.0,C,K3,0,399.96,9999.0
9192121005,23.0,8.5,2.5,0.9,0.0005,25.0,0.0171,22.5,1000.0,902.0,120.0,95.6,207.0,B,EURO,0,40.0,1000.0
9192122000,23.0,8.5,2.0,0.89,0.0004,25.0,0.0157,22.25,500.0,470.0,120.0,110.0,205.0,C,K3,0,20.0,500.0
9192521402,35.0,6.0,3.0,0.95,0.0006,,,,700.0,655.0,120.0,95.6,205.0,C,EURO,0,,700.0
9192921656,29.0,2.5,10.0,0.96,0.0007,1.0,0.0072,0.96,200.0,217.0,120.0,110.0,207.0,C,K3,0,200.0,200.0
9192921657,29.0,9.0,1.0,0.956,0.0003,,,,9999.0,9999.0,9999.0,9999.0,207.0,C,K3,0,,9999.0
9193290010,127.0,4.0,4.0,0.65,0.002,,,,140.0,56.0,120.0,85.6,207.0,C,XLONGPALLET,0,,140.0
9193500000,5.0,3.5,3.5,0.039,0.0001,,,,11000.0,454.0,120.0,100.0,207.0,C,K3,0,,11000.0
9193600000,3.0,1.5,0.5,0.01,0.0,,,,80560.0,830.0,120.0,110.0,205.0,C,K3,0,,80560.0
9193900000,2.5,2.5,3.0,0.01,0.0,,,,4000.0,15.0,120.0,150.0,207.0,C,K3,0,,4000.0
9199500000,25.0,5.0,2.5,0.35,0.0003,,,,9999.0,999.0,120.0,100.0,207.0,B,K3,0,,9999.0
9200112000,5.0,4.5,3.5,0.07,0.0001,250.0,0.0324,21.2,4500.0,317.0,120.0,95.6,207.0,A,K3,0,18.0,4500.0
9200112001,5.0,4.0,4.0,0.08,0.0001,250.0,0.0502,20.0,3000.0,242.0,120.0,80.6,201.0,A,K3,0,12.0,3000.0
9200117000,5.5,5.0,4.0,0.05,0.0001,250.0,0.0324,13.0,6000.0,315.0,120.0,100.0,207.0,B,K3,0,24.0,6000.0
9200190000,6.4,2.0,0.7,0.02,0.0,,,,1000.0,225.0,120.0,110.0,207.0,B,K3,0,,1000.0
9200190100,1.0,1.0,1.0,0.1,0.0,,,,288.0,53.0,120.0,110.0,205.0,C,K3,0,,288.0
9204017000,17.0,6.5,5.0,0.2,0.0006,50.0,0.0317,10.0,900.0,180.0,120.0,78.0,203.0,B,EURO,0,18.0,900.0
9204017030,29.0,13.0,6.0,0.27,0.0023,5.0,0.0142,1.6,120.0,42.0,120.0,65.6,207.0,C,EURO,0,24.0,120.0
9204090010,6.0,2.5,0.5,0.01,0.0,,,,999999.0,9999.0,120.0,120.0,203.0,C,K3,0,,999999.0
9204117000,17.5,2.0,1.5,0.19,0.0001,10.0,0.0049,1.9,1140.0,326.9,120.0,73.6,210.0,B,EURO,0,114.0,1140.0
9204317000,26.0,8.0,2.0,0.46,0.0004,10.0,0.0046,4.6,1400.0,644.0,120.0,84.0,210.0,C,EURO,0,140.0,1400.0
9205012160,16.0,3.5,2.0,0.09,0.0001,150.0,0.0076,13.5,3000.0,295.0,120.0,110.0,207.0,B,K3,0,20.0,3000.0
9205012180,18.0,2.0,3.5,0.1,0.0001,25.0,0.0006,2.6,6480.0,673.0,120.0,110.0,102.0,A,K3,0,259.2,6480.0
9205012181,18.0,2.5,3.5,0.13,0.0002,50.0,0.0195,6.5,1800.0,260.0,120.0,100.0,201.0,B,K3,0,36.0,1800.0
9211012180,22.0,6.0,1.5,0.27,0.0002,,,,6080.0,815.0,120.0,110.0,207.0,B,K3,0,,6080.0
9256601000,16.0,8.5,6.2,0.44,0.0008,,,,9999.0,9999.0,9999.0,9999.0,207.0,C,K3,0,,9999.0
9256601030,14.0,13.5,4.5,0.41,0.0009,5.0,0.0034,2.05,9999.0,9999.0,9999.0,9999.0,207.0,C,K3,0,1999.8,9999.0
9256601033,16.0,9.0,9.0,0.91,0.0013,20.0,0.0326,18.2,500.0,480.0,120.0,110.0,207.0,C,K3,0,25.0,500.0
9256604000,17.0,8.0,2.0,0.43,0.0003,20.0,0.0077,4.3,1200.0,283.0,120.0,80.0,207.0,C,K3,0,60.0,1200.0
9256604030,13.0,13.5,4.0,0.41,0.0007,5.0,0.0033,2.05,9999.0,9999.0,120.0,150.0,207.0,C,K3,0,1999.8,9999.0
9256604033,29.0,13.0,4.0,0.84,0.0015,5.0,0.014,10.0,200.0,402.0,120.0,85.6,207.0,C,EURO,0,40.0,200.0
9256611000,16.0,8.5,6.5,0.55,0.0009,20.0,0.0218,11.0,420.0,256.0,120.0,110.0,205.0,C,K3,0,21.0,420.0
9256641030,12.0,3.0,0.05,0.05,0.0,,,,9999.0,9999.0,120.0,150.0,207.0,C,K3,0,,9999.0
9260004250,9.0,9.0,3.0,0.09,0.0002,60.0,0.0329,5.4,1440.0,155.0,120.0,110.0,203.0,A,K3,0,24.0,1440.0
9260004280,14.0,13.5,3.0,0.12,0.0006,5.0,0.0038,0.6,1000.0,122.0,120.0,95.6,203.0,B,EURO,0,200.0,1000.0
9260004350,15.0,9.5,1.5,0.09,0.0002,60.0,0.0234,6.0,4200.0,493.0,120.0,110.0,203.0,A,K3,0,70.0,4200.0
9260004380,14.5,13.5,3.0,0.13,0.0006,5.0,0.0036,0.65,780.0,103.0,120.0,95.6,203.0,B,EURO,0,156.0,780.0
9260004500,8.0,9.0,5.0,0.11,0.0004,60.0,0.034,7.88,720.0,94.56,120.0,72.0,203.0,A,EURO,0,12.0,720.0
9260004530,14.5,13.5,3.0,0.15,0.0006,5.0,0.0037,0.82,1200.0,196.8,120.0,91.6,203.0,B,EURO,0,240.0,1200.0
9260006500,7.0,5.0,2.0,0.21,0.0001,60.0,0.0337,13.3,960.0,237.8,120.0,110.0,203.0,B,K3,0,16.0,960.0
9260006530,14.0,14.0,3.0,0.25,0.0006,5.0,0.0036,1.25,1000.0,275.0,120.0,100.0,203.0,B,K3,0,200.0,1000.0
9260090040,5.5,2.0,0.02,0.1,0.0,,,,9999999.0,9999.0,120.0,120.0,205.0,C,K3,0,,9999999.0
9260090050,6.5,7.5,2.5,0.03,0.0001,250.0,0.0343,7.5,3000.0,115.0,120.0,110.0,203.0,A,K3,0,12.0,3000.0
9260090055,8.0,7.5,2.5,0.03,0.0001,,,,9999.0,9999.0,9999.0,9999.0,203.0,B,K3,0,,9999.0
9260090060,6.5,6.3,2.5,0.09,0.0001,,,,9999.0,9999.0,9999.0,9999.0,207.0,C,K1,0,,9999.0
9260204530,5.0,5.0,4.0,0.26,0.0001,5.0,0.0072,1.49,450.0,101.0,120.0,85.6,203.0,B,EURO,0,90.0,450.0
9260299250,10.0,6.0,4.0,0.2,0.0002,,,,2200.0,465.0,120.0,110.0,203.0,C,K3,0,,2200.0
9260304180,9.0,7.0,2.5,0.07,0.0002,,,,400.0,492.0,120.0,95.6,203.0,C,EURO,0,,400.0
9260304250,4.5,2.2,5.5,0.08,0.0001,60.0,0.034,6.22,960.0,68.0,120.0,85.6,203.0,B,EURO,0,16.0,960.0
9260304280,13.5,13.5,3.0,0.15,0.0005,5.0,0.0038,0.7,875.0,122.5,120.0,80.0,203.0,B,EURO,0,175.0,875.0
9260390000,11.0,3.0,0.99,0.037,0.0,,,,2600.0,122.0,120.0,110.0,203.0,A,EURO,0,,2600.0
9260390040,2.5,2.0,2.5,0.02,0.0,,,,9999.0,9999.0,9999.0,9999.0,203.0,C,K2,0,,9999.0
9261004500,7.0,3.0,2.0,0.09,0.0,60.0,0.0324,6.0,1200.0,145.0,120.0,105.0,203.0,A,EURO,0,20.0,1200.0
9261004530,14.0,13.5,2.5,0.12,0.0005,5.0,0.004,0.74,1200.0,118.0,120.0,95.6,203.0,B,EURO,0,240.0,1200.0
9261090000,2.5,2.0,2.5,0.01,0.0,,,,50000.0,75.0,120.0,80.0,203.0,C,K3,0,,50000.0
9266104000,2.0,1.2,1.5,0.11,0.0,24.0,0.0324,4.56,576.0,26.0,120.0,85.6,203.0,C,EURO,0,24.0,576.0
9267004000,7.0,5.0,8.0,0.1,0.0003,,,,1000.0,125.0,120.0,110.0,205.0,C,K3,0,,1000.0
9270504500,30.0,8.5,2.0,0.1,0.0005,50.0,0.0343,9.335,1200.0,22.0,120.0,95.6,203.0,A,EURO,0,24.0,1200.0
9270504530,29.0,13.0,3.0,0.2,0.0011,5.0,0.007,1.0,800.0,152.0,120.0,125.6,203.0,B,EURO,0,160.0,800.0
9270504600,30.0,6.5,2.5,0.4,0.0005,60.0,0.0331,24.0,1200.0,505.0,120.0,110.0,203.0,C,K3,0,20.0,1200.0
9271004500,15.0,10.0,4.0,0.12,0.0006,60.0,0.034,8.447,720.0,101.364,120.0,72.0,203.0,B,EURO,0,12.0,720.0
9276304000,6.0,3.0,0.5,0.006,0.0,,,,10000.0,85.0,120.0,110.0,207.0,B,K3,0,,10000.0
9279004000,6.5,3.0,0.5,0.006,0.0,,,,18720.0,135.0,120.0,20.0,207.0,C,K3,0,,18720.0
9280700000,11.0,7.0,6.0,0.35,0.0005,,,,1870.0,654.5,120.0,102.0,201.0,C,K3,0,,1870.0
9280700110,6.0,7.0,10.0,0.51,0.0004,,,,9999.0,9999.0,9999.0,9999.0,201.0,C,K3,0,,9999.0
9280900000,10.0,7.0,6.0,0.37,0.0004,24.0,0.0163,8.88,480.0,202.6,120.0,110.0,201.0,B,K3,0,20.0,480.0
9280900110,10.5,7.0,6.0,0.52,0.0004,24.0,0.0163,12.48,480.0,251.6,120.0,95.6,201.0,A,K3,0,20.0,480.0
9280900140,29.0,13.0,7.0,0.6,0.0026,5.0,0.0135,3.1,120.0,77.0,120.0,65.6,207.0,B,EURO,0,24.0,120.0
9282600000,35.0,26.0,15.0,0.9,0.0136,25.0,0.0223,12.38,1050.0,511.0,120.0,85.6,207.0,C,EURO,0,42.0,1050.0
9282600001,6.0,6.0,2.0,0.15,0.0001,,,,9999.0,9999.0,9999.0,9999.0,207.0,C,K1,0,,9999.0
9282600005,5.0,2.0,1.0,0.05,0.0,500.0,0.0207,25.0,8000.0,425.0,120.0,80.0,207.0,C,K3,0,16.0,8000.0
9282600030,13.0,13.0,2.5,0.11,0.0004,10.0,0.0034,0.55,1200.0,227.0,120.0,65.6,207.0,C,EURO,0,120.0,1200.0
9282600031,13.0,13.0,2.0,0.14,0.0003,5.0,0.0034,1.0,1000.0,200.0,120.0,75.0,207.0,C,EURO,0,200.0,1000.0
9282600034,14.0,13.0,3.0,0.56,0.0005,5.0,0.0034,2.8,800.0,450.0,120.0,65.6,207.0,C,EURO,0,160.0,800.0
9282809030,14.0,13.0,4.5,0.2,0.0008,5.0,0.0037,1.0,1200.0,240.0,120.0,93.0,207.0,B,EURO,0,240.0,1200.0
9282909010,11.0,7.0,1.0,0.15,0.0001,100.0,0.033,15.0,4000.0,375.0,120.0,100.0,201.0,B,K3,0,40.0,4000.0
9283006010,20.0,10.0,5.0,0.9,0.001,,,,500.0,475.0,120.0,110.0,201.0,C,K3,0,,500.0
9283009010,12.5,6.0,3.0,0.16,0.0002,5.0,0.0009,93.0,2500.0,490.0,120.0,90.0,201.0,B,K3,0,500.0,2500.0
9283090090,0.5,2.5,6.5,0.14,0.0,25.0,0.0038,3.5,4375.0,612.5,120.0,77.5,201.0,C,EURO,0,175.0,4375.0
9283117000,116.0,10.0,4.0,0.59,0.0046,30.0,0.0258,17.7,720.0,426.8,120.0,95.6,203.0,B,EURO,0,24.0,720.0
9283117030,29.0,13.0,2.0,0.6,0.0008,,,,750.0,452.0,120.0,95.6,207.0,C,EURO,0,,750.0
9291402000,18.0,7.5,8.0,0.6,0.0011,30.0,0.0393,18.0,600.0,385.0,120.0,110.0,207.0,C,K3,0,20.0,600.0
9291402020,8.0,18.0,7.5,0.64,0.0011,30.0,0.04,20.0,1080.0,706.0,120.0,150.0,205.0,C,K3,0,36.0,1080.0
9291602000,18.0,8.0,7.0,0.1,0.001,30.0,0.037,8.0,900.0,232.0,120.0,131.6,207.0,A,EURO,0,30.0,900.0
9291603000,8.0,18.0,7.5,0.62,0.0011,30.0,0.0385,19.0,540.0,326.0,120.0,65.6,207.0,C,EURO,0,18.0,540.0
9291605000,8.5,18.0,7.5,0.56,0.0011,30.0,0.037,17.0,1260.0,958.0,120.0,165.6,205.0,C,EURO,0,42.0,1260.0
9291690000,12.0,10.0,1.0,0.01,0.0001,,,,9999.0,9999.0,9999.0,9999.0,205.0,C,K1,0,,9999.0
9291902000,19.0,15.0,7.0,0.55,0.002,12.0,0.0361,6.6,288.0,158.4,120.0,100.0,207.0,B,EURO,0,24.0,288.0
9291903000,19.0,15.0,7.0,0.56,0.002,12.0,0.0374,6.72,216.0,122.0,120.0,95.6,205.0,C,EURO,0,18.0,216.0
9292402000,18.0,8.0,7.5,0.58,0.0011,30.0,0.0368,17.4,600.0,350.0,120.0,95.6,207.0,B,EURO,0,20.0,600.0
9293002720,17.0,7.0,4.0,0.22,0.0005,60.0,0.039,13.2,9999.0,9999.0,9999.0,9999.0,207.0,C,K3,0,166.65,9999.0
9293102720,18.0,8.0,7.3,0.3,0.0011,30.0,0.0378,9.3,9999.0,9999.0,9999.0,9999.0,207.0,C,K3,0,333.3,9999.0
9293202000,18.0,8.0,7.5,0.27,0.0011,,,,9999.0,9999.0,120.0,150.0,205.0,C,K3,0,,9999.0
9293302720,7.4,17.9,8.0,0.15,0.0011,30.0,0.0381,5.0,1260.0,204.0,120.0,180.0,205.0,C,K3,0,42.0,1260.0
9293402000,18.0,8.0,7.5,0.15,0.0011,,,,720.0,133.0,120.0,105.0,205.0,C,K3,0,,720.0
9300011750,7.5,3.5,3.0,0.94,0.0001,,,,750.0,730.0,120.0,110.0,207.0,C,K3,0,,750.0
9304104106,15.0,9.0,3.0,0.25,0.0004,,,,9999.0,9999.0,9999.0,9999.0,207.0,C,K3,0,,9999.0
9304104606,10.0,8.5,2.0,0.1,0.0002,60.0,0.0195,6.0,2160.0,217.0,120.0,95.6,201.0,B,EURO,0,36.0,2160.0
9304104608,10.0,9.0,2.0,0.085,0.0002,,,,5000.0,450.0,120.0,110.0,207.0,C,K3,0,,5000.0
9304104826,12.0,8.5,1.5,0.11,0.0002,50.0,0.0073,5.54,2250.0,274.0,120.0,80.0,207.0,B,K3,0,45.0,2250.0
9305104005,16.0,6.0,2.0,0.14,0.0002,10.0,0.0195,7.0,360.0,254.0,120.0,95.6,201.0,B,EURO,0,36.0,360.0
9306000000,10.5,9.0,2.5,0.12,0.0002,40.0,0.0122,4.8,3360.0,403.2,120.0,122.5,205.0,C,EURO,0,84.0,3360.0
9307100000,9.0,2.5,4.0,0.18,0.0001,,,,9999.0,9999.0,9999.0,9999.0,207.0,C,K1,0,,9999.0
9307222500,9.0,4.0,3.5,0.03,0.0001,200.0,0.0163,0.09,1000.0,100.0,120.0,110.0,201.0,C,K3,0,5.0,1000.0
9307222506,10.0,6.0,4.0,0.03,0.0002,150.0,0.0324,5.0,3600.0,127.0,120.0,95.6,201.0,A,EURO,0,24.0,3600.0
9315000000,26.0,14.0,7.0,0.4,0.0025,,,,100.0,65.0,120.0,110.0,205.0,C,K3,0,,100.0
9317002070,18.5,4.5,2.0,0.2,0.0002,15.0,0.004,3.0,3600.0,500.0,120.0,80.0,205.0,C,K3,0,240.0,3600.0
9317008050,18.5,4.5,2.5,0.12,0.0002,,,,6000.0,750.0,120.0,110.0,205.0,C,K3,0,,6000.0
9320090010,7.5,3.0,2.6,0.04,0.0001,,,,10000.0,425.0,120.0,110.0,210.0,C,K3,0,,10000.0
9325102000,18.0,14.0,7.0,0.46,0.0018,36.0,0.103,17.0,3888.0,52.0,120.0,95.6,207.0,B,EURO,0,108.0,3888.0
9325106721,18.0,13.0,8.0,0.35,0.0019,,,,1000.0,375.0,120.0,110.0,207.0,C,K3,0,,1000.0
9325106722,21.0,16.0,8.0,0.55,0.0027,48.0,0.0968,15.0,384.0,122.0,120.0,95.6,207.0,C,EURO,0,8.0,384.0
9325107000,21.0,16.0,8.0,0.55,0.0027,4.0,0.0036,2.2,600.0,327.0,120.0,65.6,207.0,C,EURO,0,150.0,600.0
9325107720,17.8,4.6,4.9,0.18,0.0004,,,,9999.0,9999.0,9999.0,9999.0,207.0,C,K3,0,,9999.0
9325112000,18.0,4.0,1.0,0.077,0.0001,,,,9999.0,9999.0,9999.0,9999.0,207.0,C,K3,0,,9999.0
9325116550,21.0,16.0,8.0,0.55,0.0027,2.0,0.0036,1.1,1000.0,525.0,120.0,110.0,207.0,B,K3,0,500.0,1000.0
9325116720,22.0,16.0,9.5,0.437,0.0033,112.0,0.1137,49.0,224.0,98.0,120.0,84.0,207.0,B,K3,0,2.0,224.0
9325119550,22.0,15.5,9.0,0.53,0.0031,,,,275.0,160.0,120.0,100.0,207.0,C,K3,0,,275.0
9325122631,23.0,16.0,9.0,0.7,0.0033,2.0,0.0007,9.0,1024.0,731.0,120.0,150.0,207.0,C,K3,0,512.0,1024.0
9325122632,21.0,16.0,8.0,0.55,0.0027,2.0,0.0036,1.1,300.0,167.0,120.0,65.6,207.0,B,EURO,0,150.0,300.0
9325122721,23.0,16.0,9.0,0.6,0.0033,2.0,0.0037,1.2,600.0,493.0,120.0,140.0,207.0,C,K3,0,300.0,600.0
9325122722,24.0,15.0,6.0,0.5,0.0022,,,,325.0,162.5,120.0,78.0,207.0,C,EURO,0,,325.0
9325202000,22.0,16.0,9.0,0.49,0.0032,60.0,0.0349,30.0,2160.0,1050.0,120.0,135.6,207.0,B,EURO,0,36.0,2160.0
9325206551,18.0,14.0,7.0,0.42,0.0018,,,,1000.0,445.0,120.0,110.0,205.0,C,K3,0,,1000.0
9325206552,22.0,16.0,9.0,0.96,0.0032,,,,250.0,242.0,120.0,95.6,205.0,C,EURO,0,,250.0
9325206721,6.0,14.0,18.5,0.43,0.0016,,,,400.0,172.0,120.0,74.0,207.0,B,EURO,0,,400.0
9325206722,18.0,8.5,14.0,0.43,0.0021,,,,270.0,116.1,120.0,70.0,207.0,B,EURO,0,,270.0
9325207721,9.0,14.0,18.0,0.43,0.0023,,,,280.0,145.4,120.0,100.0,205.0,C,K3,0,,280.0
9325207722,22.0,15.5,9.0,0.96,0.0031,,,,9999.0,9999.0,9999.0,9999.0,205.0,C,K5,0,,9999.0
9325208550,8.0,4.0,5.0,0.26,0.0002,,,,9999.0,9999.0,9999.0,9999.0,205.0,C,K3,0,,9999.0
9325208720,9.5,16.0,22.0,0.63,0.0033,,,,9999.0,9999.0,9999.0,9999.0,205.0,C,K3,0,,9999.0
9325216550,22.0,15.5,9.5,1.1,0.0032,18.0,0.0502,20.0,990.0,999.0,120.0,150.0,207.0,C,K3,0,55.0,990.0
9325216720,21.0,16.0,8.0,0.55,0.0027,48.0,0.096,26.0,192.0,210.0,120.0,85.6,207.0,B,EURO,0,4.0,192.0
9325217721,22.0,9.0,9.0,1.11,0.0018,,,,400.0,469.0,120.0,110.0,207.0,C,K3,0,,400.0
9325222631,22.0,15.5,4.5,0.61,0.0015,,,,120.0,518.0,120.0,150.0,207.0,C,K3,0,,120.0
9325222632,7.0,14.0,18.0,0.56,0.0018,,,,340.0,190.4,120.0,72.0,207.0,C,EURO,0,,340.0
9325222721,22.0,16.0,4.5,0.605,0.0016,2.0,0.0032,1.21,330.0,214.0,120.0,100.0,207.0,B,K3,0,165.0,330.0
9325222722,22.0,16.0,5.0,1.27,0.0018,2.0,0.0035,2.94,500.0,625.0,120.0,100.0,207.0,B,K3,0,250.0,500.0
9325302000,15.0,20.0,8.0,0.6,0.0024,48.0,0.1008,30.0,384.0,242.0,120.0,95.6,207.0,A,EURO,0,8.0,384.0
9325306551,22.2,15.5,9.5,1.06,0.0033,,,,225.0,238.5,120.0,85.5,207.0,C,EURO,0,,225.0
9325306552,8.0,15.0,20.0,0.48,0.0024,,,,1000.0,505.0,120.0,110.0,207.0,C,K3,0,,1000.0
9325306721,20.0,17.0,6.5,0.48,0.0022,2.0,0.0032,1.0,420.0,193.0,120.0,85.6,207.0,B,EURO,0,210.0,420.0
9325306722,20.0,4.0,1.0,0.46,0.0001,,,,1000.0,485.0,120.0,90.0,207.0,B,K3,0,,1000.0
9325307000,19.5,4.5,5.0,0.2,0.0004,,,,10200.0,1963.0,120.0,110.0,207.0,C,K3,0,,10200.0
9325307720,22.5,16.0,9.0,0.87,0.0032,,,,275.0,241.25,120.0,95.6,207.0,C,EURO,0,,275.0
9325307721,20.0,13.0,9.0,0.48,0.0023,,,,300.0,175.0,120.0,110.0,205.0,C,K3,0,,300.0
9325307722,20.0,13.0,7.5,0.6,0.002,2.0,0.0032,1.2,9999.0,9999.0,9999.0,9999.0,207.0,C,K3,0,4999.5,9999.0
9325308550,20.0,8.0,5.0,0.32,0.0008,,,,2000.0,665.0,120.0,110.0,205.0,C,K3,0,,2000.0
9325308720,5.0,20.0,9.0,0.32,0.0009,,,,1000.0,345.0,120.0,110.0,205.0,C,K3,0,,1000.0
9325312000,19.5,4.5,1.0,0.089,0.0001,,,,9999.0,9999.0,9999.0,9999.0,207.0,C,K3,0,,9999.0
9325316550,19.0,14.0,6.5,0.54,0.0017,48.0,0.1068,26.0,288.0,181.0,120.0,110.0,207.0,C,K3,0,6.0,288.0
9325316720,22.0,16.0,9.0,1.2,0.0032,20.0,0.0488,25.0,380.0,500.0,120.0,150.0,207.0,A,K3,0,19.0,380.0
9325317721,22.0,15.5,9.0,0.55,0.0031,,,,250.0,144.0,120.0,95.6,205.0,C,EURO,0,,250.0
9325317722,22.0,16.0,9.0,1.2,0.0032,,,,250.0,325.0,120.0,110.0,205.0,C,K3,0,,250.0
9325319550,6.0,15.0,20.0,0.55,0.0018,,,,1000.0,575.0,120.0,110.0,205.0,C,K3,0,,1000.0
9325322631,20.0,14.5,6.5,0.62,0.0019,2.0,0.0034,1.34,500.0,302.0,120.0,85.6,207.0,C,EURO,0,250.0,500.0
9325322632,22.0,16.0,5.0,6.65,0.0018,2.0,0.1156,13.7,128.0,450.0,120.0,110.0,207.0,C,K3,0,64.0,128.0
9325322721,21.0,16.0,8.0,0.55,0.0027,2.0,0.0036,1.1,416.0,253.8,120.0,110.0,207.0,B,K3,0,208.0,416.0
9325322722,21.0,16.0,8.0,0.55,0.0027,48.0,0.1076,31.0,192.0,149.0,120.0,110.0,207.0,C,K3,0,4.0,192.0
9325322781,18.5,16.0,6.0,0.62,0.0018,12.0,0.1059,7.44,999999.0,9999.0,120.0,120.0,205.0,C,K3,0,83333.25,999999.0
9325322782,20.0,15.0,6.0,0.6,0.0018,,,,1200.0,722.0,120.0,95.6,205.0,C,K3,0,,1200.0
9340520500,25.5,14.0,7.0,0.96,0.0025,15.0,0.0442,15.0,450.0,452.0,120.0,85.6,207.0,B,EURO,0,30.0,450.0
9340520590,29.0,21.0,7.0,1.0,0.0043,5.0,0.0378,6.0,90.0,108.0,120.0,78.0,207.0,C,EURO,0,18.0,90.0
9340520700,25.0,14.0,7.0,0.98,0.0024,15.0,0.0119,14.7,450.0,475.0,120.0,80.0,207.0,C,K3,0,30.0,450.0
9340520790,29.0,21.0,7.0,1.0,0.0043,4.0,0.0238,5.0,108.0,135.0,120.0,75.0,207.0,C,EURO,0,27.0,108.0
9340521500,25.6,13.6,7.4,1.0,0.0026,15.0,0.0431,5.0,10005.0,9999.0,9999.0,9999.0,207.0,C,K3,0,667.0,10005.0
9340521590,27.0,14.0,3.0,1.0,0.0011,50.0,0.027,6.0,1350.0,164.0,120.0,95.6,207.0,C,EURO,0,27.0,1350.0
9340521700,26.0,13.5,7.5,0.33,0.0026,15.0,0.0439,5.0,9999.0,999.0,120.0,100.0,207.0,C,K3,0,666.6,9999.0
9340521790,16.0,14.0,3.0,1.0,0.0007,5.0,0.0281,6.0,135.0,162.0,120.0,75.0,207.0,C,EURO,0,27.0,135.0
9340720500,26.0,14.0,8.0,0.93,0.0029,15.0,0.0431,13.95,120.0,111.6,120.0,76.0,207.0,C,EURO,0,8.0,120.0
9340720590,29.5,21.0,2.5,0.96,0.0015,5.0,0.0135,4.8,300.0,288.0,120.0,91.0,207.0,B,EURO,0,60.0,300.0
9340720700,25.5,13.5,7.0,0.94,0.0024,15.0,0.0431,17.0,270.0,308.0,120.0,95.6,207.0,C,EURO,0,18.0,270.0
9340720790,29.5,21.0,4.0,0.96,0.0025,5.0,0.0116,5.05,400.0,218.0,120.0,122.6,207.0,C,EURO,0,80.0,400.0
9340721500,26.0,14.0,7.5,0.9,0.0027,29.0,0.0442,27.0,580.0,541.0,120.0,150.0,207.0,C,K3,0,20.0,580.0
9340721590,25.0,20.0,3.0,1.0,0.0015,5.0,0.012,5.0,300.0,302.0,120.0,95.6,207.0,C,EURO,0,60.0,300.0
9340721700,25.6,13.6,7.4,0.9,0.0026,15.0,0.0431,13.5,120.0,110.0,120.0,95.6,207.0,C,EURO,0,8.0,120.0
9340721790,29.0,120.7,3.0,0.96,0.0105,5.0,0.018,6.0,372.0,359.0,120.0,95.6,207.0,C,EURO,0,74.4,372.0
9341520003,25.5,13.5,7.5,1.15,0.0026,,,,240.0,301.0,120.0,110.0,205.0,C,K3,0,,240.0
9341520500,26.5,14.0,7.5,1.13,0.0028,15.0,0.0454,16.95,120.0,137.0,120.0,95.6,207.0,B,EURO,0,8.0,120.0
9341520590,35.5,21.0,8.0,1.18,0.006,5.0,0.027,5.9,225.0,267.5,120.0,95.6,207.0,C,EURO,0,45.0,225.0
9341520700,25.5,13.5,7.5,1.1,0.0026,15.0,0.0431,17.0,180.0,206.0,120.0,95.6,207.0,A,EURO,0,12.0,180.0
9341520701,26.0,7.5,7.0,1.0,0.0014,,,,470.0,495.0,120.0,110.0,207.0,C,K3,0,,470.0
9341520790,35.5,21.0,8.0,1.18,0.006,5.0,0.029,5.9,180.0,214.4,120.0,105.6,207.0,C,EURO,0,36.0,180.0
9341521500,26.0,14.0,7.5,1.13,0.0027,15.0,0.0442,18.0,240.0,290.0,120.0,135.6,207.0,C,EURO,0,16.0,240.0
9341521590,35.0,22.0,9.0,1.0,0.0069,5.0,0.0282,5.0,135.0,135.0,120.0,82.5,207.0,C,EURO,0,27.0,135.0
9341521700,26.5,13.0,7.0,1.14,0.0024,15.0,0.0436,17.0,180.0,207.0,120.0,95.6,207.0,C,EURO,0,12.0,180.0
9341521790,35.0,21.0,7.5,1.2,0.0055,5.0,0.0266,6.0,100.0,122.0,120.0,95.6,207.0,C,EURO,0,20.0,100.0
9341590010,11.0,4.0,1.0,0.09,0.0,50.0,0.0027,4.77,6000.0,565.0,120.0,110.0,207.0,B,K3,0,120.0,6000.0
9341710700,26.0,13.5,7.2,0.96,0.0025,,,,200.0,192.0,120.0,72.0,205.0,C,K3,0,,200.0
9341720003,25.5,13.5,7.0,1.08,0.0024,,,,670.0,727.0,120.0,95.6,205.0,C,EURO,0,,670.0
9341720500,14.0,26.0,7.0,1.07,0.0025,15.0,0.0437,17.0,180.0,184.0,120.0,85.6,207.0,B,EURO,0,12.0,180.0
9341720590,35.0,21.0,3.0,1.13,0.0022,5.0,0.02,6.0,225.0,272.0,120.0,100.6,207.0,C,EURO,0,45.0,225.0
9341720701,26.0,14.0,7.5,1.07,0.0027,,,,500.0,560.0,120.0,110.0,205.0,C,K3,0,,500.0
9341720790,35.5,21.0,3.0,1.13,0.0022,5.0,0.0192,5.9,180.0,207.28,120.0,90.6,207.0,B,EURO,0,36.0,180.0
9341721500,26.0,14.0,7.5,1.09,0.0027,15.0,0.0443,16.36,120.0,130.88,120.0,79.0,207.0,C,EURO,0,8.0,120.0
9341721590,35.0,20.0,4.0,1.02,0.0028,5.0,0.018,6.0,225.0,270.0,120.0,95.0,207.0,C,EURO,0,45.0,225.0
9341721700,26.0,14.0,7.8,1.08,0.0028,15.0,0.0431,16.2,420.0,456.0,120.0,135.6,207.0,C,EURO,0,28.0,420.0
9341721790,35.5,21.0,3.5,2.4,0.0026,5.0,0.02,12.0,120.0,290.0,120.0,95.6,207.0,C,EURO,0,24.0,120.0
9341790000,16.5,13.0,2.0,0.23,0.0004,10.0,0.0029,2.41,2000.0,482.0,120.0,80.0,205.0,C,K3,0,200.0,2000.0
9342700500,7.5,14.0,26.0,0.87,0.0027,,,,140.0,123.8,120.0,85.6,207.0,C,EURO,0,,140.0
9342700700,25.5,13.5,7.5,0.86,0.0026,,,,840.0,727.0,120.0,95.6,207.0,C,EURO,0,,840.0
9342700900,25.5,14.0,7.0,0.87,0.0025,15.0,0.045,13.92,120.0,111.36,120.0,77.0,207.0,B,EURO,0,8.0,120.0
9344120100,26.0,13.5,7.0,2.78,0.0025,,,,250.0,477.0,120.0,95.6,207.0,C,EURO,0,,250.0
9344120190,13.5,13.0,3.0,0.2,0.0005,5.0,0.0034,1.0,1000.0,225.0,120.0,110.0,207.0,B,K3,0,200.0,1000.0
9344121100,5.5,5.5,3.0,0.15,0.0001,60.0,0.0219,11.16,720.0,133.0,120.0,110.0,207.0,C,K3,0,12.0,720.0
9344121190,13.5,13.0,3.5,0.2,0.0006,5.0,0.0035,1.5,1200.0,362.0,120.0,85.6,207.0,C,EURO,0,240.0,1200.0
9344220100,12.5,5.5,3.5,0.5,0.0002,,,,100.0,75.0,120.0,110.0,207.0,C,EURO,0,,100.0
9344220190,27.0,12.0,2.5,0.7,0.0008,5.0,0.0063,4.0,500.0,425.0,120.0,110.0,207.0,B,EURO,0,100.0,500.0
9344221100,29.0,13.5,2.5,0.4,0.001,,,,640.0,256.0,120.0,80.0,207.0,C,EURO,0,,640.0
9344221190,29.0,13.0,3.0,0.39,0.0011,5.0,0.0071,2.6,450.0,259.0,120.0,110.0,207.0,C,K3,0,90.0,450.0
9346500700,25.5,13.5,7.5,1.06,0.0026,,,,100.0,131.0,120.0,110.0,205.0,C,K3,0,,100.0
9346520702,26.0,14.0,7.0,1.12,0.0025,,,,647.0,750.0,120.0,110.0,205.0,C,K3,0,,647.0
9346520720,26.0,13.5,7.0,1.1,0.0025,,,,100.0,135.0,120.0,110.0,205.0,C,K3,0,,100.0
9346700700,7.5,13.5,25.5,1.04,0.0026,,,,9999.0,9999.0,9999.0,9999.0,205.0,C,K3,0,,9999.0
9346720700,25.5,13.4,7.5,1.06,0.0026,,,,100.0,131.0,120.0,110.0,205.0,C,K3,0,,100.0
9346900722,7.5,14.0,26.0,1.12,0.0027,,,,9999.0,9999.0,9999.0,9999.0,210.0,C,K1,0,,9999.0
9347701700,25.5,14.0,7.0,0.96,0.0025,15.0,0.0442,15.0,9999.0,999.0,120.0,100.0,205.0,B,K3,0,666.6,9999.0
9349920022,25.5,14.0,7.0,2.06,0.0025,1.0,0.0025,2.06,260.0,560.0,120.0,110.0,207.0,C,K3,0,260.0,260.0
9349920023,6.0,2.0,1.0,0.03,0.0,25.0,0.0029,0.93,5000.0,186.0,120.0,80.0,207.0,C,K3,0,200.0,5000.0
9349920024,6.5,2.0,1.0,0.05,0.0,,,,10000.0,525.0,120.0,110.0,207.0,C,K3,0,,10000.0
9349920042,7.0,2.0,1.0,0.02,0.0,,,,30000.0,675.0,120.0,110.0,207.0,C,K3,0,,30000.0
9349920101,7.0,2.0,1.9,0.06,0.0,,,,10000.0,625.0,120.0,110.0,207.0,C,K3,0,,10000.0
9349920102,16.0,12.0,2.2,0.23,0.0004,,,,3000.0,715.0,120.0,110.0,207.0,C,K3,0,,3000.0
9349920151,12.0,2.5,1.5,0.08,0.0,,,,9000.0,745.0,120.0,110.0,207.0,C,K3,0,,9000.0
9349920152,12.5,3.0,1.5,0.08,0.0001,,,,9000.0,745.0,120.0,110.0,207.0,C,K3,0,,9000.0
9349920153,12.7,2.7,2.0,0.1,0.0001,,,,7250.0,750.0,120.0,110.0,207.0,C,K3,0,,7250.0
9349921022,7.0,2.0,1.0,0.04,0.0,,,,15000.0,625.0,120.0,110.0,207.0,C,K3,0,,15000.0
9349921023,6.0,2.0,1.0,0.03,0.0,25.0,0.0029,0.93,5000.0,186.0,120.0,80.0,205.0,C,K3,0,200.0,5000.0
9349921024,6.0,2.0,1.0,0.04,0.0,,,,15000.0,625.0,120.0,110.0,207.0,C,K3,0,,15000.0
9349921042,7.0,2.0,0.8,0.03,0.0,,,,10000.0,325.0,120.0,110.0,207.0,C,K3,0,,10000.0
9349921101,15.5,12.5,2.3,0.23,0.0004,,,,3000.0,715.0,120.0,110.0,207.0,C,K3,0,,3000.0
9349921102,16.0,12.0,2.2,0.23,0.0004,,,,3000.0,715.0,120.0,110.0,207.0,C,K3,0,,3000.0
9349921103,17.0,12.0,2.2,0.24,0.0004,,,,3000.0,745.0,120.0,110.0,207.0,C,K3,0,,3000.0
9349921151,12.0,2.5,1.5,0.1,0.0,,,,7250.0,750.0,120.0,110.0,207.0,C,K3,0,,7250.0
9349921152,12.5,4.0,2.0,0.11,0.0001,,,,6000.0,685.0,120.0,110.0,207.0,C,K3,0,,6000.0
9349921153,12.7,3.0,1.5,0.11,0.0001,,,,6500.0,740.0,120.0,110.0,207.0,C,K3,0,,6500.0
9351520500,25.5,14.0,7.5,1.09,0.0027,15.0,0.0418,16.35,9999.0,9999.0,9999.0,9999.0,207.0,C,K3,0,666.6,9999.0
9351520700,25.5,13.5,7.0,1.09,0.0024,15.0,0.0431,16.35,120.0,130.8,120.0,77.0,207.0,C,EURO,0,8.0,120.0
9351521700,26.0,7.0,7.0,2.0,0.0013,,,,360.0,720.0,120.0,63.0,205.0,C,EURO,0,,360.0
9351720500,25.5,13.5,7.5,1.05,0.0026,15.0,0.0437,15.75,10005.0,999.0,120.0,150.0,207.0,C,K3,0,667.0,10005.0
9351720700,26.0,14.0,7.0,1.06,0.0025,15.0,0.0442,15.9,999999.0,9999.0,120.0,120.0,207.0,C,K3,0,66666.6,999999.0
9351721500,26.0,7.0,7.0,3.0,0.0013,,,,240.0,720.0,120.0,42.0,205.0,C,EURO,0,,240.0
9351721700,26.0,7.0,7.0,2.0,0.0013,,,,360.0,720.0,120.0,63.0,205.0,C,EURO,0,,360.0
9354220100,25.5,13.5,7.5,0.3,0.0026,25.0,0.0161,8.25,9999.0,999.0,120.0,100.0,207.0,C,K3,0,399.96,9999.0
9356500700,25.9,13.9,7.4,1.11,0.0027,,,,200.0,222.0,120.0,74.0,205.0,C,K3,0,,200.0
9356720700,25.5,13.5,7.5,1.06,0.0026,,,,100.0,131.0,120.0,110.0,205.0,C,K3,0,,100.0
9358002720,26.0,13.5,7.5,1.05,0.0026,,,,200.0,210.0,120.0,75.0,207.0,C,EURO,0,,200.0
9359920101,15.5,12.5,2.2,0.22,0.0004,10.0,0.0027,2.32,200.0,464.0,120.0,76.0,207.0,C,K3,0,20.0,200.0
9362190000,12.0,1.0,1.0,0.074,0.0,,,,9999.0,9999.0,9999.0,9999.0,207.0,C,K3,0,,9999.0
9362290000,5.5,1.0,2.0,0.064,0.0,,,,9999.0,9999.0,9999.0,9999.0,207.0,B,K3,0,,9999.0
9362290100,14.0,1.0,1.0,0.07,0.0,182.0,0.0111,12.74,9999.0,9999.0,120.0,150.0,207.0,C,K3,0,54.9396,9999.0
9362490000,12.0,7.0,1.0,0.042,0.0001,200.0,0.0191,8.5,4800.0,204.0,120.0,80.0,201.0,C,EURO,0,24.0,4800.0
9362490020,9.0,3.0,1.0,0.05,0.0,,,,9400.0,495.0,120.0,100.0,201.0,C,K3,0,,9400.0
9363002150,157.5,4.0,4.0,1.4,0.0025,,,,517.0,700.0,157.5,95.6,205.0,C,XLONGPALLET,0,,517.0
9363004090,97.0,4.0,4.0,0.59,0.0016,,,,600.0,356.0,120.0,85.6,207.0,C,EURO,0,,600.0
9363004120,120.0,2.5,2.5,0.8,0.0008,,,,580.0,466.0,120.0,85.6,207.0,C,EURO,0,,580.0
9363017120,127.0,5.0,5.0,1.09,0.0032,,,,304.0,306.36,130.0,95.6,207.0,C,XLONGPALLET,0,,304.0
9364001000,33.0,16.0,8.0,1.44,0.0042,6.0,0.036,8.64,144.0,208.36,120.0,111.0,207.0,B,EURO,0,24.0,144.0
9364017000,33.5,15.5,8.5,1.8,0.0044,6.0,0.035,10.8,108.0,196.0,120.0,95.6,207.0,C,EURO,0,18.0,108.0
9364601000,194.5,4.0,4.0,1.22,0.0031,,,,185.0,190.0,120.0,135.6,207.0,C,EURO,0,,185.0
9365101000,33.5,16.0,9.5,1.39,0.0051,6.0,0.0348,8.34,108.0,152.0,120.0,95.6,207.0,C,EURO,0,18.0,108.0
9366001000,21.0,14.5,2.0,0.98,0.0006,8.0,0.007,7.84,256.0,252.0,120.0,65.6,207.0,C,EURO,0,32.0,256.0
9382390550,20.0,10.0,1.5,0.8,0.0003,25.0,0.014,20.0,500.0,402.0,120.0,95.6,203.0,C,EURO,0,20.0,500.0
9388190005,12.5,5.0,1.5,0.3,0.0001,50.0,0.0072,6.0,1200.0,122.0,120.0,65.6,203.0,C,EURO,0,24.0,1200.0
9388190015,12.5,5.0,1.5,0.33,0.0001,50.0,0.0082,16.5,1000.0,332.0,120.0,95.6,203.0,C,EURO,0,20.0,1000.0
9400090110,19.0,3.0,2.5,0.31,0.0001,30.0,0.0051,9.3,990.0,306.9,120.0,105.6,203.0,B,EURO,0,33.0,990.0
9400090171,19.5,4.5,0.2,0.06,0.0,250.0,0.0183,15.0,8000.0,480.0,120.0,72.0,207.0,C,K3,0,32.0,8000.0
9400090172,20.0,5.0,0.1,0.05,0.0,250.0,0.0162,15.0,9000.0,612.0,120.0,68.0,207.0,C,K3,0,36.0,9000.0
9400090176,19.0,4.5,0.3,0.043,0.0,,,,9999.0,9999.0,9999.0,9999.0,207.0,C,K3,0,,9999.0
9400090177,19.0,4.5,1.5,0.046,0.0001,250.0,0.0183,11.87,11250.0,534.15,120.0,83.5,207.0,C,EURO,0,45.0,11250.0
9400090181,25.0,8.0,0.1,0.05,0.0,,,,12000.0,615.0,120.0,150.0,207.0,C,K3,0,,12000.0
9400090182,19.5,6.5,0.5,0.06,0.0001,250.0,0.0115,15.0,7750.0,490.0,120.0,110.0,207.0,C,K3,0,31.0,7750.0
9400090186,19.0,6.0,0.2,0.06,0.0,250.0,0.014,15.0,7500.0,475.0,120.0,100.0,207.0,B,K3,0,30.0,7500.0
9400090187,19.0,6.0,0.1,0.07,0.0,,,,1000.0,95.0,120.0,110.0,207.0,B,K3,0,,1000.0
9400090910,3.0,19.0,3.0,0.32,0.0002,30.0,0.0052,10.0,1440.0,477.0,120.0,65.6,207.0,C,EURO,0,48.0,1440.0
9400490001,19.5,2.5,2.5,0.33,0.0001,30.0,0.0054,9.9,1350.0,470.0,120.0,80.0,202.0,B,K3,0,45.0,1350.0
9400490002,19.0,2.5,2.5,0.33,0.0001,30.0,0.0195,9.9,960.0,341.0,120.0,100.0,202.0,B,K3,0,32.0,960.0
9400990006,19.0,2.5,2.5,0.36,0.0001,50.0,0.0086,18.2,3600.0,1288.0,120.0,85.6,207.0,B,EURO,0,72.0,3600.0
9400990007,19.0,2.5,2.5,0.36,0.0001,50.0,0.0431,18.42,1500.0,542.0,120.0,85.6,207.0,B,EURO,0,30.0,1500.0
9410917501,24.0,8.5,2.5,0.62,0.0005,25.0,0.0193,15.5,999999.0,9999.0,120.0,120.0,203.0,C,EURO,0,39999.96,999999.0
9410917502,24.0,8.5,2.5,0.62,0.0005,25.0,0.0212,15.5,750.0,490.0,120.0,110.0,203.0,C,K3,0,30.0,750.0
9410917531,29.0,21.0,4.0,1.1,0.0024,5.0,0.0199,6.0,180.0,218.0,120.0,95.6,207.0,B,EURO,0,36.0,180.0
9410918531,21.0,29.5,3.0,1.1,0.0019,6.0,0.0144,6.81,252.0,269.0,120.0,85.6,207.0,C,EURO,0,42.0,252.0
9410927501,24.0,9.0,8.5,0.64,0.0018,25.0,0.0195,16.0,725.0,466.0,120.0,85.6,203.0,B,EURO,0,29.0,725.0
9410927502,24.0,9.0,2.5,0.61,0.0005,25.0,0.0205,15.25,600.0,368.0,120.0,65.6,203.0,B,EURO,0,24.0,600.0
9410927506,17.0,8.0,2.5,0.5,0.0003,50.0,0.0151,26.14,1350.0,705.78,120.0,55.0,203.0,B,EURO,0,27.0,1350.0
9410990006,28.0,6.5,2.5,0.66,0.0005,25.0,0.0166,16.5,9999.0,9999.0,9999.0,9999.0,201.0,C,EURO,0,399.96,9999.0
9410990007,24.0,8.5,2.5,0.41,0.0005,25.0,0.0196,10.25,675.0,277.0,120.0,95.6,201.0,C,EURO,0,27.0,675.0
9410990186,19.0,6.0,0.01,0.06,0.0,250.0,0.0129,15.0,6750.0,407.0,120.0,65.6,207.0,B,EURO,0,27.0,6750.0
9411917501,24.0,8.5,2.5,0.6,0.0005,25.0,0.0193,15.0,800.0,480.0,120.0,74.0,203.0,A,EURO,0,32.0,800.0
9411917502,24.0,8.5,2.5,0.57,0.0005,25.0,0.0205,14.7,1000.0,562.0,120.0,85.6,203.0,B,EURO,0,40.0,1000.0
9411917506,2.5,17.0,8.0,0.5,0.0003,50.0,0.016,25.0,4200.0,2092.0,120.0,135.6,203.0,C,EURO,0,84.0,4200.0
9411917507,1.6,20.0,9.5,0.55,0.0003,50.0,0.0152,25.5,3000.0,1492.0,120.0,85.6,203.0,C,EURO,0,60.0,3000.0
9411917531,29.0,21.0,3.5,1.04,0.0021,5.0,0.0137,5.2,300.0,314.0,120.0,90.6,207.0,B,EURO,0,60.0,300.0
9411917536,25.5,14.0,7.0,0.96,0.0025,100.0,0.017,15.0,2400.0,360.0,120.0,81.0,207.0,C,EURO,0,24.0,2400.0
9411927501,24.0,2.5,9.0,0.5,0.0005,25.0,0.0201,14.7,800.0,472.0,120.0,85.6,203.0,A,EURO,0,32.0,800.0
9411927502,24.0,9.0,3.0,0.57,0.0006,25.0,0.0194,15.5,1000.0,562.0,120.0,85.6,203.0,B,EURO,0,40.0,1000.0
9411927506,9.5,17.5,2.5,0.47,0.0004,50.0,0.0164,24.67,1500.0,697.0,120.0,85.6,102.0,B,EURO,0,30.0,1500.0
9411927507,17.0,8.0,2.5,0.5,0.0003,50.0,0.0166,12.0,2000.0,477.0,120.0,135.6,203.0,B,EURO,0,40.0,2000.0
9411927531,29.5,21.0,3.5,1.02,0.0022,5.0,0.014,5.1,180.0,183.6,120.0,90.0,207.0,B,EURO,0,36.0,180.0
9411990178,1.0,1.0,1.0,0.01,0.0,,,,1000.0,35.0,120.0,110.0,102.0,B,K3,0,,1000.0
9411990179,28.0,9.0,0.1,0.05,0.0,250.0,0.0125,13.0,9000.0,493.0,120.0,80.0,102.0,B,K3,0,36.0,9000.0
9411990187,19.0,6.0,0.01,0.032,0.0,,,,240.0,450.0,120.0,110.0,207.0,A,K3,0,,240.0
9411990331,1.0,19.0,1.0,0.12,0.0,,,,800.0,111.0,120.0,100.0,207.0,C,K3,0,,800.0
9411990332,1.0,1.0,1.0,0.01,0.0,,,,9999.0,9999.0,9999.0,9999.0,207.0,C,K3,0,,9999.0
9411990336,19.0,4.0,0.1,0.06,0.0,100.0,0.0133,10.0,1000.0,999.0,120.0,150.0,207.0,B,K3,0,10.0,1000.0
9411990337,20.0,4.5,1.0,0.06,0.0001,,,,8160.0,489.6,120.0,80.0,207.0,B,K3,0,,8160.0
9412818250,28.0,6.5,2.5,0.3,0.0005,25.0,0.0173,7.5,900.0,300.0,120.0,110.0,207.0,A,K3,0,36.0,900.0
9412818300,28.0,7.0,2.5,0.33,0.0005,25.0,0.0175,8.25,900.0,297.0,120.0,86.0,207.0,A,K3,0,36.0,900.0
9412818310,28.0,6.5,3.0,0.3,0.0005,25.0,0.0168,7.5,900.0,427.0,120.0,95.6,207.0,C,EURO,0,36.0,900.0
9412818350,28.5,2.5,6.5,0.34,0.0005,25.0,0.0175,8.5,800.0,264.0,120.0,85.6,207.0,B,EURO,0,32.0,800.0
9412818400,28.0,7.0,2.5,0.38,0.0005,25.0,0.0176,9.5,999999.0,9999.0,120.0,120.0,207.0,B,K3,0,39999.96,999999.0
9412818450,28.0,6.5,3.0,0.4,0.0005,25.0,0.0173,10.0,900.0,385.0,120.0,110.0,207.0,B,K3,0,36.0,900.0
9413917501,24.0,8.5,2.5,0.73,0.0005,25.0,0.0201,26.0,600.0,624.0,120.0,57.0,203.0,A,EURO,0,24.0,600.0
9413917502,24.0,2.5,9.0,0.81,0.0005,25.0,0.0211,18.8,1000.0,802.0,120.0,85.6,203.0,A,EURO,0,40.0,1000.0
9413917506,2.5,23.5,9.0,0.62,0.0005,25.0,0.014,14.216,1050.0,477.0,120.0,85.6,203.0,C,EURO,0,42.0,1050.0
9413917507,2.5,24.0,8.0,0.65,0.0005,25.0,0.0151,16.25,1400.0,902.0,120.0,85.6,203.0,C,EURO,0,56.0,1400.0
9413917531,29.5,21.0,5.0,1.2,0.0031,,,,300.0,26.0,120.0,115.6,207.0,A,EURO,0,,300.0
9413917536,29.5,21.0,4.0,1.2,0.0025,100.0,0.3115,120.0,2000.0,122.0,120.0,95.6,207.0,C,EURO,0,20.0,2000.0
9413927501,24.0,2.5,8.5,0.7,0.0005,25.0,0.0194,18.0,1600.0,1112.0,120.0,135.6,203.0,A,EURO,0,64.0,1600.0
9413927502,24.0,2.5,8.5,0.7,0.0005,25.0,0.0205,18.0,1400.0,972.0,120.0,135.6,203.0,A,EURO,0,56.0,1400.0
9413927506,2.5,24.0,8.0,0.68,0.0005,50.0,0.0205,34.0,1500.0,1012.0,120.0,85.6,203.0,C,EURO,0,30.0,1500.0
9413927507,23.5,2.5,8.0,0.63,0.0005,50.0,0.0207,32.0,2100.0,1315.0,120.0,135.6,203.0,C,EURO,0,42.0,2100.0
9413927531,29.5,21.0,4.0,1.16,0.0025,5.0,0.014,6.1,200.0,200.0,120.0,105.6,207.0,B,EURO,0,40.0,200.0
9413990172,5.0,5.0,0.1,0.6,0.0,250.0,0.004,15.0,6000.0,385.0,120.0,80.0,102.0,A,K3,0,24.0,6000.0
9413990173,19.5,4.5,0.1,0.08,0.0,,,,8000.0,665.0,120.0,110.0,203.0,B,K3,0,,8000.0
9413990183,19.5,6.0,0.2,0.07,0.0,,,,999999.0,9999.0,120.0,120.0,207.0,C,K3,0,,999999.0
9413990186,19.5,6.0,0.1,0.08,0.0,,,,1000.0,105.0,120.0,110.0,207.0,C,K3,0,,1000.0
9413990189,19.0,0.6,0.1,0.05,0.0,,,,8000.0,425.0,120.0,80.0,207.0,C,K3,0,,8000.0
9414607300,1.0,1.0,1.0,0.01,0.0,,,,9999.0,9999.0,9999.0,9999.0,207.0,C,K3,0,,9999.0
9415402001,14.0,10.0,11.0,1.91,0.0015,10.0,0.02,19.1,400.0,452.0,120.0,95.6,207.0,A,EURO,0,40.0,400.0
9415402002,14.5,10.0,11.0,1.92,0.0016,10.0,0.0213,19.67,480.0,913.0,120.0,85.6,207.0,A,EURO,0,48.0,480.0
9415402501,30.0,21.0,8.0,2.02,0.005,,,,180.0,377.84,120.0,105.6,207.0,B,EURO,0,,180.0
9415402502,29.5,21.0,7.5,2.0,0.0046,5.0,0.0274,8.2,180.0,295.2,120.0,104.0,207.0,B,EURO,0,36.0,180.0
9416918251,28.0,3.0,7.0,0.55,0.0006,25.0,0.0188,13.75,675.0,377.0,120.0,65.6,207.0,A,K3,0,27.0,675.0
9416918301,28.5,6.5,3.0,0.59,0.0006,25.0,0.0172,14.75,800.0,474.0,120.0,95.6,207.0,A,EURO,0,32.0,800.0
9416918351,28.0,6.5,3.0,0.62,0.0005,25.0,0.0178,15.5,450.0,304.0,120.0,100.0,207.0,A,K3,0,18.0,450.0
9416918401,28.0,6.5,2.5,0.66,0.0005,50.0,0.0,30.0,1000.0,999.0,120.0,150.0,207.0,A,K3,0,20.0,1000.0
9416918451,28.0,6.5,2.5,0.7,0.0005,10.0,0.0177,17.5,200.0,450.0,120.0,100.0,207.0,A,K3,0,20.0,200.0
9420817500,14.0,10.0,2.5,0.5,0.0004,25.0,0.0172,12.5,1000.0,525.0,120.0,150.0,207.0,A,EURO,0,40.0,1000.0
9420817530,29.0,13.0,3.0,0.68,0.0011,5.0,0.0077,3.57,300.0,217.0,120.0,85.6,207.0,C,EURO,0,60.0,300.0
9420827500,14.5,10.0,3.0,0.5,0.0004,10.0,0.0164,12.5,9999.0,9999.0,9999.0,9999.0,207.0,B,K3,0,999.9,9999.0
9420890120,11.0,3.0,0.2,0.06,0.0,,,,999999.0,9999.0,120.0,120.0,207.0,C,K3,0,,999999.0
9421917601,27.0,10.0,3.0,1.0,0.0008,25.0,0.0289,25.0,400.0,400.0,120.0,72.0,207.0,A,EURO,0,16.0,400.0
9421917602,27.0,10.0,3.0,1.05,0.0008,25.0,0.0275,26.25,500.0,527.0,120.0,95.6,207.0,A,EURO,0,20.0,500.0
9421927601,27.0,10.5,3.0,1.03,0.0009,25.0,0.0272,25.75,400.0,416.0,120.0,70.0,207.0,A,EURO,0,16.0,400.0
9421927602,27.0,10.5,3.0,1.0,0.0009,25.0,0.0278,25.0,500.0,500.0,120.0,85.0,207.0,A,EURO,0,20.0,500.0
9421990176,19.0,4.5,0.01,0.05,0.0,250.0,0.0138,1.25,999999.0,9999.0,120.0,120.0,102.0,B,K3,0,3999.996,999999.0
9422817500,14.5,10.0,2.5,0.49,0.0004,25.0,0.0166,12.75,675.0,369.25,120.0,100.0,207.0,A,EURO,0,27.0,675.0
9422817600,14.5,10.0,2.5,0.53,0.0004,25.0,0.0164,13.25,825.0,462.25,120.0,100.0,207.0,A,EURO,0,33.0,825.0
9422817630,29.0,13.0,3.5,0.71,0.0013,5.0,0.0069,3.6,475.0,344.0,120.0,75.6,207.0,B,EURO,0,95.0,475.0
9422827500,14.2,10.2,2.8,0.47,0.0004,25.0,0.0168,11.75,1000.0,483.25,120.0,120.0,207.0,A,EURO,0,40.0,1000.0
9422827600,14.5,10.0,2.5,0.52,0.0004,25.0,0.0168,13.0,500.0,262.0,120.0,95.6,207.0,B,EURO,0,20.0,500.0
9422827760,14.4,2.6,10.0,0.52,0.0004,25.0,0.0162,13.0,1600.0,847.0,120.0,150.0,207.0,C,K3,0,64.0,1600.0
9422890000,10.5,2.5,2.0,0.14,0.0001,80.0,0.0192,11.2,2560.0,358.4,120.0,80.0,201.0,C,K3,0,32.0,2560.0
9422890001,16.0,11.0,0.3,0.15,0.0001,,,,3000.0,475.0,120.0,110.0,201.0,C,K3,0,,3000.0
9422890170,11.0,3.0,1.0,0.28,0.0,,,,9999.0,9999.0,9999.0,9999.0,102.0,C,K3,0,,9999.0
9422890175,10.0,3.0,1.0,0.02,0.0,,,,9999.0,9999.0,9999.0,9999.0,102.0,B,K3,0,,9999.0
9431990101,0.01,4.5,19.5,0.06,0.0,,,,9999.0,9999.0,9999.0,9999.0,207.0,C,K2,0,,9999.0
9431990102,19.5,4.5,0.5,0.06,0.0,,,,2040.0,147.4,120.0,90.0,207.0,C,K3,0,,2040.0
9431990111,1.5,19.7,6.0,0.78,0.0002,300.0,0.0002,0.78,10800.0,857.0,20.0,180.0,207.0,C,K3,0,36.0,10800.0
9431990112,20.0,7.0,1.0,0.08,0.0001,,,,9999.0,9999.0,9999.0,9999.0,207.0,C,K1,0,,9999.0
9432817600,13.0,10.5,3.5,0.5,0.0005,25.0,0.0048,12.5,950.0,500.0,120.0,95.0,207.0,A,,0,38.0,950.0
9432890170,11.0,3.2,0.16,0.03,0.0,300.0,0.0,0.03,14625.0,453.0,120.0,180.0,207.0,C,K3,0,48.75,14625.0
9440117551,27.0,10.5,3.0,0.89,0.0009,25.0,0.0275,22.25,525.0,492.25,120.0,100.0,207.0,B,K3,0,21.0,525.0
9440117552,27.0,10.0,3.0,0.89,0.0008,,,,520.0,487.8,120.0,90.0,207.0,B,K3,0,,520.0
9440217551,27.0,10.5,3.0,0.87,0.0009,25.0,0.0275,21.75,500.0,460.0,120.0,110.0,207.0,B,K3,0,20.0,500.0
9440217552,27.0,10.0,3.0,0.88,0.0008,25.0,0.0275,22.0,9999.0,999.0,120.0,100.0,207.0,B,K3,0,399.96,9999.0
9440217601,27.0,10.0,2.9,0.91,0.0008,,,,1024.0,956.0,120.0,110.0,207.0,C,K3,0,,1024.0
9440217602,27.0,10.0,3.0,0.922,0.0008,,,,490.0,476.78,120.0,90.0,207.0,C,K3,0,,490.0
9442917551,10.0,10.0,4.0,0.9,0.0004,,,,500.0,475.0,120.0,110.0,207.0,B,K3,0,,500.0
9442917552,27.0,10.5,3.0,0.89,0.0009,,,,400.0,381.0,120.0,100.0,207.0,A,K3,0,,400.0
9442927551,27.0,10.5,3.0,0.88,0.0009,10.0,0.0276,2.5,200.0,50.0,120.0,82.5,207.0,A,EURO,0,20.0,200.0
9442927552,27.0,10.0,3.0,0.88,0.0008,25.0,0.0269,22.0,500.0,440.0,120.0,82.5,207.0,A,EURO,0,20.0,500.0
9442927701,27.5,10.5,3.0,0.99,0.0009,25.0,0.0275,24.75,500.0,520.0,120.0,110.0,207.0,A,K3,0,20.0,500.0
9442927702,27.5,10.5,3.0,0.98,0.0009,25.0,0.0273,24.5,11875.0,490.5,120.0,120.0,207.0,A,K3,0,475.0,11875.0
9491302553,169.0,8.5,2.0,2.79,0.0029,5.0,0.0272,13.95,120.0,309.8,180.0,95.6,201.0,C,XLONGPALLET,0,24.0,120.0
9491311653,195.0,10.0,2.0,2.95,0.0039,5.0,0.0358,14.75,120.0,329.0,221.0,65.6,202.0,C,XLONGPALLET,0,24.0,120.0
9491312653,170.0,2.5,10.0,2.8,0.0042,5.0,0.0271,15.0,200.0,565.0,174.0,85.6,201.0,C,XLONGPALLET,0,40.0,200.0
9491390020,60.0,2.5,0.5,0.47,0.0001,30.0,0.0023,4.77,1200.0,565.6,120.0,65.6,207.0,C,EURO,0,40.0,1200.0
9491501653,195.0,10.0,2.5,3.0,0.0049,5.0,0.0356,17.2,175.0,602.0,220.0,84.0,201.0,C,XLONGPALLET,0,35.0,175.0
9491502653,174.0,13.0,11.0,16.2,0.0249,,,,48.0,752.0,210.0,95.6,201.0,C,,0,,48.0
9491511653,195.0,10.0,2.0,3.06,0.0039,,,,155.0,449.0,200.0,95.6,201.0,C,CONS,0,,155.0
9491590005,11.5,2.5,2.5,0.14,0.0001,90.0,0.019,12.6,3240.0,478.6,120.0,100.0,201.0,B,K3,0,36.0,3240.0
9491590145,11.5,2.0,0.01,0.04,0.0,,,,11000.0,465.0,120.0,90.0,207.0,A,K3,0,,11000.0
9491602653,170.0,10.0,2.5,2.85,0.0042,,,,166.0,448.0,185.0,95.6,201.0,C,XLONGPALLET,0,,166.0
9491701652,200.0,10.0,3.0,2.0,0.006,,,,208.0,418.0,200.0,78.0,201.0,C,XLONGPALLET,0,,208.0
9491702651,175.0,12.0,4.0,4.56,0.0084,,,,116.0,460.0,175.0,80.0,201.0,C,XLONGPALLET,0,,116.0
9491702652,174.5,11.0,3.5,3.48,0.0067,,,,136.0,448.28,180.0,95.6,201.0,C,CONS,0,,136.0
9491785651,200.0,11.0,3.0,3.63,0.0066,,,,130.0,446.9,210.0,95.6,201.0,C,XLONGPALLET,0,,130.0
9491785652,200.0,11.0,3.0,4.0,0.0066,,,,110.0,415.0,210.0,95.6,201.0,C,CONS,0,,110.0
9491801651,200.0,11.0,4.0,2.85,0.0088,,,,140.0,399.0,200.0,80.0,201.0,C,XLONGPALLET,0,,140.0
9491801652,200.0,10.0,3.0,6.0,0.006,,,,78.0,443.0,210.0,95.6,201.0,C,XLONGPALLET,0,,78.0
9491802651,174.0,10.5,4.0,3.5,0.0073,,,,100.0,325.0,174.0,95.6,201.0,C,XLONGPALLET,0,,100.0
9491802652,174.5,11.0,3.5,3.5,0.0067,,,,135.0,447.0,220.0,95.6,201.0,C,XLONGPALLET,0,,135.0
9492301553,194.0,8.5,2.0,3.0,0.0033,5.0,0.0346,15.0,180.0,515.0,200.0,95.6,201.0,B,XLONGPALLET,0,36.0,180.0
9492301653,195.0,13.0,9.0,3.35,0.0228,,,,150.0,440.0,220.0,95.6,201.0,C,XLONGPALLET,0,,150.0
9492302551,175.0,12.0,4.0,4.06,0.0084,,,,116.0,445.96,175.0,80.6,201.0,A,EURO,0,,116.0
9492302553,169.0,9.0,0.99,2.88,0.0015,5.0,0.0261,13.85,120.0,321.0,120.0,55.0,201.0,B,XLONGPALLET,0,24.0,120.0
9492302556,170.0,8.5,2.5,2.77,0.0036,50.0,0.2898,138.0,100.0,251.0,120.0,65.6,201.0,C,XLONGPALLET,0,2.0,100.0
9492311553,223.0,13.5,12.5,2.8,0.0376,1.0,0.0376,2.8,25.0,50.0,225.0,95.6,211.0,C,XLONGPALLET,0,25.0,25.0
9492312553,174.0,13.5,0.99,2.62,0.0023,,,,400.0,675.0,200.0,85.6,201.0,C,XLONGPALLET,0,,400.0
9492601553,195.0,9.0,2.5,2.88,0.0044,,,,160.0,435.8,220.0,95.6,201.0,C,XLONGPALLET,0,,160.0
9492602551,174.0,11.5,16.0,4.0,0.032,,,,100.0,350.0,175.0,165.6,201.0,A,XLONGPALLET,0,,100.0
9492602553,170.0,9.0,2.5,2.7,0.0038,5.0,0.0297,13.0,140.0,339.0,180.0,135.6,201.0,B,XLONGPALLET,0,28.0,140.0
9492602556,170.0,9.0,2.5,2.7,0.0038,50.0,0.455,135.0,100.0,270.0,200.0,70.0,201.0,C,XLONGPALLET,0,2.0,100.0
9492690010,4.0,3.0,1.0,0.004,0.0,,,,1000.0,29.0,120.0,110.0,201.0,C,K3,0,,1000.0
9493801651,39.0,11.0,3.5,2.0,0.0015,,,,360.0,720.0,120.0,63.0,201.0,C,EURO,0,,360.0
9493801652,41.8,11.2,3.3,0.98,0.0015,,,,336.0,329.28,120.0,79.2,201.0,C,EURO,0,,336.0
9499103005,330.0,6.0,6.0,4.7,0.0119,,,,156.0,733.2,330.0,72.0,205.0,C,CONS,0,,156.0
9511590010,11.4,2.5,1.0,0.06,0.0,100.0,0.0077,6.0,7900.0,499.0,120.0,180.0,201.0,C,K3,0,79.0,7900.0
9511590030,11.5,2.5,1.0,0.07,0.0,200.0,0.0331,14.0,4000.0,305.0,120.0,110.0,201.0,A,K3,0,20.0,4000.0
9554100000,1.0,1.0,1.0,0.01,0.0,,,,9999.0,9999.0,9999.0,9999.0,201.0,B,K3,0,,9999.0
9554100030,13.5,13.0,3.0,0.4,0.0005,5.0,0.0032,2.0,600.0,242.0,120.0,95.6,207.0,B,EURO,0,120.0,600.0
9560700000,11.9,8.0,5.0,0.01,0.0005,,,,1000.0,35.0,120.0,110.0,207.0,C,K3,0,,1000.0
9560800000,12.0,6.0,1.0,0.03,0.0001,,,,9999.0,9999.0,9999.0,9999.0,207.0,C,K3,0,,9999.0
9562500000,4.5,0.2,0.2,0.01,0.0,,,,10000.0,125.0,120.0,110.0,207.0,B,K3,0,,10000.0
9562700000,6.0,2.5,1.0,0.001,0.0,,,,6400.0,6.4,120.0,10.0,207.0,C,K3,0,,6400.0
9563000000,4.5,0.2,0.2,0.01,0.0,,,,80000.0,825.0,120.0,110.0,207.0,C,K3,0,,80000.0
9564090000,2.0,1.0,1.0,0.01,0.0,,,,72000.0,745.0,120.0,110.0,207.0,C,K3,0,,72000.0
9567301000,13.0,12.0,6.5,0.24,0.001,,,,648.0,155.52,120.0,78.0,207.0,C,EURO,0,,648.0
9610217004,24.0,9.0,4.0,0.86,0.0009,,,,520.0,472.0,120.0,110.0,211.0,C,K3,0,,520.0
9610417021,24.0,9.5,2.5,0.8,0.0006,25.0,0.019,20.0,1000.0,999.0,120.0,150.0,211.0,C,K3,0,40.0,1000.0
9610417200,24.0,2.5,9.5,0.8,0.0006,15.0,0.019,12.0,840.0,687.0,120.0,150.0,201.0,C,K3,0,56.0,840.0
9610417221,24.0,9.5,3.0,0.65,0.0007,,,,1080.0,702.0,120.0,81.0,210.0,C,K3,0,,1080.0
9610517200,24.2,2.6,9.5,0.67,0.0006,36.0,0.0006,0.67,1944.0,1317.0,120.0,180.0,211.0,C,K3,0,54.0,1944.0
9610917200,24.5,9.5,2.5,0.8,0.0006,25.0,0.0196,20.0,999999.0,9999.0,120.0,120.0,201.0,C,K3,0,39999.96,999999.0
9611995177,0.01,2.0,23.5,0.05,0.0,,,,600.0,477.0,120.0,95.6,201.0,C,K3,0,,600.0
9633311035,8.8,5.1,1.5,0.11,0.0001,80.0,0.0158,8.8,2880.0,477.0,120.0,95.6,210.0,C,EURO,0,36.0,2880.0
9660090000,4.0,2.0,1.0,0.01,0.0,,,,10000.0,125.0,120.0,110.0,201.0,C,K3,0,,10000.0
9660231001,10.0,24.0,2.5,0.7,0.0006,25.0,0.0195,18.5,650.0,470.0,120.0,95.6,201.0,C,EURO,0,26.0,650.0
9660231011,24.0,9.5,2.5,0.7,0.0006,25.0,0.0137,17.5,500.0,375.0,120.0,110.0,201.0,C,K3,0,20.0,500.0
9660232001,24.0,9.5,2.5,0.74,0.0006,25.0,0.019,18.0,1125.0,497.5,120.0,110.0,201.0,C,K3,0,45.0,1125.0
9660235001,24.0,10.0,2.5,0.76,0.0006,,,,760.0,579.0,120.0,95.6,211.0,C,EURO,0,,760.0
9660290175,17.0,4.0,0.1,0.04,0.0,,,,5000.0,225.0,120.0,110.0,201.0,C,K3,0,,5000.0
9662231000,24.0,9.5,3.0,0.65,0.0007,,,,1080.0,702.0,120.0,81.0,211.0,C,K3,0,,1080.0
9662232000,24.5,10.0,2.5,0.67,0.0006,,,,1216.0,816.0,120.0,95.6,211.0,C,K3,0,,1216.0
9662290175,9.0,3.0,1.0,0.015,0.0,,,,9999.0,9999.0,9999.0,9999.0,201.0,C,K1,0,,9999.0
9663236001,25.0,10.0,3.0,0.7,0.0008,,,,9999.0,9999.0,9999.0,9999.0,211.0,C,K3,0,,9999.0
9664231001,24.0,3.5,2.5,0.77,0.0002,25.0,0.0333,19.25,9999.0,9999.0,120.0,150.0,201.0,C,K3,0,399.96,9999.0
9664236001,24.0,9.5,2.5,0.8,0.0006,25.0,0.0191,20.0,999999.0,9999.0,120.0,120.0,211.0,C,K3,0,39999.96,999999.0
9700000100,7.0,2.0,0.02,0.05,0.0,,,,999999.0,9999.0,120.0,120.0,201.0,B,K3,0,,999999.0
9700090175,17.0,4.0,0.01,0.04,0.0,250.0,0.0131,10.0,999999.0,9999.0,120.0,120.0,207.0,C,K3,0,3999.996,999999.0
9700090176,17.0,2.0,4.0,0.04,0.0001,,,,12000.0,495.0,120.0,150.0,205.0,C,K3,0,,12000.0
9700090177,17.0,4.0,0.5,0.04,0.0,,,,9999.0,9999.0,9999.0,9999.0,205.0,C,K3,0,,9999.0
9700131001,23.5,8.5,2.0,0.79,0.0004,,,,999999.0,9999.0,120.0,120.0,205.0,C,K3,0,,999999.0
9700131002,2.5,9.5,24.0,0.77,0.0006,,,,9999.0,9999.0,9999.0,9999.0,205.0,C,K3,0,,9999.0
9700231001,24.0,10.0,2.0,0.86,0.0005,,,,550.0,475.0,120.0,95.6,207.0,C,EURO,0,,550.0
9700231002,24.0,10.0,2.5,0.86,0.0006,,,,324.0,280.0,120.0,95.6,207.0,C,EURO,0,,324.0
9700235002,24.0,10.0,2.5,0.865,0.0006,,,,800.0,692.0,120.0,50.0,205.0,C,EURO,0,,800.0
9700290175,7.0,2.0,0.1,0.009,0.0,,,,9999.0,9999.0,9999.0,9999.0,207.0,C,K3,0,,9999.0
9700390175,10.0,4.0,0.2,0.31,0.0,,,,9999.0,9999.0,9999.0,9999.0,205.0,C,K2,0,,9999.0
9720090171,26.0,8.0,0.1,0.046,0.0,250.0,0.0128,12.0,29250.0,1360.0,120.0,180.0,205.0,C,K3,0,117.0,29250.0
9720090172,25.0,9.0,2.0,0.04,0.0004,280.0,0.0128,13.0,29120.0,1344.0,120.0,165.6,205.0,C,EURO,0,104.0,29120.0
9720090176,25.0,9.0,2.0,0.004,0.0004,280.0,0.0128,13.0,29120.0,1179.0,120.0,180.0,207.0,C,K3,0,104.0,29120.0
9720090177,17.0,4.0,1.0,0.05,0.0001,,,,9999.0,9999.0,9999.0,9999.0,207.0,C,K3,0,,9999.0
9730200000,26.5,20.0,5.0,0.577,0.0026,,,,700.0,475.0,120.0,110.0,207.0,C,K3,0,,700.0
9730301000,12.0,12.6,6.0,0.22,0.0009,50.0,0.0159,6.81,1200.0,279.0,120.0,100.0,207.0,C,K3,0,24.0,1200.0
9730302000,12.0,6.0,1.5,0.193,0.0001,,,,9999.0,9999.0,9999.0,9999.0,207.0,B,K3,0,,9999.0
9730303000,2.0,6.0,12.0,0.19,0.0001,,,,9999.0,9999.0,9999.0,9999.0,207.0,C,K3,0,,9999.0
9730401000,12.5,12.0,6.0,0.246,0.0009,,,,9999.0,9999.0,9999.0,9999.0,207.0,C,K3,0,,9999.0
9730402000,12.5,11.5,6.0,0.23,0.0009,50.0,0.058,11.5,999999.0,9999.0,120.0,120.0,207.0,B,K3,0,19999.98,999999.0
9730900000,44.0,0.5,0.5,0.01,0.0,,,,60800.0,633.0,120.0,110.0,207.0,C,K3,0,,60800.0
9731701000,6.5,2.0,1.0,0.015,0.0,,,,14400.0,216.0,120.0,20.0,207.0,C,EURO,1,,14400.0
9732102000,9.0,6.0,1.0,0.05,0.0001,,,,9999.0,9999.0,9999.0,9999.0,207.0,B,K3,0,,9999.0
9736003720,34.0,22.0,9.0,1.54,0.0067,7.0,0.0577,10.78,84.0,129.36,120.0,85.5,207.0,C,EURO,0,12.0,84.0
9736005720,34.0,22.5,9.0,1.57,0.0069,7.0,0.0406,4.71,112.0,77.0,120.0,95.6,205.0,C,EURO,0,16.0,112.0
9738003720,22.0,34.0,9.0,1.58,0.0067,7.0,0.0581,11.21,112.0,181.36,120.0,120.6,207.0,C,EURO,0,16.0,112.0
9738005720,34.0,23.0,8.0,1.57,0.0063,7.0,0.0529,10.99,140.0,221.8,120.0,95.6,205.0,C,EURO,0,20.0,140.0
9748601001,2.5,14.0,24.0,1.08,0.0008,,,,600.0,665.0,120.0,110.0,207.0,C,K3,0,,600.0
9748601002,24.0,13.5,2.5,1.082,0.0008,,,,9999.0,9999.0,9999.0,9999.0,207.0,C,K3,0,,9999.0
9750019002,16.5,4.0,0.2,0.06,0.0,,,,9999.0,9999.0,9999.0,9999.0,205.0,C,K3,0,,9999.0
9750019003,17.0,4.0,0.1,0.04,0.0,150.0,0.0078,7.0,9000.0,422.0,120.0,65.6,207.0,C,EURO,0,60.0,9000.0
9750130000,18.0,10.0,2.5,0.33,0.0004,30.0,0.016,10.0,1380.0,485.0,120.0,150.0,207.0,B,EURO,0,46.0,1380.0
9750240000,17.18,10.0,2.5,0.15,0.0004,,,,2100.0,340.0,120.0,110.0,207.0,B,K3,0,,2100.0
9750240001,25.5,7.5,2.5,0.64,0.0005,,,,9999.0,9999.0,9999.0,9999.0,207.0,B,K3,0,,9999.0
9750290000,21.5,7.5,2.0,0.63,0.0003,25.0,0.0005,15.75,250.0,409.0,120.0,95.6,207.0,B,K3,0,10.0,250.0
9751180002,2.5,18.0,2.5,0.39,0.0001,30.0,0.0176,12.3,1080.0,436.0,120.0,100.0,207.0,C,K3,0,36.0,1080.0
9751180005,17.5,10.0,2.5,0.429,0.0004,,,,100.0,527.0,120.0,95.6,207.0,C,EURO,0,,100.0
9751250005,18.0,10.0,2.0,0.4,0.0004,,,,3600.0,1432.0,120.0,135.6,205.0,C,EURO,0,,3600.0
9751260002,17.5,10.0,2.0,0.37,0.0004,,,,1000.0,395.0,120.0,110.0,205.0,C,K3,0,,1000.0
9751260003,18.0,10.0,2.5,0.37,0.0004,,,,1440.0,532.8,120.0,75.0,205.0,C,K3,0,,1440.0
9751410011,24.0,9.0,2.5,0.57,0.0005,20.0,0.0176,11.4,400.0,253.0,120.0,110.0,207.0,C,K3,0,20.0,400.0
9751410012,24.0,9.0,2.5,0.57,0.0005,25.0,0.0168,14.25,9999.0,9999.0,9999.0,9999.0,207.0,C,EURO,0,399.96,9999.0
9751500000,25.0,7.5,2.5,0.64,0.0005,25.0,0.0165,16.0,700.0,473.0,120.0,90.0,207.0,C,K3,0,28.0,700.0
9751500002,25.5,7.5,2.5,0.578,0.0005,,,,950.0,500.0,120.0,110.0,207.0,C,K3,0,,950.0
9751500003,26.0,7.5,2.5,0.6,0.0005,25.0,0.0175,15.0,800.0,472.0,120.0,85.6,207.0,C,EURO,0,32.0,800.0
9751500005,25.4,7.5,2.4,0.53,0.0005,25.0,0.0175,13.25,875.0,488.75,120.0,100.0,207.0,C,K3,0,35.0,875.0
9751500006,25.0,7.0,2.0,0.55,0.0004,12.0,0.0168,6.0,1000.0,999.0,120.0,150.0,207.0,C,K3,0,83.3333,1000.0
9751500009,2.5,7.5,25.5,0.52,0.0005,,,,890.0,488.0,120.0,90.0,207.0,C,K3,0,,890.0
9751610002,28.5,14.0,3.0,1.05,0.0012,12.0,0.018,13.0,800.0,472.0,120.0,85.6,207.0,C,EURO,0,66.6667,800.0
9751620001,17.5,10.0,2.5,0.39,0.0004,30.0,0.0176,11.92,5940.0,2308.0,120.0,85.6,207.0,C,EURO,0,198.0,5940.0
9751620002,18.0,10.0,2.5,0.39,0.0004,,,,1200.0,493.0,120.0,90.0,207.0,C,K3,0,,1200.0
9751620003,18.0,10.0,3.0,0.4,0.0005,,,,9999.0,9999.0,9999.0,9999.0,210.0,C,K1,0,,9999.0
9751620004,2.5,18.0,10.0,0.42,0.0004,30.0,0.0176,13.0,1080.0,493.0,120.0,110.0,207.0,C,K3,0,36.0,1080.0
9751620009,17.5,10.0,2.5,0.35,0.0004,,,,9999.0,9999.0,9999.0,9999.0,207.0,C,K3,0,,9999.0
9751620010,17.5,10.0,2.5,0.421,0.0004,,,,200.0,527.0,120.0,95.6,207.0,C,EURO,0,,200.0
9751620013,18.0,10.0,2.5,0.41,0.0004,,,,1100.0,476.0,120.0,100.0,207.0,C,K3,0,,1100.0
9751620014,2.5,10.0,17.5,0.43,0.0004,,,,9999.0,9999.0,9999.0,9999.0,205.0,C,K3,0,,9999.0
9751660006,21.0,12.0,2.5,0.55,0.0006,25.0,0.0176,14.0,675.0,380.0,120.0,70.6,207.0,C,EURO,0,27.0,675.0
9751660007,21.0,12.0,25.0,0.56,0.0063,,,,1000.0,562.0,120.0,95.6,207.0,C,EURO,0,,1000.0
9751660008,21.0,12.0,2.5,0.57,0.0006,,,,790.0,475.0,120.0,110.0,205.0,C,K3,0,,790.0
9751670007,28.5,10.0,3.0,0.73,0.0009,,,,9999.0,9999.0,9999.0,9999.0,207.0,C,K3,0,,9999.0
9751690001,2.5,24.0,9.0,0.45,0.0005,25.0,0.0005,10.75,8250.0,163.0,120.0,100.0,207.0,C,K3,0,330.0,8250.0
9753010001,28.0,6.5,2.5,0.6,0.0005,,,,9999.0,9999.0,9999.0,9999.0,205.0,C,K3,0,,9999.0
9753010002,25.5,7.5,2.5,0.6,0.0005,,,,9999.0,9999.0,9999.0,9999.0,205.0,C,K1,0,,9999.0
9753010004,25.0,7.5,2.5,0.623,0.0005,,,,9999.0,9999.0,9999.0,9999.0,207.0,C,K3,0,,9999.0
9753010007,25.5,7.5,2.5,0.707,0.0005,,,,9999.0,9999.0,9999.0,9999.0,205.0,C,K3,0,,9999.0
9753010008,28.0,6.5,2.5,0.7,0.0005,25.0,0.0183,17.5,550.0,382.0,120.0,65.6,205.0,C,EURO,0,22.0,550.0
9753010009,25.0,7.5,2.5,0.74,0.0005,25.0,0.0176,25.0,500.0,477.0,120.0,95.6,207.0,C,EURO,0,20.0,500.0
9753010010,25.5,7.5,2.5,0.79,0.0005,,,,880.0,695.2,120.0,55.0,205.0,C,EURO,0,,880.0
9753010012,25.5,7.5,2.5,0.64,0.0005,,,,500.0,345.0,120.0,110.0,205.0,C,K3,0,,500.0
9753010020,25.0,7.5,2.5,0.8,0.0005,25.0,0.018,20.0,1000.0,825.0,120.0,110.0,207.0,C,EURO,0,40.0,1000.0
9856049,14.0,10.0,11.0,2.0,0.0015,10.0,0.0208,15.0,300.0,477.0,120.0,95.6,207.0,A,EURO,0,30.0,300.0
9856050,14.0,10.0,11.0,1.95,0.0015,10.0,0.0198,16.0,300.0,477.0,120.0,88.6,207.0,A,EURO,0,30.0,300.0
9856053,14.0,10.5,11.0,1.9,0.0016,10.0,0.0198,19.34,250.0,477.0,120.0,95.6,207.0,B,EURO,0,25.0,250.0
9856054,14.5,10.5,11.0,1.9,0.0017,10.0,0.0198,19.0,250.0,452.0,120.0,85.6,207.0,B,EURO,0,25.0,250.0
9856097,14.0,10.0,11.0,2.15,0.0015,10.0,0.0194,21.0,270.0,567.0,120.0,66.0,207.0,A,EURO,0,27.0,270.0
9856098,14.0,20.0,11.0,2.15,0.0031,140.0,0.0196,303.88,280.0,577.0,120.0,135.6,207.0,B,EURO,0,2.0,280.0
9857021,7.0,7.0,13.0,0.7,0.0006,40.0,0.0293,29.0,640.0,489.0,120.0,100.0,201.0,B,K3,0,16.0,640.0
9857024,13.0,7.0,6.5,0.71,0.0006,18.0,0.0212,12.78,432.0,307.7,120.0,100.0,201.0,A,,0,24.0,432.0
9857025,13.0,7.0,6.5,0.66,0.0006,,,,1000.0,705.0,120.0,110.0,201.0,B,K3,0,,1000.0
9858022,12.5,7.0,6.0,0.72,0.0005,18.0,0.0209,12.96,324.0,343.0,120.0,95.6,201.0,A,EURO,0,18.0,324.0
9858023,13.0,7.0,7.0,0.72,0.0006,18.0,0.0218,12.96,720.0,520.4,120.0,95.6,201.0,A,,0,40.0,720.0
9869114251,28.5,6.5,3.0,0.5,0.0006,,,,999999.0,9999.0,120.0,120.0,207.0,A,K3,0,,999999.0
9869114252,28.5,7.0,3.0,0.46,0.0006,10.0,0.0168,5.0,400.0,225.0,120.0,110.0,207.0,A,K3,0,40.0,400.0
9869114301,28.0,6.5,2.5,0.49,0.0005,25.0,0.0168,12.25,1000.0,500.0,120.0,120.0,207.0,A,K3,0,40.0,1000.0
9869114302,28.0,7.0,2.5,0.5,0.0005,25.0,0.0176,13.0,675.0,376.0,120.0,90.0,207.0,A,K3,0,27.0,675.0
9869114351,28.0,3.0,6.5,0.5,0.0005,25.0,0.016,13.0,900.0,493.0,120.0,150.0,207.0,A,K3,0,36.0,900.0
9869114352,28.0,6.5,2.5,0.51,0.0005,25.0,0.0214,12.75,450.0,254.5,120.0,110.0,207.0,A,K3,0,18.0,450.0
9869114401,28.0,7.0,3.0,0.54,0.0006,25.0,0.018,13.5,500.0,295.0,120.0,110.0,207.0,A,K3,0,20.0,500.0
9869114402,28.0,7.0,2.0,0.5,0.0004,25.0,0.0175,12.5,675.0,362.5,120.0,120.0,207.0,A,K3,0,27.0,675.0
9869131401,28.5,6.5,3.0,0.52,0.0006,25.0,0.0187,11.44,1350.0,500.0,120.0,120.0,207.0,A,K3,0,54.0,1350.0
9869134251,26.0,3.0,5.0,0.43,0.0004,,,,3120.0,1333.0,120.0,135.6,207.0,C,EURO,0,,3120.0
9869134252,24.7,4.0,2.5,0.42,0.0002,21.0,0.0133,9.0,10017.0,9999.0,9999.0,9999.0,207.0,C,K3,0,477.0,10017.0
9869190111,16.5,4.5,0.01,0.04,0.0,150.0,0.0128,8.0,4500.0,475.0,120.0,100.0,207.0,B,EURO,0,30.0,4500.0
9869190112,16.0,4.5,0.02,0.05,0.0,,,,8000.0,425.0,120.0,80.0,207.0,C,K3,0,,8000.0
9874114251,28.0,6.5,2.5,0.5,0.0005,10.0,0.0183,12.5,9999.0,9999.0,9999.0,9999.0,207.0,B,K3,0,999.9,9999.0
9874114252,6.5,28.0,3.0,0.48,0.0005,,,,1152.0,552.96,120.0,96.0,207.0,B,EURO,0,,1152.0
9874114301,28.0,6.5,3.0,0.5,0.0005,10.0,0.018,12.5,9999.0,9999.0,9999.0,9999.0,207.0,C,K3,0,999.9,9999.0
9874114302,6.5,28.5,3.0,0.51,0.0006,,,,9999.0,9999.0,9999.0,9999.0,207.0,C,K3,0,,9999.0
9874114351,28.0,6.5,2.5,0.53,0.0005,25.0,0.0168,13.25,900.0,477.0,120.0,84.0,205.0,C,EURO,0,36.0,900.0
9874114352,28.0,7.0,3.0,0.5,0.0006,10.0,0.0175,13.0,9999.0,9999.0,9999.0,9999.0,207.0,C,K3,0,999.9,9999.0
9874114401,28.0,6.5,2.5,0.5,0.0005,,,,20.0,35.0,120.0,110.0,205.0,C,EURO,0,,20.0
9874114402,28.5,6.8,3.0,0.6,0.0006,,,,9999.0,9999.0,9999.0,9999.0,205.0,C,K3,0,,9999.0
9879114251,28.0,6.5,2.5,0.518,0.0005,,,,900.0,491.0,120.0,90.0,207.0,B,K3,0,,900.0
9879114252,28.0,6.5,2.5,0.46,0.0005,10.0,0.0169,11.5,360.0,439.0,120.0,110.0,207.0,B,K3,0,36.0,360.0
9879114301,28.5,7.0,3.0,0.5,0.0006,,,,1000.0,515.0,120.0,110.0,207.0,B,K3,0,,1000.0
9879114302,28.5,7.0,9.0,0.49,0.0018,,,,9999.0,9999.0,9999.0,9999.0,207.0,B,K3,0,,9999.0
9879114351,28.0,6.5,2.5,0.5,0.0005,,,,940.0,495.0,120.0,100.0,207.0,B,K3,0,,940.0
9879114352,28.5,6.5,2.5,0.518,0.0005,,,,9999.0,9999.0,9999.0,9999.0,207.0,B,K3,0,,9999.0
9879114401,28.0,6.7,2.7,0.55,0.0005,,,,500.0,300.0,120.0,110.0,207.0,C,K3,0,,500.0
9879114402,28.0,6.7,2.7,0.54,0.0005,,,,850.0,484.0,120.0,100.0,207.0,C,K3,0,,850.0
9950090120,19.5,2.5,0.5,0.079,0.0,,,,1000.0,104.0,120.0,110.0,207.0,C,K3,0,,1000.0
9960090170,19.5,2.0,0.01,0.07,0.0,250.0,0.0136,17.5,6000.0,500.0,120.0,150.0,207.0,A,K3,0,24.0,6000.0
9960107001,28.0,6.5,2.5,0.52,0.0005,25.0,0.0168,13.0,1000.0,522.0,120.0,95.6,207.0,A,EURO,0,40.0,1000.0
9960107011,28.0,6.5,2.5,0.545,0.0005,,,,9999.0,9999.0,9999.0,9999.0,205.0,C,K3,0,,9999.0
9960108001,24.5,4.0,2.5,0.49,0.0002,25.0,0.0173,12.25,9999.0,9999.0,9999.0,9999.0,207.0,C,K3,0,399.96,9999.0
9960207001,28.5,6.5,3.0,0.5,0.0006,25.0,0.0192,14.0,1125.0,630.0,120.0,120.0,207.0,A,EURO,0,45.0,1125.0
9960207011,28.0,6.5,2.5,0.584,0.0005,,,,9999.0,9999.0,9999.0,9999.0,205.0,C,K3,0,,9999.0
9960208001,28.0,6.0,3.0,0.56,0.0005,25.0,0.0182,14.0,9999.0,9999.0,9999.0,9999.0,207.0,C,K3,0,399.96,9999.0
9960208301,29.0,6.5,3.0,0.6,0.0006,,,,400.0,242.0,120.0,95.6,207.0,C,EURO,0,,400.0
9960307001,28.0,6.5,3.0,0.6,0.0005,25.0,0.0171,15.0,675.0,377.0,120.0,95.6,207.0,A,EURO,0,27.0,675.0
9960307011,28.0,6.5,2.5,0.61,0.0005,35.0,0.0358,21.35,700.0,452.0,120.0,110.0,205.0,C,K3,0,20.0,700.0
9960308001,28.0,2.5,6.5,0.6,0.0005,25.0,0.0183,15.0,800.0,495.0,120.0,100.0,207.0,C,K3,0,32.0,800.0
9960308301,28.0,7.0,3.0,0.61,0.0006,25.0,0.0168,15.25,1125.0,688.25,120.0,95.6,207.0,B,EURO,0,45.0,1125.0
9960407001,28.0,6.5,3.0,0.63,0.0005,25.0,0.0183,15.75,725.0,458.75,120.0,85.6,207.0,A,EURO,0,29.0,725.0
9960407006,28.0,6.5,2.5,0.66,0.0005,,,,1090.0,719.0,120.0,57.5,205.0,C,K3,0,,1090.0
9960407011,28.0,7.0,3.0,0.7,0.0006,25.0,0.0173,17.5,500.0,352.0,120.0,95.6,207.0,B,EURO,0,20.0,500.0
9960407016,24.0,5.5,2.15,0.59,0.0003,10.0,0.0005,5.9,1000.0,999.0,120.0,150.0,207.0,C,K3,0,100.0,1000.0
9960408001,28.0,7.0,2.5,0.63,0.0005,,,,880.0,554.4,120.0,50.0,207.0,C,EURO,0,,880.0
9960408301,28.0,6.5,3.0,0.64,0.0005,,,,20.0,37.8,120.0,110.0,205.0,C,EURO,0,,20.0
9960507001,28.0,2.9,6.0,0.67,0.0005,25.0,0.0177,17.0,1350.0,896.0,120.0,135.6,207.0,A,EURO,0,54.0,1350.0
9960508001,28.0,6.5,3.0,0.667,0.0005,,,,9999.0,9999.0,9999.0,9999.0,207.0,C,EURO,0,,9999.0
9962107001,28.5,6.5,2.5,0.44,0.0005,25.0,0.0175,11.0,1050.0,487.0,120.0,100.0,207.0,B,EURO,0,42.0,1050.0
9962207001,28.0,6.5,3.0,0.47,0.0005,25.0,0.0175,12.0,800.0,409.0,120.0,100.0,207.0,B,K3,0,32.0,800.0
9962307001,28.5,7.0,3.0,0.49,0.0006,25.0,0.0186,12.25,950.0,490.5,120.0,110.0,207.0,A,K3,0,38.0,950.0
9962407001,28.0,6.5,3.0,0.5,0.0005,25.0,0.018,12.5,9999.0,999.0,120.0,100.0,207.0,A,K3,0,399.96,9999.0
9962507001,28.0,3.0,6.5,0.58,0.0005,25.0,0.0175,13.75,900.0,492.0,120.0,100.0,207.0,B,K3,0,36.0,900.0
9963107001,28.0,7.0,3.0,0.47,0.0006,,,,9999.0,9999.0,9999.0,9999.0,207.0,C,K3,0,,9999.0
9963207001,28.0,6.5,2.5,0.49,0.0005,25.0,0.0175,12.5,925.0,487.5,120.0,110.0,207.0,C,K3,0,37.0,925.0
9963307001,28.0,3.0,7.0,0.52,0.0006,25.0,0.018,10.76,900.0,483.0,120.0,100.0,207.0,B,K3,0,36.0,900.0
9963407001,28.0,7.0,3.0,0.55,0.0006,25.0,0.0173,12.5,9999.0,999.0,120.0,100.0,207.0,C,K3,0,399.96,9999.0
9963507001,28.0,7.0,2.5,0.57,0.0005,25.0,0.0176,14.25,999999.0,9999.0,120.0,120.0,207.0,A,K3,0,39999.96,999999.0
9964107000,28.0,6.5,2.5,0.29,0.0005,25.0,0.0169,7.25,500.0,170.0,120.0,110.0,207.0,A,EURO,0,20.0,500.0
9964127000,28.0,3.0,6.0,0.3,0.0005,25.0,0.0176,7.5,2048.0,606.0,120.0,165.6,207.0,C,EURO,0,81.92,2048.0
9964207000,28.0,6.5,3.0,0.31,0.0005,25.0,0.0176,7.75,9999.0,999.0,120.0,100.0,207.0,B,K3,0,399.96,9999.0
9964227000,28.0,6.5,2.5,0.3,0.0005,25.0,0.017,7.5,900.0,270.0,120.0,88.0,207.0,C,EURO,0,36.0,900.0
9964307000,28.5,6.5,3.0,0.33,0.0006,25.0,0.0173,8.25,900.0,297.0,120.0,86.5,207.0,B,EURO,0,36.0,900.0
9964327000,28.0,2.5,6.5,0.39,0.0005,25.0,0.0186,9.0,900.0,298.0,120.0,85.6,207.0,C,EURO,0,36.0,900.0
9964407000,28.0,6.5,2.7,0.36,0.0005,25.0,0.0175,9.0,300.0,133.0,120.0,100.0,207.0,C,K3,0,12.0,300.0
9964427000,28.0,3.0,6.5,0.36,0.0005,25.0,0.0166,9.0,1400.0,496.0,120.0,135.6,207.0,C,EURO,0,56.0,1400.0
9964507000,28.0,2.5,6.5,0.39,0.0005,25.0,0.0186,9.75,900.0,376.0,120.0,110.0,207.0,C,K3,0,36.0,900.0
9964527000,17.0,6.5,2.5,0.39,0.0003,25.0,0.0106,9.75,1200.0,470.0,120.0,65.6,207.0,C,EURO,0,48.0,1200.0
9965107000,28.0,6.5,3.0,0.432,0.0005,,,,9999.0,9999.0,9999.0,9999.0,207.0,B,K3,0,,9999.0
9965207000,28.0,7.0,3.0,0.5,0.0006,,,,1188.0,594.0,120.0,81.0,207.0,C,EURO,0,,1188.0
9965307000,3.0,28.0,6.5,0.5,0.0005,24.0,0.0196,12.0,768.0,386.0,120.0,95.6,207.0,C,EURO,0,32.0,768.0
9965407000,28.5,6.5,3.0,0.2,0.0006,,,,9999.0,9999.0,9999.0,9999.0,207.0,C,K3,0,,9999.0
9965507000,28.0,7.0,3.0,0.63,0.0006,,,,740.0,468.0,120.0,85.6,207.0,C,EURO,0,,740.0
9966207000,28.0,6.5,3.0,0.62,0.0005,25.0,0.0177,15.5,750.0,490.0,120.0,110.0,207.0,B,K3,0,30.0,750.0
9966307000,28.0,6.5,2.5,0.653,0.0005,,,,768.0,501.504,120.0,40.0,207.0,C,EURO,0,,768.0
9966407000,28.0,6.5,2.5,0.672,0.0005,,,,706.0,499.432,120.0,110.0,207.0,C,K3,0,,706.0
9966507000,28.0,6.5,3.0,0.702,0.0005,,,,9999.0,9999.0,9999.0,9999.0,205.0,C,K1,0,,9999.0
9967207001,28.0,7.0,2.5,0.58,0.0005,25.0,0.0169,14.5,999999.0,9999.0,120.0,120.0,207.0,B,K3,0,39999.96,999999.0
9967207201,28.0,6.5,2.5,0.58,0.0005,25.0,0.0172,14.5,800.0,489.0,120.0,120.0,207.0,C,K3,0,32.0,800.0
9967207202,28.0,7.0,2.5,0.6,0.0005,25.0,0.0175,15.0,500.0,325.0,120.0,110.0,207.0,B,K3,0,20.0,500.0
9967208001,28.0,7.0,2.5,0.58,0.0005,25.0,0.018,14.5,800.0,489.0,120.0,100.0,207.0,B,K3,0,32.0,800.0
9967208201,28.0,7.0,3.0,0.58,0.0006,25.0,0.0176,14.5,500.0,292.0,120.0,95.6,207.0,B,EURO,0,20.0,500.0
9967208202,28.0,6.5,2.5,0.6,0.0005,25.0,0.0175,15.0,500.0,325.0,120.0,110.0,207.0,C,K3,0,20.0,500.0
9967307001,28.0,7.0,3.0,0.62,0.0006,10.0,0.018,15.5,270.0,450.0,120.0,110.0,207.0,B,K3,0,27.0,270.0
9967307201,28.0,7.0,3.0,0.62,0.0006,25.0,0.0172,15.5,675.0,443.5,120.0,100.0,207.0,B,K3,0,27.0,675.0
9967307202,28.0,6.5,2.5,0.6,0.0005,25.0,0.0175,15.0,750.0,475.0,120.0,110.0,207.0,B,K3,0,30.0,750.0
9967308001,28.5,6.5,3.0,0.61,0.0006,25.0,0.0174,15.25,675.0,413.0,120.0,95.6,207.0,B,EURO,0,27.0,675.0
9967308201,28.0,6.5,2.5,0.62,0.0005,25.0,0.0173,15.5,450.0,427.0,120.0,65.6,207.0,B,K3,0,18.0,450.0
9967308202,28.0,6.5,3.0,0.6,0.0005,25.0,0.0176,15.0,400.0,325.0,120.0,110.0,207.0,B,EURO,0,16.0,400.0
9967407001,28.0,7.0,3.0,0.6,0.0006,25.0,0.0179,15.0,750.0,452.0,120.0,85.6,207.0,C,EURO,0,30.0,750.0
9967407201,28.0,6.5,3.0,0.46,0.0005,25.0,0.0172,11.5,900.0,416.0,120.0,95.6,207.0,C,EURO,0,36.0,900.0
9967407202,28.0,6.5,2.5,0.5,0.0005,25.0,0.0168,12.5,900.0,475.0,120.0,110.0,207.0,C,K3,0,36.0,900.0
9967408001,28.5,6.5,2.5,0.656,0.0005,,,,9999.0,9999.0,9999.0,9999.0,207.0,C,K3,0,,9999.0
9967408201,3.0,28.0,6.5,0.66,0.0005,25.0,0.0144,17.0,2400.0,1599.0,120.0,150.0,205.0,C,K3,0,96.0,2400.0
9967408202,28.0,7.0,3.0,0.65,0.0006,,,,500.0,327.0,120.0,95.6,207.0,C,EURO,0,,500.0
9967507001,28.0,6.5,2.5,0.69,0.0005,25.0,0.0173,17.25,675.0,490.75,120.0,120.0,207.0,C,K3,0,27.0,675.0
9967507201,28.0,6.5,3.0,0.7,0.0005,27.0,0.0171,18.0,729.0,500.0,120.0,90.0,207.0,B,K3,0,27.0,729.0
9967507202,28.0,7.0,3.0,0.7,0.0006,,,,650.0,240.0,120.0,90.0,207.0,B,K3,0,,650.0
9967508001,28.0,6.5,2.5,0.69,0.0005,25.0,0.0172,17.25,500.0,347.0,120.0,95.6,207.0,C,EURO,0,20.0,500.0
9967508201,28.0,7.0,3.0,0.69,0.0006,,,,20.0,38.8,120.0,110.0,207.0,C,EURO,0,,20.0
9967508202,28.0,6.5,3.0,0.7,0.0005,25.0,0.0179,17.5,500.0,375.0,120.0,110.0,205.0,C,K3,0,20.0,500.0
9968107000,28.0,6.5,3.0,0.535,0.0005,,,,800.0,453.0,120.0,110.0,207.0,B,K3,0,,800.0
9968207000,28.0,7.0,3.0,0.596,0.0006,,,,9999.0,9999.0,9999.0,9999.0,207.0,C,K3,0,,9999.0
9968307000,28.0,7.0,3.0,0.61,0.0006,,,,754.0,485.0,120.0,50.0,207.0,B,K3,0,,754.0
9968407000,28.5,6.5,3.0,0.43,0.0006,,,,100.0,45.0,120.0,95.6,207.0,C,EURO,0,,100.0
9968507000,28.0,6.5,2.5,0.68,0.0005,25.0,0.0175,17.0,9999.0,9999.0,9999.0,9999.0,207.0,C,K3,0,399.96,9999.0
9969207000,26.5,11.0,2.5,0.6,0.0007,25.0,0.0285,15.0,999.0,999.0,120.0,110.0,207.0,B,K3,0,39.96,999.0
9969207100,28.5,6.5,3.0,0.606,0.0006,,,,40.0,527.0,120.0,95.6,207.0,C,EURO,0,,40.0
9969307000,26.5,11.0,2.5,0.66,0.0007,25.0,0.0265,15.0,500.0,355.0,120.0,110.0,207.0,A,K3,0,20.0,500.0
9969307100,10.0,24.0,2.5,0.8,0.0006,25.0,0.0196,23.0,1600.0,1464.0,120.0,165.6,207.0,C,EURO,0,64.0,1600.0
9969407000,28.5,11.0,2.5,0.696,0.0008,,,,9999.0,9999.0,9999.0,9999.0,207.0,C,K3,0,,9999.0
9969407100,28.0,7.0,3.0,0.65,0.0006,,,,9999.0,9999.0,9999.0,9999.0,207.0,C,K3,0,,9999.0
9969507000,26.5,11.0,2.5,0.72,0.0007,,,,9999.0,9999.0,9999.0,9999.0,207.0,C,K3,0,,9999.0
9969507100,28.0,7.0,3.0,0.07,0.0006,,,,9999.0,9999.0,9999.0,9999.0,207.0,C,K3,0,,9999.0
A000042046,32.8,24.3,23.0,6.1,0.0183,,,,45.0,251.5,120.0,100.6,203.0,C,EURO,1,,45.0
A000071180,51.0,3.2,2.1,0.552,0.0003,10.0,0.0116,7.5,660.0,347.0,120.0,105.6,203.0,A,EURO,0,66.0,660.0
A000071181,54.0,3.2,2.1,0.552,0.0004,10.0,0.012,5.0,770.0,385.0,120.0,103.4,203.0,A,EURO,0,77.0,770.0
A000071182,54.0,3.2,2.1,0.552,0.0004,10.0,0.0121,7.221,560.0,404.376,120.0,80.0,203.0,C,EURO,0,56.0,560.0
A000071190,31.2,3.8,3.5,0.74,0.0004,10.0,0.0073,7.552,720.0,543.774,120.0,76.0,203.0,B,EURO,0,72.0,720.0
A000071191,31.2,3.8,3.5,0.74,0.0004,10.0,0.0069,7.605,810.0,616.05,120.0,81.0,203.0,A,EURO,0,81.0,810.0
A000071193,31.2,3.8,3.5,0.74,0.0004,10.0,0.0069,7.605,900.0,684.45,120.0,79.1,203.0,B,EURO,0,90.0,900.0
A000071258,8.0,4.5,1.3,0.058,0.0,100.0,0.0229,6.89,3600.0,248.04,120.0,116.4,203.0,C,K2,0,36.0,3600.0
A000071259,3.7,2.5,1.7,0.02,0.0,3.0,0.0016,0.118,2070.0,106.42,120.0,130.0,203.0,B,K3,0,690.0,2070.0
A000084787,21.0,6.0,1.0,0.35,0.0001,,,,9999.0,9999.0,9999.0,9999.0,207.0,C,K3,0,,9999.0
A000084792,6.5,32.5,4.0,0.95,0.0008,,,,9999.0,9999.0,9999.0,9999.0,207.0,C,K3,0,,9999.0
A000084797,28.5,12.5,3.0,1.2,0.0011,10.0,0.0156,12.0,400.0,505.0,120.0,110.0,207.0,C,K3,0,40.0,400.0
A000084798,28.5,12.5,3.0,1.1,0.0011,1.0,0.0011,1.1,9999.0,1.1,28.5,3.0,207.0,C,K3,0,9999.0,9999.0
A000126955,17.0,6.5,4.5,0.26,0.0005,50.0,0.0308,11.0,1200.0,266.0,120.0,105.6,203.0,C,EURO,0,24.0,1200.0
A000127006,9.0,14.0,10.0,0.98,0.0013,24.0,0.0371,22.82,432.0,393.0,120.0,85.6,102.0,C,EURO,0,18.0,432.0
A000127007,9.0,14.0,10.0,0.98,0.0013,24.0,0.0371,20.0,480.0,402.0,120.0,85.6,102.0,C,EURO,0,20.0,480.0
A000127008,15.5,10.0,5.0,0.9,0.0008,25.0,0.0254,25.0,56.0,722.0,120.0,95.6,201.0,C,EURO,0,2.24,56.0
A000127009,16.0,10.0,5.0,0.92,0.0008,25.0,0.0344,23.0,500.0,485.0,120.0,110.0,201.0,C,K3,0,20.0,500.0
A000127032,11.4,4.9,2.3,0.19,0.0001,75.0,0.0155,14.3,6000.0,1132.0,120.0,135.6,203.0,C,EURO,0,80.0,6000.0
A000127033,2.5,11.0,2.0,0.1,0.0001,150.0,0.013,15.0,14400.0,1455.0,120.0,150.0,203.0,C,EURO,0,96.0,14400.0
A000127130,38.0,5.0,6.5,0.69,0.0012,2.0,0.0156,2.88,72.0,477.0,120.0,95.6,207.0,C,EURO,0,36.0,72.0
A000127131,40.0,22.5,17.0,2.47,0.0153,2.0,0.016,2.51,120.0,164.0,120.0,95.6,207.0,C,EURO,0,60.0,120.0
A000127134,7.0,4.5,0.01,0.02,0.0,250.0,0.0034,5.0,22500.0,452.0,120.0,65.6,203.0,C,EURO,0,90.0,22500.0
A000127135,7.0,2.0,0.01,0.01,0.0,250.0,0.0033,2.5,45000.0,475.0,120.0,110.0,203.0,C,EURO,0,180.0,45000.0
A000127136,12.5,4.5,0.01,0.03,0.0,250.0,0.0029,7.5,10000.0,325.0,120.0,80.0,203.0,C,K3,0,40.0,10000.0
A000127409,17.0,6.0,5.0,0.35,0.0005,50.0,0.032,15.5,1200.0,374.0,120.0,110.6,203.0,B,EURO,0,24.0,1200.0
A000127421,29.0,13.0,6.0,0.3,0.0023,5.0,0.0151,1.725,150.0,51.75,120.0,80.0,207.0,C,EURO,0,30.0,150.0
A000127587,8.0,3.0,2.0,0.5,0.0,,,,920.0,485.0,120.0,90.0,207.0,C,EURO,0,,920.0
A000127627,12.5,9.5,4.0,0.138,0.0005,,,,1500.0,232.0,120.0,110.0,207.0,B,K3,0,,1500.0
A000127664,10.5,10.5,4.5,0.34,0.0005,,,,1300.0,444.0,120.0,95.6,207.0,C,EURO,0,,1300.0
A000128105,9.5,7.0,3.0,0.44,0.0002,,,,1500.0,625.0,120.0,100.0,205.0,B,K3,0,,1500.0
A000128171,22.0,16.0,9.0,1.09,0.0032,,,,250.0,269.5,120.0,95.6,205.0,C,EURO,0,,250.0
A000130003,27.0,3.0,0.2,0.1,0.0,,,,1000.0,125.0,120.0,110.0,207.0,C,K3,0,,1000.0
A000130012,0.3,2.5,25.0,0.1,0.0,,,,9999.0,9999.0,9999.0,9999.0,207.0,B,K3,0,,9999.0
A000130210,25.0,3.0,0.3,0.1,0.0,,,,7904.0,815.0,120.0,110.0,207.0,C,K3,0,,7904.0
A000130221,9.0,3.3,2.7,0.12,0.0001,,,,1000.0,145.0,120.0,110.0,205.0,C,K3,0,,1000.0
A000130225,3.0,3.5,9.5,0.12,0.0001,,,,9999.0,9999.0,9999.0,9999.0,207.0,B,K3,0,,9999.0
A000130233,9.5,2.5,3.5,0.15,0.0001,,,,9999.0,9999.0,9999.0,9999.0,205.0,C,K3,0,,9999.0
A000130236,10.0,3.0,3.0,0.12,0.0001,1.0,0.012,6.0,,,,,205.0,C,K3,0,,
A000130254,3.5,9.5,2.5,0.15,0.0001,,,,9999.0,9999.0,9999.0,9999.0,207.0,C,K3,0,,9999.0
A000130255,9.5,3.3,2.7,0.15,0.0001,,,,3100.0,490.0,120.0,110.0,207.0,C,K3,0,,3100.0
A000130265,4.0,2.0,1.5,0.2,0.0,,,,100.0,45.0,120.0,110.0,205.0,C,,0,,100.0
A000130270,13.0,4.0,2.5,0.14,0.0001,,,,3300.0,487.0,120.0,110.0,207.0,C,K3,0,,3300.0
A000130342,28.0,5.0,3.0,0.66,0.0004,,,,1280.0,869.0,120.0,110.0,207.0,C,K3,0,,1280.0
A000130343,28.5,5.5,3.0,0.66,0.0005,1.0,0.0005,0.66,9999.0,0.66,28.5,3.0,207.0,C,K3,0,9999.0,9999.0
A000130406,9.5,3.5,3.0,0.15,0.0001,,,,4800.0,745.0,120.0,110.0,207.0,C,K3,0,,4800.0
A000130414,12.0,4.0,2.5,0.4,0.0001,,,,100.0,65.0,120.0,110.0,207.0,C,K3,0,,100.0
A000130415,9.5,3.5,2.5,0.12,0.0001,,,,6600.0,817.0,120.0,110.0,207.0,C,K3,0,,6600.0
A000130416,9.5,3.5,2.5,0.22,0.0001,,,,3168.0,721.0,120.0,110.0,205.0,C,K3,0,,3168.0
A000130423,26.0,4.0,3.0,0.02,0.0003,1.0,0.012,6.0,,,,,207.0,C,K3,0,,
A000130453,9.5,3.5,3.0,0.16,0.0001,,,,9999.0,999.0,120.0,100.0,205.0,C,K3,0,,9999.0
A000130459,3.5,9.5,3.0,0.16,0.0001,,,,9999.0,9999.0,9999.0,9999.0,207.0,B,K3,0,,9999.0
A000130478,5.0,15.0,4.0,0.61,0.0003,,,,9999.0,9999.0,9999.0,9999.0,207.0,C,K3,0,,9999.0
A000130511,13.0,4.0,3.0,0.27,0.0002,,,,5940.0,1628.8,120.0,110.0,205.0,C,K1,0,,5940.0
A000130539,25.5,5.0,4.0,0.4,0.0005,,,,1280.0,512.0,120.0,80.0,205.0,C,K3,0,,1280.0
A000130543,10.0,3.5,3.0,0.22,0.0001,,,,1000.0,245.0,120.0,110.0,205.0,C,K3,0,,1000.0
A000130555,9.5,3.5,3.0,0.21,0.0001,,,,2200.0,487.0,120.0,110.0,205.0,C,K3,0,,2200.0
A000130625,4.5,1.0,2.5,0.11,0.0,,,,9999.0,9999.0,9999.0,9999.0,207.0,C,K3,0,,9999.0
A000130626,4.5,1.0,2.5,0.11,0.0,,,,9999.0,9999.0,9999.0,9999.0,207.0,C,K3,0,,9999.0
A000130659,25.0,4.0,3.0,0.2,0.0003,,,,2300.0,485.0,120.0,110.0,205.0,C,K3,0,,2300.0
A000130948,26.6,4.5,4.4,3.46,0.0005,,,,100.0,371.0,120.0,110.0,205.0,C,K3,0,,100.0
A000130980,21.2,6.1,3.5,0.71,0.0005,,,,1000.0,710.0,120.0,56.0,205.0,C,K3,0,,1000.0
A000131031,16.5,5.5,2.8,0.58,0.0003,,,,818.0,500.0,120.0,110.0,205.0,C,K3,0,,818.0
A000131032,16.0,5.5,3.0,0.57,0.0003,,,,2156.0,1232.0,120.0,110.0,205.0,C,K3,0,,2156.0
A000131042,10.0,3.0,4.0,0.2,0.0001,,,,9999.0,9999.0,9999.0,9999.0,207.0,B,K3,0,,9999.0
A000131045,7.7,3.2,2.0,0.19,0.0,,,,4406.0,862.0,120.0,110.0,205.0,C,K3,0,,4406.0
A000131046,3.5,9.5,2.5,0.2,0.0001,,,,9999.0,9999.0,9999.0,9999.0,207.0,C,K3,0,,9999.0
A000131126,2.0,3.5,16.5,0.15,0.0001,,,,3000.0,475.0,120.0,110.0,205.0,C,K3,0,,3000.0
A000131151,25.0,3.5,2.5,0.29,0.0002,3.0,0.009,0.87,15.0,29.35,120.0,110.0,207.0,C,K3,0,5.0,15.0
A000131217,31.0,4.5,3.5,0.21,0.0005,,,,1377.0,315.0,120.0,110.0,205.0,C,K3,0,,1377.0
A000131258,39.5,34.0,12.0,3.11,0.0161,,,,72.0,223.92,120.0,84.0,205.0,C,EURO,1,,72.0
A000131552,36.0,2.5,0.4,0.17,0.0,,,,2700.0,484.0,120.0,110.0,205.0,C,K3,0,,2700.0
A000131556,210.0,25.0,5.0,2.0,0.0262,,,,100.0,175.0,120.0,95.6,205.0,C,XLONGPALLET,0,,100.0
A000131558,207.0,17.0,6.0,3.52,0.0211,,,,56.0,172.0,210.0,95.6,205.0,C,XLONGPALLET,0,,56.0
A000131569,52.0,5.0,2.0,1.25,0.0005,,,,576.0,720.0,120.0,36.0,205.0,C,EURO,0,,576.0
A000131599,50.3,3.3,2.8,0.51,0.0005,,,,1411.0,720.0,120.0,84.0,205.0,C,EURO,0,,1411.0
A000131615,13.0,12.0,2.5,0.15,0.0004,,,,20.0,999.0,120.0,100.0,205.0,C,K3,0,,20.0
A000131772,13.8,8.2,3.6,0.64,0.0004,,,,1125.0,720.0,120.0,57.6,205.0,C,K3,0,,1125.0
A000131921,23.5,10.0,2.5,0.47,0.0006,25.0,0.014,11.75,950.0,471.5,120.0,110.0,207.0,C,K3,0,38.0,950.0
A000131936,26.0,9.0,2.0,0.48,0.0005,25.0,0.0227,12.5,900.0,434.0,120.0,95.6,205.0,C,EURO,0,36.0,900.0
A000131940,25.5,8.0,2.0,0.5,0.0004,25.0,0.0105,12.5,1200.0,600.0,120.0,80.0,205.0,C,EURO,0,48.0,1200.0
A000131942,2.5,26.0,9.0,0.62,0.0006,25.0,0.014,1.5,1500.0,915.0,120.0,100.0,207.0,C,K3,0,60.0,1500.0
A000131943,25.0,7.0,2.0,0.46,0.0004,25.0,0.0108,11.5,600.0,278.0,120.0,65.6,207.0,C,EURO,0,24.0,600.0
A000131950,26.0,7.5,2.0,0.44,0.0004,25.0,0.0105,11.82,1000.0,474.8,120.0,75.6,207.0,B,EURO,0,40.0,1000.0
A000131963,2.5,23.0,10.0,0.55,0.0006,25.0,0.0118,14.31,875.0,477.0,120.0,81.1,203.0,C,EURO,0,35.0,875.0
A000131975,26.0,9.0,2.5,0.5,0.0006,,,,1216.0,633.0,120.0,110.0,205.0,C,K3,0,,1216.0
A000131984,26.0,9.0,2.5,0.5,0.0006,25.0,0.0103,12.5,9999.0,999.0,120.0,100.0,207.0,C,K3,0,399.96,9999.0
A000131992,23.5,8.5,2.5,0.56,0.0005,25.0,0.0116,14.0,900.0,9999.0,120.0,150.0,203.0,C,K3,0,36.0,900.0
A000131993,23.5,10.0,2.5,0.63,0.0006,25.0,0.0154,15.75,999999.0,9999.0,120.0,120.0,203.0,C,K3,0,39999.96,999999.0
A000131994,23.5,8.2,2.5,0.59,0.0005,25.0,0.0114,14.75,900.0,531.0,120.0,85.6,203.0,C,EURO,0,36.0,900.0
A000131997,23.0,10.0,2.5,0.54,0.0006,25.0,0.0113,14.0,3750.0,2017.0,120.0,165.6,203.0,C,EURO,0,150.0,3750.0
A000131999,2.5,23.5,10.0,0.59,0.0006,25.0,0.0168,15.29,750.0,550.15,120.0,180.0,203.0,C,K3,0,30.0,750.0
A000132016,25.5,8.5,2.0,0.52,0.0004,25.0,0.1126,13.0,900.0,470.0,120.0,135.6,207.0,C,EURO,0,36.0,900.0
A000132017,26.5,8.5,2.5,0.51,0.0006,25.0,0.0137,12.75,9999.0,9999.0,120.0,150.0,205.0,C,K3,0,399.96,9999.0
A000132022,26.0,2.3,7.8,0.49,0.0005,25.0,0.011,13.0,1750.0,849.0,120.0,135.6,207.0,C,EURO,0,70.0,1750.0
A000132026,20.5,7.0,2.0,0.39,0.0003,50.0,0.0221,19.5,999999.0,9999.0,120.0,120.0,207.0,C,K3,0,19999.98,999999.0
A000132046,2.4,23.5,8.2,0.52,0.0005,25.0,0.0118,13.53,3375.0,1747.0,120.0,165.6,203.0,C,EURO,0,135.0,3375.0
A000132054,14.0,6.5,2.0,0.24,0.0002,10.0,0.0017,2.4,200.0,73.0,120.0,110.0,205.0,C,EURO,0,20.0,200.0
A000132063,23.5,10.0,2.5,0.55,0.0006,25.0,0.0165,13.75,900.0,500.0,120.0,100.0,203.0,C,EURO,0,36.0,900.0
A000132068,2.5,24.0,10.0,0.5,0.0006,25.0,0.019,13.0,3200.0,1615.0,120.0,180.0,203.0,C,K3,0,128.0,3200.0
A000132069,2.5,23.7,9.7,0.53,0.0006,25.0,0.0166,13.3,1800.0,969.0,120.0,150.0,203.0,C,K3,0,72.0,1800.0
A000132070,2.5,23.5,9.0,0.54,0.0005,25.0,0.0113,12.75,1800.0,897.0,120.0,100.0,207.0,C,EURO,0,72.0,1800.0
A000132071,23.5,10.0,3.0,0.52,0.0007,25.0,0.0188,21.0,550.0,487.0,120.0,110.0,203.0,C,K3,0,22.0,550.0
A000132072,24.0,10.0,3.0,0.6,0.0007,25.0,0.017,15.0,750.0,452.0,120.0,75.6,203.0,C,EURO,0,30.0,750.0
A000132073,2.5,23.0,9.0,0.55,0.0005,25.0,0.0112,13.0,1800.0,892.0,120.0,85.6,203.0,C,EURO,0,72.0,1800.0
A000132084,24.0,10.0,2.5,0.63,0.0006,25.0,0.0158,15.75,500.0,340.0,120.0,110.0,205.0,C,K3,0,20.0,500.0
A000132090,23.5,11.0,2.5,0.6,0.0006,25.0,0.0191,15.0,675.0,407.0,120.0,65.6,205.0,C,EURO,0,27.0,675.0
A000132421,265.5,7.5,5.0,5.19,0.01,,,,140.0,726.6,265.5,70.0,207.0,C,CONS,0,,140.0
A000132424,261.5,6.5,7.0,4.33,0.0119,,,,84.0,363.72,261.5,77.0,207.0,C,XLONGPALLET,0,,84.0
A000132425,311.0,6.5,6.5,4.28,0.0131,,,,100.0,400.0,311.0,85.6,207.0,C,CONS,0,,100.0
A000132427,333.0,7.0,6.0,3.0,0.014,,,,154.0,462.0,335.0,84.0,205.0,C,CONS,0,,154.0
A000132438,205.0,8.0,5.5,5.25,0.009,,,,170.0,867.0,205.0,95.6,205.0,C,CONS,0,,170.0
A000132440,265.0,8.0,5.5,5.25,0.0117,,,,170.0,867.0,120.0,95.6,205.0,C,CONS,0,,170.0
A000132442,265.0,8.0,5.0,5.25,0.0106,,,,190.0,925.0,120.0,95.6,207.0,C,CONS,0,,190.0
A000132443,265.0,8.0,5.0,5.25,0.0106,,,,50.0,237.0,120.0,95.6,207.0,C,CONS,0,,50.0
A000132446,260.0,7.0,7.0,4.49,0.0127,,,,121.0,543.29,260.0,77.0,207.0,C,CONS,0,,121.0
A000132448,250.0,6.5,6.5,3.0,0.0106,,,,100.0,275.0,250.0,95.6,207.0,C,CONS,0,,100.0
A000132460,5.0,3.0,2.0,0.04,0.0,,,,14352.0,599.0,120.0,110.0,207.0,C,K3,0,,14352.0
A000132461,12.0,6.5,2.5,0.58,0.0002,,,,800.0,489.0,120.0,110.0,207.0,C,K3,0,,800.0
A000132473,86.0,6.5,6.5,2.14,0.0036,,,,168.0,361.0,120.0,95.6,207.0,C,EURO,0,,168.0
A000132474,85.0,7.0,6.0,2.13,0.0036,,,,165.0,247.0,120.0,95.6,207.0,C,EURO,0,,165.0
A000132477,11.0,8.0,3.0,0.4,0.0003,,,,100.0,65.0,120.0,110.0,207.0,C,K3,0,,100.0
A000132483,7.0,3.0,3.5,0.18,0.0001,,,,9999.0,9999.0,9999.0,9999.0,207.0,C,K3,0,,9999.0
A000132484,6.5,7.0,3.0,0.13,0.0001,,,,5000.0,675.0,120.0,110.0,207.0,C,K3,0,,5000.0
A000132485,6.5,7.5,3.0,0.13,0.0001,,,,5000.0,675.0,120.0,110.0,205.0,C,K3,0,,5000.0
A000132487,6.5,7.5,3.0,0.14,0.0001,,,,5000.0,725.0,120.0,110.0,207.0,C,K3,0,,5000.0
A000133008,35.5,9.0,10.0,7.09,0.0032,,,,240.0,1681.0,120.0,85.6,207.0,C,EURO,0,,240.0
A000133023,62.5,5.5,0.4,0.245,0.0001,10.0,0.0035,2.94,1120.0,329.28,120.0,80.0,203.0,C,EURO,0,112.0,1120.0
A000133098,12.0,10.0,2.0,0.01,0.0002,,,,9999.0,9999.0,9999.0,9999.0,203.0,C,K3,0,,9999.0
A000133174,3.5,7.5,3.0,0.18,0.0001,,,,9999.0,9999.0,9999.0,9999.0,207.0,C,K3,0,,9999.0
A000133399,117.0,9.0,11.0,3.2,0.0116,6.0,0.1091,19.2,120.0,386.0,120.0,95.6,207.0,C,EURO,0,20.0,120.0
A000133401,117.0,10.5,10.5,3.22,0.0129,,,,63.0,204.0,120.0,95.6,205.0,C,EURO,0,,63.0
A000133425,24.0,13.0,6.0,1.46,0.0019,,,,320.0,492.2,120.0,110.0,205.0,C,K3,0,,320.0
A000139566,23.0,20.0,7.0,0.5,0.0032,20.0,0.0538,10.0,400.0,192.0,120.0,135.6,203.0,C,EURO,0,20.0,400.0
A000139582,7.0,6.5,2.3,0.1,0.0001,100.0,0.0279,10.0,10000.0,9999.0,9999.0,9999.0,203.0,C,K3,0,100.0,10000.0
A000139585,12.5,9.0,5.0,0.86,0.0006,100.0,0.0085,3.44,4800.0,167.0,120.0,95.6,203.0,C,EURO,0,48.0,4800.0
A000139586,9.0,5.5,12.4,0.92,0.0006,200.0,0.0341,18.4,4800.0,433.0,120.0,165.6,205.0,C,EURO,0,24.0,4800.0
A000139587,9.0,11.5,5.5,0.98,0.0006,100.0,0.0078,10.03,4200.0,423.0,120.0,105.6,203.0,C,EURO,0,42.0,4200.0
A000139589,11.0,9.0,5.5,0.9,0.0005,100.0,0.0073,9.0,4200.0,380.0,120.0,65.6,203.0,C,EURO,0,42.0,4200.0
A000140194,24.5,18.7,18.7,2.46,0.0086,,,,64.0,157.44,120.0,74.8,203.0,C,EURO,1,,64.0
A000140325,29.0,16.0,5.0,2.0,0.0023,,,,320.0,640.0,120.0,80.0,203.0,C,EURO,0,,320.0
A000140326,29.0,16.0,5.0,2.0,0.0023,,,,320.0,640.0,120.0,80.0,203.0,C,EURO,0,,320.0
A000140327,29.0,16.0,5.0,2.0,0.0023,,,,320.0,640.0,120.0,80.0,203.0,C,EURO,0,,320.0
A000141076,23.0,8.0,0.5,0.052,0.0001,,,,9999.0,9999.0,9999.0,9999.0,207.0,C,K3,0,,9999.0
A000141077,17.5,5.0,0.01,0.01,0.0,100.0,0.0038,4.4,10000.0,440.0,120.0,52.5,205.0,C,K3,0,100.0,10000.0
A000141080,17.0,0.1,4.0,0.03,0.0,50.0,0.0008,1.5,81000.0,2445.0,120.0,150.0,205.0,C,K3,0,1620.0,81000.0
A000141082,17.5,5.0,0.1,0.04,0.0,500.0,0.0103,20.0,11500.0,462.0,120.0,55.6,207.0,A,K3,0,23.0,11500.0
A000141083,18.0,0.17,5.0,0.35,0.0,500.0,0.0105,15.5,23000.0,713.0,120.0,40.0,207.0,C,EURO,0,46.0,23000.0
A000141085,17.7,8.0,5.5,1.86,0.0008,600.0,0.0152,22.32,19200.0,705.0,120.0,165.6,207.0,C,EURO,0,32.0,19200.0
A000141098,0.2,5.0,17.0,0.05,0.0,,,,9999.0,9999.0,9999.0,9999.0,205.0,C,EURO,0,,9999.0
A000141100,4.5,17.0,0.2,0.05,0.0,,,,9999.0,9999.0,9999.0,9999.0,203.0,C,K3,0,,9999.0
A000141103,27.0,6.0,2.5,0.85,0.0004,25.0,0.0107,21.25,9999.0,999.0,120.0,100.0,210.0,C,K3,0,399.96,9999.0
A000141401,0.3,3.5,17.5,0.6,0.0,,,,850.0,475.0,120.0,110.0,207.0,A,K3,0,,850.0
A000141402,4.0,17.5,0.2,0.06,0.0,,,,9999.0,9999.0,9999.0,9999.0,207.0,B,K3,0,,9999.0
A000141403,17.5,2.0,0.1,0.07,0.0,,,,12000.0,865.0,120.0,110.0,207.0,B,K3,0,,12000.0
A000141407,2.0,17.5,0.2,0.06,0.0,,,,7500.0,475.0,120.0,110.0,207.0,A,K3,0,,7500.0
A000141409,17.5,2.0,0.5,0.06,0.0,,,,13700.0,847.0,120.0,110.0,207.0,B,K3,0,,13700.0
A000141411,2.0,17.5,0.2,0.06,0.0,,,,9999.0,9999.0,9999.0,9999.0,207.0,B,K3,0,,9999.0
A000141414,2.0,17.0,2.0,0.09,0.0001,,,,9999.0,9999.0,9999.0,9999.0,207.0,C,K1,0,,9999.0
A000141422,11.5,7.5,1.5,0.38,0.0001,,,,9999.0,9999.0,9999.0,9999.0,207.0,C,K3,0,,9999.0
A000141423,11.5,2.5,0.5,0.38,0.0,,,,9999.0,9999.0,9999.0,9999.0,205.0,C,K2,0,,9999.0
A000141425,12.0,10.0,2.0,0.38,0.0002,,,,9999.0,9999.0,9999.0,9999.0,207.0,C,K3,0,,9999.0
A000141426,11.5,1.0,3.0,0.039,0.0,10.0,0.0004,0.39,12000.0,493.0,120.0,100.0,205.0,C,K3,0,1200.0,12000.0
A000141427,11.5,3.0,0.2,0.38,0.0,,,,9999.0,9999.0,9999.0,9999.0,207.0,C,K2,0,,9999.0
A000141431,7.0,2.5,0.5,0.2,0.0,,,,999999.0,9999.0,120.0,120.0,205.0,C,K3,0,,999999.0
A000141432,8.5,6.5,1.0,0.21,0.0001,,,,9999.0,9999.0,9999.0,9999.0,207.0,C,K1,0,,9999.0
A000141433,8.5,7.0,2.0,0.21,0.0001,100.0,0.0144,8.0,12000.0,975.0,120.0,180.0,205.0,C,K2,0,120.0,12000.0
A000141435,7.0,2.5,0.5,0.02,0.0,180.0,0.0049,2.14,18000.0,377.0,120.0,105.6,205.0,C,EURO,0,100.0,18000.0
A000141436,7.0,2.0,0.5,0.02,0.0,150.0,0.003,3.0,27000.0,645.0,120.0,150.0,205.0,C,K3,0,180.0,27000.0
A000141440,2.5,7.0,0.5,0.021,0.0,,,,9999.0,9999.0,9999.0,9999.0,207.0,C,K1,0,,9999.0
A000141441,6.5,6.5,1.0,0.2,0.0,,,,9999.0,9999.0,9999.0,9999.0,207.0,C,K1,0,,9999.0
A000141443,7.0,2.5,0.5,0.2,0.0,,,,999999.0,9999.0,120.0,120.0,205.0,C,K3,0,,999999.0
A000141444,7.0,2.5,0.5,0.2,0.0,,,,999999.0,9999.0,120.0,120.0,205.0,C,K1,0,,999999.0
A000141445,6.5,2.5,0.5,0.02,0.0,,,,9999.0,9999.0,9999.0,9999.0,207.0,C,K1,0,,9999.0
A000141450,7.0,2.5,0.05,0.02,0.0,,,,999999.0,9999.0,120.0,120.0,205.0,C,K3,0,,999999.0
A000141451,7.0,2.0,0.5,0.02,0.0,100.0,0.0038,2.0,999.0,999.0,120.0,100.0,205.0,C,K3,0,9.99,999.0
A000141454,2.5,7.0,0.5,0.021,0.0,,,,1000.0,46.0,120.0,110.0,207.0,C,K3,0,,1000.0
A000141456,6.8,2.5,0.5,0.02,0.0,,,,1000.0,225.0,120.0,110.0,205.0,C,K1,0,,1000.0
A000141458,7.0,2.5,0.05,0.02,0.0,,,,999999.0,9999.0,120.0,120.0,205.0,C,K3,0,,999999.0
A000141459,7.0,2.0,0.5,0.02,0.0,200.0,0.0144,4.0,11200.0,239.0,120.0,150.0,205.0,C,K1,0,56.0,11200.0
A000141464,10.0,10.0,5.0,0.5,0.0005,20.0,0.004,10.0,1200.0,315.0,120.0,150.0,207.0,C,K1,0,60.0,1200.0
A000141478,12.0,7.0,3.0,0.48,0.0003,,,,9999.0,9999.0,9999.0,9999.0,207.0,C,K3,0,,9999.0
A000141479,11.5,3.0,0.1,0.05,0.0,,,,9999.0,9999.0,9999.0,9999.0,207.0,C,K1,0,,9999.0
A000141480,12.0,2.9,0.1,0.04,0.0,,,,9999.0,9999.0,9999.0,9999.0,207.0,C,K3,0,,9999.0
A000141481,11.4,3.0,0.1,0.06,0.0,,,,9840.0,613.4,120.0,100.0,207.0,C,K3,0,,9840.0
A000141986,30.0,22.0,6.0,1.35,0.004,,,,350.0,497.5,120.0,110.0,211.0,C,EURO,1,,350.0
A000142204,216.0,2.0,10.0,1.85,0.0043,8.0,0.055,14.8,240.0,419.0,240.0,110.6,207.0,C,XLONGPALLET,0,30.0,240.0
A000142205,215.0,8.5,1.5,1.9,0.0027,10.0,0.0524,19.0,120.0,203.0,220.0,65.6,207.0,B,XLONGPALLET,0,12.0,120.0
A000142206,216.0,10.0,2.0,1.6,0.0043,10.0,0.0547,15.0,240.0,360.0,240.0,72.0,207.0,B,XLONGPALLET,0,24.0,240.0
A000142207,216.0,2.0,11.0,2.11,0.0048,10.0,0.0566,21.1,220.0,439.2,236.0,75.6,205.0,C,XLONGPALLET,0,22.0,220.0
A000142208,170.0,10.0,2.0,1.98,0.0034,5.0,0.0343,9.9,250.0,470.0,170.0,95.6,207.0,B,XLONGPALLET,0,50.0,250.0
A000142209,190.0,8.0,2.0,2.13,0.003,7.0,0.042,15.05,168.0,336.0,220.0,65.6,207.0,B,XLONGPALLET,0,24.0,168.0
A000142210,170.0,10.0,2.0,2.0,0.0034,10.0,0.0445,20.0,160.0,295.0,220.0,65.6,207.0,C,XLONGPALLET,0,16.0,160.0
A000142211,170.0,10.0,1.6,1.91,0.0027,,,,300.0,548.0,120.0,95.6,205.0,C,XLONGPALLET,0,,300.0
A000142213,213.5,8.0,2.0,2.06,0.0034,,,,230.0,448.0,220.0,95.6,207.0,C,CONS,0,,230.0
A000142215,170.0,2.0,9.5,1.95,0.0032,7.0,0.0466,13.65,112.0,188.4,220.0,135.6,207.0,C,CONS,0,16.0,112.0
A000142216,180.0,11.0,2.5,2.13,0.005,7.0,0.0464,14.9,168.0,332.0,220.0,65.6,207.0,C,XLONGPALLET,0,24.0,168.0
A000142217,212.0,1.0,1.0,2.08,0.0002,10.0,0.0466,20.8,200.0,391.0,215.0,85.6,207.0,C,XLONGPALLET,0,20.0,200.0
A000142218,170.0,8.5,2.5,2.06,0.0036,,,,351.0,700.0,170.0,95.6,205.0,C,CONS,0,,351.0
A000142225,210.0,3.0,2.0,1.5,0.0013,,,,300.0,425.0,220.0,95.6,205.0,C,XLONGPALLET,0,,300.0
A000142226,240.0,20.0,11.0,1.0,0.0528,,,,100.0,75.0,240.0,95.6,205.0,C,XLONGPALLET,0,,100.0
A000142227,215.0,3.0,10.0,2.06,0.0064,1.0,0.0064,2.06,30.0,37.0,220.0,95.6,207.0,C,CONS,0,30.0,30.0
A000142229,170.0,2.0,9.5,1.95,0.0032,8.0,0.0424,17.5,144.0,290.0,120.0,95.6,207.0,B,XLONGPALLET,0,18.0,144.0
A000142230,170.0,2.0,9.5,1.95,0.0032,7.0,0.0466,13.65,112.0,188.4,220.0,135.6,207.0,C,XLONGPALLET,0,16.0,112.0
A000142369,19.5,4.5,8.0,0.68,0.0007,20.0,0.0125,13.6,1080.0,734.4,120.0,89.4,207.0,C,EURO,0,54.0,1080.0
A000142867,0.99,6.0,6.0,0.37,0.0,10.0,0.0376,3.7,160.0,66.0,120.0,100.0,203.0,C,K3,0,16.0,160.0
A000142869,12.0,5.0,5.0,0.29,0.0003,40.0,0.04,11.6,1000.0,292.0,120.0,95.6,203.0,C,EURO,0,25.0,1000.0
A000142873,0.5,20.0,0.5,0.09,0.0,,,,5000.0,475.0,120.0,90.0,203.0,C,K3,0,,5000.0
A000142874,1.5,10.0,1.0,0.05,0.0,,,,9999.0,9999.0,9999.0,9999.0,203.0,C,K3,0,,9999.0
A000142875,12.0,1.0,1.0,0.06,0.0,250.0,0.0182,15.0,5000.0,302.0,120.0,95.6,203.0,B,EURO,0,20.0,5000.0
A000142879,12.0,7.0,0.5,0.03,0.0,500.0,0.019,15.0,15500.0,467.0,120.0,135.6,205.0,C,K3,0,31.0,15500.0
A000142882,16.0,1.0,1.0,0.07,0.0,,,,11400.0,823.0,120.0,110.0,203.0,C,K3,0,,11400.0
A000142886,9.0,8.0,1.0,0.06,0.0001,2000.0,0.0012,1.34,20000.0,13.4,120.0,7.0,207.0,C,K3,0,10.0,20000.0
A000142888,14.0,1.0,1.0,0.07,0.0,,,,6785.0,500.0,120.0,110.0,207.0,C,K3,0,,6785.0
A000142889,16.0,1.2,1.2,1.0,0.0,100.0,0.0032,5.0,720.0,720.0,120.0,80.0,205.0,C,EURO,0,7.2,720.0
A000142923,22.0,18.0,8.5,1.32,0.0034,20.0,0.0733,26.4,160.0,211.2,120.0,88.0,203.0,C,EURO,0,8.0,160.0
A000142932,17.0,17.0,5.0,0.63,0.0014,40.0,0.0713,25.0,1600.0,1000.0,120.0,135.6,203.0,C,EURO,0,40.0,1600.0
A000142933,20.0,17.0,5.0,0.62,0.0017,40.0,0.0697,25.0,960.0,587.0,120.0,135.6,203.0,C,EURO,0,24.0,960.0
A000142934,6.0,6.0,0.99,0.29,0.0,40.0,0.0398,9.0,680.0,52.0,120.0,85.6,203.0,B,EURO,0,17.0,680.0
A000142935,12.0,8.5,8.5,0.4,0.0009,25.0,0.0255,10.0,900.0,352.0,120.0,135.6,203.0,C,EURO,0,36.0,900.0
A000142939,36.0,14.0,6.0,0.61,0.003,,,,195.0,118.95,120.0,78.0,207.0,C,EURO,0,,195.0
A000142953,156.0,8.5,4.5,1.78,0.006,,,,135.0,241.3,180.0,68.0,203.0,C,XLONGPALLET,0,,135.0
A000142957,11.0,5.0,2.0,0.3,0.0001,100.0,0.0105,30.0,8000.0,2392.0,120.0,135.6,203.0,C,EURO,0,80.0,8000.0
A000142966,1.0,1.0,1.0,0.01,0.0,,,,91200.0,937.0,120.0,110.0,205.0,C,K3,0,,91200.0
A000142968,6.5,6.0,4.0,0.18,0.0002,17.0,0.023,4.0,10013.0,9999.0,9999.0,9999.0,203.0,C,K3,0,589.0,10013.0
A000142969,6.0,6.0,4.0,0.2,0.0001,100.0,0.0222,45.0,2000.0,425.0,120.0,110.0,203.0,C,K3,0,20.0,2000.0
A000143003,26.0,17.0,7.0,1.8,0.0031,10.0,0.0358,18.0,120.0,202.0,120.0,85.6,203.0,C,EURO,0,12.0,120.0
A000143010,26.5,9.0,2.0,0.53,0.0005,10.0,0.0286,15.4,200.0,464.0,120.0,100.6,203.0,C,EURO,0,20.0,200.0
A000143021,3.9,18.5,17.0,0.45,0.0012,20.0,0.0278,7.7,720.0,208.0,120.0,110.6,203.0,C,EURO,0,36.0,720.0
A000143022,16.0,13.0,6.5,0.39,0.0014,40.0,0.0271,7.8,1440.0,282.0,120.0,101.6,203.0,C,EURO,0,36.0,1440.0
A000143023,17.0,14.0,7.0,0.39,0.0017,10.0,0.0113,3.9,1000.0,392.0,120.0,105.6,203.0,C,EURO,0,100.0,1000.0
A000143024,23.0,7.0,6.0,0.41,0.001,10.0,0.0282,4.1,300.0,125.0,120.0,95.6,203.0,C,EURO,0,30.0,300.0
A000143025,18.0,16.0,7.0,0.39,0.002,20.0,0.0278,7.8,700.0,275.0,120.0,95.6,203.0,C,EURO,0,35.0,700.0
A000143027,17.0,2.0,9.0,0.3,0.0003,20.0,0.0113,6.4,1200.0,386.0,120.0,95.6,203.0,C,EURO,0,60.0,1200.0
A000143028,7.0,3.0,2.5,0.09,0.0001,100.0,0.019,9.5,3000.0,310.0,120.0,100.0,203.0,C,K3,0,30.0,3000.0
A000143029,7.0,3.0,3.0,0.09,0.0001,100.0,0.0185,10.4,3500.0,356.0,120.0,85.6,203.0,C,EURO,0,35.0,3500.0
A000143030,2.0,19.0,0.99,0.4,0.0,20.0,0.0198,9.0,1440.0,568.0,120.0,165.6,203.0,C,EURO,0,72.0,1440.0
A000143032,22.0,18.0,8.5,1.31,0.0034,20.0,0.0741,27.27,160.0,210.0,120.0,85.6,203.0,C,EURO,0,8.0,160.0
A000143035,23.0,18.0,9.0,1.34,0.0037,20.0,0.0716,27.0,200.0,262.0,120.0,85.6,203.0,C,EURO,0,10.0,200.0
A000143310,4.0,16.0,1.0,0.21,0.0001,,,,1000.0,235.0,120.0,110.0,207.0,C,K3,0,,1000.0
A000143316,9.0,7.0,3.0,0.2,0.0002,,,,1000.0,225.0,120.0,110.0,207.0,C,K3,0,,1000.0
A000143319,7.5,9.0,7.5,0.26,0.0005,,,,9999.0,9999.0,9999.0,9999.0,207.0,C,K3,0,,9999.0
A000143324,3.0,3.0,1.0,0.01,0.0,,,,9999.0,9999.0,9999.0,9999.0,207.0,C,K3,0,,9999.0
A000143329,14.0,8.5,6.5,0.85,0.0008,,,,1008.0,881.0,120.0,110.0,205.0,C,K3,0,,1008.0
A000143330,8.0,3.0,2.0,0.1,0.0,10.0,0.0007,0.8,9999.0,9999.0,120.0,110.0,207.0,B,K3,0,999.9,9999.0
A000143331,6.0,2.0,2.0,0.08,0.0,,,,9600.0,793.0,120.0,110.0,205.0,C,K3,0,,9600.0
A000143332,6.0,3.0,2.0,0.08,0.0,,,,10400.0,857.0,120.0,110.0,205.0,C,K3,0,,10400.0
A000143334,2.5,6.0,2.5,0.08,0.0,,,,9999.0,9999.0,9999.0,9999.0,207.0,B,K3,0,,9999.0
A000143339,7.0,2.5,2.0,0.1,0.0,10.0,0.0007,1.0,200.0,45.0,120.0,110.0,207.0,C,K3,0,20.0,200.0
A000143340,2.5,6.0,2.5,0.09,0.0,,,,1000.0,115.0,120.0,110.0,207.0,C,K3,0,,1000.0
A000143341,7.0,6.5,2.0,0.1,0.0001,10.0,0.0008,1.0,4700.0,495.0,120.0,90.0,205.0,C,K3,0,470.0,4700.0
A000143342,3.0,7.0,3.0,0.1,0.0001,,,,9999.0,9999.0,9999.0,9999.0,207.0,C,K3,0,,9999.0
A000143343,8.0,6.0,3.0,0.1,0.0001,,,,4500.0,475.0,120.0,110.0,207.0,B,K3,0,,4500.0
A000143345,9.5,7.5,6.0,0.14,0.0004,1.0,0.0004,0.14,9999.0,9999.0,120.0,110.0,205.0,C,K3,0,9999.0,9999.0
A000143347,8.0,2.5,2.5,0.11,0.0,10.0,0.0129,1.1,600.0,91.0,120.0,110.0,207.0,C,K3,0,60.0,600.0
A000143350,2.5,6.0,2.5,0.11,0.0,,,,9999.0,9999.0,9999.0,9999.0,205.0,C,K3,0,,9999.0
A000143354,4.0,4.5,2.0,0.04,0.0,10.0,0.001,2.0,200.0,33.0,120.0,110.0,207.0,C,K3,0,20.0,200.0
A000143374,7.0,4.0,4.0,0.13,0.0001,10.0,0.0022,1.3,200.0,51.0,120.0,110.0,205.0,C,K3,0,20.0,200.0
A000143375,7.0,4.0,4.0,0.16,0.0001,10.0,0.003,1.6,200.0,57.0,120.0,110.0,205.0,C,K3,0,20.0,200.0
A000143376,22.5,11.0,8.0,1.33,0.002,,,,385.0,537.0,120.0,110.0,205.0,C,K3,0,,385.0
A000143378,4.0,4.0,3.5,0.12,0.0001,,,,9999.0,9999.0,9999.0,9999.0,207.0,C,K3,0,,9999.0
A000143379,4.0,4.0,3.0,0.1,0.0,10.0,0.0013,1.0,200.0,45.0,120.0,110.0,207.0,C,K3,0,20.0,200.0
A000143381,7.0,4.0,4.0,0.13,0.0001,10.0,0.0022,1.3,1800.0,259.0,120.0,110.0,207.0,C,K3,0,180.0,1800.0
A000143382,7.0,4.0,4.0,0.12,0.0001,10.0,0.0022,1.2,200.0,49.0,120.0,110.0,207.0,C,K3,0,20.0,200.0
A000143384,4.0,4.0,3.5,0.12,0.0001,,,,9999.0,9999.0,9999.0,9999.0,207.0,C,K3,0,,9999.0
A000143385,18.0,1.0,6.0,1.2,0.0001,,,,390.0,493.0,120.0,110.0,207.0,C,K3,0,,390.0
A000143422,10.0,10.0,10.0,1.0,0.001,,,,20.0,45.0,120.0,110.0,205.0,C,K3,0,,20.0
A000143443,7.5,5.5,1.5,0.08,0.0001,20.0,0.0023,1.6,400.0,57.0,120.0,110.0,207.0,C,K3,0,20.0,400.0
A000143464,8.0,6.0,2.7,0.05,0.0001,,,,14000.0,750.0,120.0,110.0,207.0,C,K3,0,,14000.0
A000143466,5.0,2.5,1.0,0.05,0.0,,,,1000.0,75.0,120.0,110.0,205.0,C,K3,0,,1000.0
A000143478,23.0,7.0,2.0,0.3,0.0003,25.0,0.0059,7.5,500.0,175.0,120.0,110.0,205.0,C,K3,0,20.0,500.0
A000143484,23.0,6.0,2.0,0.03,0.0003,25.0,0.005,7.0,1375.0,377.0,120.0,65.6,205.0,C,EURO,0,55.0,1375.0
A000143486,23.0,7.5,2.0,0.34,0.0003,2.0,0.0007,0.68,9999.0,999.0,120.0,100.0,205.0,C,K1,0,4999.5,9999.0
A000143538,20.0,9.0,6.8,0.9,0.0012,,,,756.0,705.0,120.0,110.0,205.0,C,K3,0,,756.0
A000143542,21.0,10.0,7.0,1.25,0.0015,,,,24.0,500.0,120.0,80.0,205.0,B,K3,0,,24.0
A000143550,20.0,9.0,7.0,1.3,0.0013,,,,20.0,51.0,120.0,110.0,205.0,C,K3,0,,20.0
A000143569,94.0,18.0,10.0,3.3,0.0169,,,,36.0,120.8,120.0,95.6,205.0,C,EURO,0,,36.0
A000143605,93.5,17.5,9.0,2.99,0.0147,,,,36.0,107.64,120.0,81.0,205.0,B,EURO,0,,36.0
A000143616,93.5,17.5,8.5,4.63,0.0139,,,,40.0,185.2,120.0,85.0,207.0,C,EURO,0,,40.0
A000143626,93.0,17.0,9.0,4.95,0.0142,,,,32.0,158.4,120.0,72.0,205.0,B,EURO,0,,32.0
A000143636,170.0,8.0,2.5,2.1,0.0034,,,,330.0,693.0,180.0,82.5,205.0,C,CONS,0,,330.0
A000143638,5.0,5.0,2.0,0.12,0.0,,,,5760.0,716.0,120.0,110.0,205.0,C,K3,0,,5760.0
A000143640,10.0,9.5,7.5,0.9,0.0007,,,,9999.0,9999.0,9999.0,9999.0,205.0,C,K3,0,,9999.0
A000145609,16.0,7.0,1.5,0.18,0.0002,100.0,0.0161,18.86,2700.0,488.0,120.0,85.6,203.0,B,EURO,0,27.0,2700.0
A000145749,23.5,8.5,2.5,0.5,0.0005,25.0,0.0112,12.5,500.0,252.0,120.0,95.6,203.0,C,EURO,0,20.0,500.0
A000145811,23.5,7.5,2.5,0.5,0.0004,25.0,0.0114,12.5,500.0,252.0,120.0,95.6,203.0,C,EURO,0,20.0,500.0
A000145812,23.5,8.0,2.5,0.53,0.0005,25.0,0.0098,13.25,1350.0,715.5,120.0,60.0,203.0,C,EURO,0,54.0,1350.0
A000145814,14.0,9.0,2.0,0.3,0.0003,,,,3008.0,904.0,120.0,95.6,207.0,C,EURO,0,,3008.0
A000145828,14.5,3.0,3.0,0.22,0.0001,72.0,0.0196,15.84,1440.0,341.8,120.0,110.0,207.0,C,K3,0,20.0,1440.0
A000145829,11.5,3.0,3.0,0.26,0.0001,6.0,0.0014,1.56,120.0,56.2,120.0,110.0,203.0,C,K3,0,20.0,120.0
A000145833,14.5,3.0,3.0,0.23,0.0001,60.0,0.019,13.8,1200.0,301.0,120.0,110.0,203.0,C,K3,0,20.0,1200.0
A000145839,14.5,3.0,3.5,0.23,0.0002,60.0,0.0179,1.38,1800.0,43.0,120.0,85.6,203.0,C,EURO,0,30.0,1800.0
A000145851,2.5,4.5,5.0,0.06,0.0001,200.0,0.0264,12.0,8000.0,495.0,120.0,180.0,203.0,C,K3,0,40.0,8000.0
A000145852,16.0,8.5,5.5,0.71,0.0007,10.0,0.0001,0.7,21000.0,1462.0,120.0,135.6,205.0,C,EURO,0,2100.0,21000.0
A000145853,5.0,4.0,3.0,0.08,0.0001,220.0,0.0216,17.6,14080.0,263.0,120.0,180.0,205.0,C,K3,0,64.0,14080.0
A000145856,5.0,2.5,0.3,0.01,0.0,,,,47500.0,500.0,120.0,90.0,203.0,C,K3,0,,47500.0
A000145869,8.0,25.5,3.0,0.5,0.0006,,,,9999.0,9999.0,9999.0,9999.0,207.0,B,K3,0,,9999.0
A000145870,26.0,11.0,3.0,0.53,0.0009,24.0,0.0254,16.36,480.0,352.2,120.0,90.0,207.0,A,K3,0,20.0,480.0
A000145872,26.0,8.0,3.0,0.6,0.0006,20.0,0.0287,15.0,1000.0,999.0,120.0,150.0,207.0,B,K3,0,50.0,1000.0
A000145873,26.0,8.0,3.0,0.71,0.0006,25.0,0.0301,17.75,450.0,345.0,120.0,110.0,207.0,B,K3,0,18.0,450.0
A000145874,25.5,11.0,3.0,0.75,0.0008,24.0,0.0164,18.75,432.0,362.5,120.0,70.0,207.0,B,K3,0,18.0,432.0
A000145875,26.0,11.5,3.0,0.78,0.0009,,,,744.0,605.0,120.0,108.0,207.0,C,K3,0,,744.0
A000145876,3.0,11.0,25.0,0.8,0.0008,25.0,0.0287,20.0,750.0,592.0,120.0,135.6,207.0,A,EURO,0,30.0,750.0
A000145878,26.0,11.5,3.0,0.85,0.0009,25.0,0.0311,21.5,450.0,389.0,120.0,95.6,207.0,A,EURO,0,18.0,450.0
A000145880,11.5,3.0,25.5,0.0088,0.0009,,,,9999.0,9999.0,9999.0,9999.0,207.0,B,EURO,0,,9999.0
A000145908,9.5,16.0,6.0,0.89,0.0009,,,,9999.0,9999.0,9999.0,9999.0,207.0,C,K3,0,,9999.0
A000145909,16.5,9.5,6.0,0.9,0.0009,,,,9999.0,9999.0,9999.0,9999.0,207.0,C,K3,0,,9999.0
A000145919,8.5,11.5,3.0,0.3,0.0003,60.0,0.0272,19.0,1500.0,477.0,120.0,88.6,203.0,C,EURO,0,25.0,1500.0
A000145923,17.0,10.0,6.0,0.9,0.001,,,,9999.0,9999.0,9999.0,9999.0,207.0,C,K3,0,,9999.0
A000145927,11.0,8.0,3.0,0.28,0.0003,,,,1696.0,500.0,120.0,110.0,205.0,C,EURO,0,,1696.0
A000145929,11.0,8.5,3.0,0.29,0.0003,60.0,0.0262,18.84,2520.0,806.0,120.0,150.0,203.0,C,EURO,0,42.0,2520.0
A000145950,18.0,9.5,2.5,0.46,0.0004,,,,1824.0,864.0,120.0,110.0,207.0,C,K3,0,,1824.0
A000145954,7.5,10.5,7.0,0.93,0.0006,,,,9999.0,9999.0,9999.0,9999.0,207.0,C,K3,0,,9999.0
A000145955,3.5,7.0,7.5,0.19,0.0002,,,,9999.0,9999.0,9999.0,9999.0,207.0,C,K3,0,,9999.0
A000145958,7.5,7.0,3.0,0.21,0.0002,,,,9999.0,9999.0,9999.0,9999.0,207.0,C,K3,0,,9999.0
A000145961,7.0,7.5,3.5,0.22,0.0002,,,,9999.0,9999.0,9999.0,9999.0,205.0,C,K1,0,,9999.0
A000145965,19.5,10.5,5.5,1.02,0.0011,6.0,0.0102,6.12,288.0,308.0,120.0,180.0,207.0,C,K3,0,48.0,288.0
A000145972,10.0,7.0,7.0,0.77,0.0005,,,,660.0,533.0,120.0,110.0,207.0,C,K3,0,,660.0
A000145973,5.0,4.0,4.0,0.092,0.0001,,,,9999.0,9999.0,9999.0,9999.0,207.0,B,K3,0,,9999.0
A000145978,20.5,11.5,5.0,1.2,0.0012,1.0,0.0012,1.2,390.0,493.0,120.0,100.0,207.0,B,K3,0,390.0,390.0
A000145980,3.5,5.0,4.5,0.11,0.0001,,,,9999.0,9999.0,9999.0,9999.0,207.0,C,K3,0,,9999.0
A000145982,5.0,3.5,4.0,0.12,0.0001,12.0,0.0012,1.44,9999.0,999.0,120.0,100.0,207.0,B,K3,0,833.25,9999.0
A000145987,3.5,5.0,4.0,0.09,0.0001,,,,470.0,498.0,120.0,110.0,207.0,B,K3,0,,470.0
A000145991,20.5,11.5,5.0,1.27,0.0012,,,,570.0,750.0,120.0,110.0,207.0,B,K3,0,,570.0
A000145994,3.5,4.8,4.0,0.11,0.0001,,,,1000.0,136.0,120.0,110.0,207.0,B,K3,0,,1000.0
A000145997,4.0,3.5,5.0,0.12,0.0001,,,,9999.0,9999.0,9999.0,9999.0,207.0,C,K3,0,,9999.0
A000146091,15.0,2.0,20.0,0.025,0.0006,500.0,0.0271,12.95,12000.0,310.8,120.0,56.4,207.0,C,EURO,0,24.0,12000.0
A000146093,15.7,6.5,6.5,0.38,0.0007,,,,9999.0,9999.0,9999.0,9999.0,203.0,C,K1,0,,9999.0
A000146095,6.0,3.0,3.0,0.04,0.0001,,,,2500.0,125.0,120.0,110.0,203.0,C,K3,0,,2500.0
A000146099,4.5,3.0,3.0,0.02,0.0,400.0,0.0252,8.0,9999.0,9999.0,120.0,100.0,203.0,C,K2,0,24.9975,9999.0
A000146101,10.5,6.5,2.0,0.19,0.0001,100.0,0.0232,19.0,2000.0,382.0,120.0,95.6,203.0,C,EURO,0,20.0,2000.0
A000146102,11.5,6.0,2.0,0.17,0.0001,50.0,0.0122,8.5,1500.0,257.0,120.0,95.6,207.0,C,EURO,0,30.0,1500.0
A000146104,1.6,10.0,7.0,0.17,0.0001,10.0,0.0011,1.7,1800.0,308.0,120.0,85.6,207.0,C,EURO,0,180.0,1800.0
A000146108,19.0,15.0,5.5,1.2,0.0016,,,,400.0,317.0,120.0,95.6,203.0,C,EURO,0,,400.0
A000146125,2.0,12.0,18.0,0.2,0.0004,10.0,0.0083,2.31,1000.0,233.0,120.0,93.6,203.0,C,EURO,0,100.0,1000.0
A000146126,2.0,12.0,20.0,0.3,0.0005,10.0,0.0091,3.21,1000.0,323.0,120.0,93.6,203.0,C,EURO,0,100.0,1000.0
A000146127,2.5,12.0,17.5,0.29,0.0005,10.0,0.0076,2.9,800.0,233.0,120.0,75.0,203.0,C,EURO,0,80.0,800.0
A000146128,20.0,12.0,2.0,0.33,0.0005,10.0,0.0091,3.53,600.0,213.0,120.0,95.6,203.0,C,EURO,0,60.0,600.0
A000146129,2.0,12.0,18.0,0.33,0.0004,10.0,0.0101,3.61,1000.0,363.0,120.0,95.6,203.0,C,EURO,0,100.0,1000.0
A000146130,18.0,3.0,17.0,0.33,0.0009,10.0,0.0083,3.3,1000.0,332.0,120.0,95.6,203.0,C,EURO,0,100.0,1000.0
A000146131,6.0,2.9,0.2,0.01,0.0,,,,85499.0,856.0,120.0,95.6,210.0,C,EURO,0,,85499.0
A000146136,18.0,12.0,2.0,0.31,0.0004,10.0,0.0083,3.39,1000.0,341.0,120.0,95.6,203.0,C,EURO,0,100.0,1000.0
A000146137,10.0,5.0,3.5,0.424,0.0002,48.0,0.0129,20.596,1632.0,700.264,120.0,66.0,203.0,C,EURO,0,34.0,1632.0
A000146140,12.0,5.0,2.0,0.4,0.0001,,,,800.0,345.0,120.0,110.0,203.0,C,EURO,0,,800.0
A000146141,2.0,12.0,18.0,0.28,0.0004,10.0,0.0077,3.03,800.0,232.0,120.0,85.6,203.0,C,EURO,0,80.0,800.0
A000146143,2.0,12.0,18.0,0.31,0.0004,10.0,0.0083,3.35,800.0,268.0,120.0,76.0,203.0,C,EURO,0,80.0,800.0
A000146144,2.0,12.0,18.0,0.33,0.0004,10.0,0.0083,3.71,800.0,296.8,120.0,76.0,203.0,C,EURO,0,80.0,800.0
A000146145,9.5,5.0,3.2,0.444,0.0002,20.0,0.01,10.0,900.0,450.0,120.0,77.5,203.0,C,EURO,0,45.0,900.0
A000146146,10.0,5.0,3.3,0.444,0.0002,48.0,0.0105,21.312,1296.0,575.724,120.0,47.1,203.0,C,EURO,0,27.0,1296.0
A000146153,11.0,9.0,5.0,0.173,0.0005,100.0,0.0075,17.3,1200.0,150.0,120.0,95.6,203.0,C,EURO,0,12.0,1200.0
A000146154,8.5,4.5,1.0,0.16,0.0,100.0,0.007,16.0,2000.0,322.0,120.0,65.6,203.0,C,EURO,0,20.0,2000.0
A000146155,2.0,8.0,5.0,0.08,0.0001,100.0,0.0067,8.0,2100.0,975.0,120.0,150.0,203.0,C,K3,0,21.0,2100.0
A000146183,4.5,4.5,1.0,0.01,0.0,100.0,0.0352,11.0,1800.0,223.0,120.0,95.0,203.0,C,EURO,0,18.0,1800.0
A000146188,5.0,5.0,4.0,0.2,0.0001,100.0,0.0025,2.0,1800.0,383.0,120.0,95.6,203.0,C,EURO,0,18.0,1800.0
A000146245,18.0,18.0,6.0,0.55,0.0019,24.0,0.0672,14.62,432.0,229.0,120.0,135.6,203.0,C,EURO,0,18.0,432.0
A000146285,32.2,39.0,15.0,7.544,0.0188,,,,57.0,456.0,120.0,105.0,203.0,B,EURO,1,,57.0
A000146287,16.0,37.0,50.0,12.0,0.0296,,,,27.0,170.0,120.0,110.6,203.0,A,EURO,1,,27.0
A000146294,10.7,7.7,2.2,0.058,0.0002,108.0,0.0341,8.0,1944.0,110.0,120.0,95.6,203.0,C,EURO,0,18.0,1944.0
A000146308,20.0,24.0,19.0,3.764,0.0091,,,,90.0,296.0,120.0,115.6,999.0,A,EURO,1,,90.0
A000146313,10.8,7.7,2.3,0.072,0.0002,108.0,0.0334,9.002,2592.0,216.048,120.0,99.0,203.0,B,EURO,0,24.0,2592.0
A000146314,16.1,8.8,2.3,0.054,0.0003,108.0,0.0545,7.746,1296.0,92.952,120.0,74.0,210.0,C,EURO,0,12.0,1296.0
A000146315,16.2,8.8,2.4,0.05,0.0003,108.0,0.0505,7.6,1620.0,116.0,120.0,100.6,203.0,C,EURO,0,15.0,1620.0
A000146316,15.9,8.8,2.2,0.058,0.0003,108.0,0.0541,7.632,864.0,61.056,120.0,72.0,210.0,C,EURO,0,8.0,864.0
A000146317,3.0,9.0,17.0,0.08,0.0005,108.0,0.0512,11.09,1296.0,133.08,120.0,71.0,203.0,A,EURO,0,12.0,1296.0
A000147161,15.0,8.0,4.0,0.8,0.0005,,,,593.0,500.0,120.0,110.0,205.0,C,K3,0,,593.0
A000147172,6.5,3.0,2.0,0.02,0.0,50.0,0.0036,1.28,10500.0,235.0,120.0,110.0,207.0,C,K3,0,210.0,10500.0
A000147266,10.0,4.0,3.0,0.07,0.0001,,,,7920.0,579.4,120.0,110.0,205.0,C,K3,0,,7920.0
A000147283,10.0,14.0,4.0,0.46,0.0006,,,,9999.0,9999.0,9999.0,9999.0,207.0,C,K3,0,,9999.0
A000147289,18.0,11.0,4.0,0.85,0.0008,,,,100.0,100.0,120.0,100.0,205.0,C,K3,0,,100.0
A000147326,21.0,15.5,9.0,1.27,0.0029,,,,350.0,500.0,120.0,100.0,207.0,C,K3,0,,350.0
A000147719,12.0,4.0,2.0,0.4,0.0001,,,,100.0,65.0,120.0,110.0,10.0,C,K3,0,,100.0
A000175942,59.0,9.0,0.4,0.245,0.0002,50.0,0.0217,17.0,1400.0,476.0,120.0,80.5,203.0,C,EURO,0,28.0,1400.0
A000175944,59.0,9.0,0.4,0.245,0.0002,10.0,0.0046,3.36,1200.0,403.2,120.0,78.0,203.0,C,EURO,0,120.0,1200.0
A000175964,59.0,7.9,0.4,0.175,0.0002,50.0,0.0139,12.59,1350.0,339.93,120.0,81.0,203.0,C,EURO,0,27.0,1350.0
A000175965,59.0,7.9,0.4,0.175,0.0002,50.0,0.0022,15.0,1500.0,477.0,120.0,95.6,203.0,C,EURO,0,30.0,1500.0
A000175966,59.0,7.9,0.4,0.23,0.0002,10.0,0.0032,2.3,1280.0,294.4,120.0,80.0,203.0,C,EURO,0,128.0,1280.0
A000175971,10.9,9.4,3.9,0.244,0.0004,50.0,0.02,12.2,2100.0,489.4,120.0,108.0,203.0,C,EURO,0,42.0,2100.0
A000175972,10.9,9.4,3.9,0.244,0.0004,50.0,0.02,12.2,2100.0,489.4,120.0,108.0,203.0,C,EURO,0,42.0,2100.0
A000175973,10.9,9.4,3.9,0.244,0.0004,50.0,0.02,12.2,2100.0,489.4,120.0,108.0,203.0,C,EURO,0,42.0,2100.0
A000178752,16.0,10.5,4.0,0.43,0.0007,12.0,0.0206,5.15,384.0,166.0,120.0,88.0,207.0,C,EURO,0,32.0,384.0
A000178925,18.0,9.0,7.0,0.596,0.0011,20.0,0.0276,11.8,320.0,190.0,120.0,80.0,207.0,C,EURO,0,16.0,320.0
A000178941,9.5,3.0,3.0,0.4,0.0001,,,,100.0,39.0,120.0,110.0,207.0,C,K3,0,,100.0
A000178957,32.5,11.8,3.5,1.07,0.0013,10.0,0.0179,11.0,240.0,264.0,120.0,80.0,207.0,C,EURO,0,24.0,240.0
A000179785,52.0,12.5,6.5,0.83,0.0042,10.0,0.0487,8.85,120.0,106.2,120.0,102.0,203.0,C,EURO,0,12.0,120.0
A000179786,57.0,13.0,6.5,0.83,0.0048,10.0,0.0497,8.78,120.0,105.36,120.0,83.0,203.0,C,EURO,0,12.0,120.0
A000180490,17.0,8.0,2.5,0.5,0.0003,25.0,0.0105,13.0,1150.0,598.0,120.0,60.0,207.0,A,EURO,0,46.0,1150.0
A000180491,2.0,26.0,9.0,0.48,0.0005,25.0,0.0111,12.21,1200.0,578.0,120.0,165.6,207.0,B,EURO,0,48.0,1200.0
A000180492,26.0,7.5,2.0,0.5,0.0004,25.0,0.0107,12.5,1200.0,600.0,120.0,80.0,207.0,B,EURO,0,48.0,1200.0
A000180539,17.5,3.5,0.01,0.03,0.0,450.0,0.0107,13.5,9999.0,9999.0,9999.0,9999.0,207.0,C,K3,0,22.22,9999.0
A000187296,4.0,3.6,1.0,0.002,0.0,100.0,0.0223,1.268,3600.0,45.648,120.0,114.0,203.0,C,K3,0,36.0,3600.0
A000187334,3.5,9.5,3.0,0.15,0.0001,,,,9999.0,9999.0,9999.0,9999.0,207.0,B,K3,0,,9999.0
A000187335,3.5,9.5,3.0,0.15,0.0001,,,,9999.0,9999.0,9999.0,9999.0,207.0,B,K3,0,,9999.0
A000189117,24.0,13.5,6.0,1.38,0.0019,,,,500.0,715.0,120.0,110.0,205.0,C,K3,0,,500.0
A000189908,3.0,5.5,0.5,0.006,0.0,,,,9999.0,9999.0,9999.0,9999.0,207.0,C,K1,0,,9999.0
A000190022,22.0,16.0,10.0,0.3,0.0035,,,,1000.0,302.0,120.0,95.6,205.0,C,EURO,0,,1000.0
A000190079,22.0,16.0,9.0,1.07,0.0032,,,,250.0,292.0,120.0,110.0,205.0,C,K3,0,,250.0
A000190318,32.0,16.0,9.0,1.57,0.0046,,,,150.0,260.0,120.0,110.0,205.0,C,K3,0,,150.0
A000190362,24.0,10.0,2.5,0.62,0.0006,,,,100.0,87.0,120.0,110.0,205.0,C,K3,0,,100.0
A000190460,53.0,3.0,0.5,0.4,0.0001,,,,180.0,64.0,120.0,85.6,205.0,C,EURO,0,,180.0
A000190469,33.0,16.0,10.0,2.48,0.0053,,,,135.0,336.0,120.0,95.6,205.0,C,EURO,0,,135.0
A000190470,10.0,1.0,1.0,0.11,0.0,,,,2500.0,298.0,120.0,110.0,205.0,C,K3,0,,2500.0
A000190524,16.0,14.0,6.5,0.37,0.0015,20.0,0.0251,8.4,480.0,203.0,120.0,95.6,203.0,B,EURO,0,24.0,480.0
A000190732,15.0,7.0,2.0,0.31,0.0002,20.0,0.0205,6.2,1500.0,467.0,120.0,95.6,203.0,C,EURO,0,75.0,1500.0
A000191169,17.0,8.0,2.0,0.3,0.0003,50.0,0.0156,15.5,1200.0,374.0,120.0,95.6,203.0,B,EURO,0,24.0,1200.0
A000191170,2.0,17.0,8.0,0.33,0.0003,50.0,0.0158,16.68,2000.0,659.0,120.0,85.6,203.0,C,EURO,0,40.0,2000.0
A000191172,17.0,8.0,2.0,0.34,0.0003,50.0,0.0152,17.0,1250.0,427.0,120.0,95.6,203.0,B,EURO,0,25.0,1250.0
A000191173,2.0,17.5,7.5,0.39,0.0003,50.0,0.0152,20.15,2250.0,898.0,120.0,85.6,203.0,C,EURO,0,45.0,2250.0
A000191383,185.0,18.0,5.0,8.65,0.0167,,,,80.0,653.0,120.0,85.6,207.0,B,XLONGPALLET,0,,80.0
A000191384,184.5,18.0,5.0,8.58,0.0166,,,,50.0,415.0,120.0,135.6,207.0,B,XLONGPALLET,0,,50.0
A000191388,25.5,25.0,2.5,0.38,0.0016,15.0,0.02,6.2,810.0,359.8,120.0,150.0,207.0,A,K3,0,54.0,810.0
A000191499,32.0,9.5,3.0,0.53,0.0009,18.0,0.0202,9.54,540.0,288.0,120.0,75.6,210.0,C,K3,0,30.0,540.0
A000191843,185.0,18.0,5.0,8.32,0.0167,,,,57.0,474.24,185.0,75.0,205.0,C,XLONGPALLET,0,,57.0
A000191847,184.0,18.0,4.5,20.0,0.0149,,,,100.0,175.0,120.0,95.6,205.0,C,CONS,0,,100.0
A000191857,184.0,18.0,4.5,8.5,0.0149,,,,60.0,713.0,200.0,90.0,207.0,C,XLONGPALLET,0,,60.0
A000191882,49.5,18.0,5.0,1.596,0.0045,,,,160.0,255.36,120.0,80.0,207.0,C,EURO,0,,160.0
A000191889,49.0,13.6,4.4,2.31,0.0029,,,,205.0,477.0,1202.0,95.6,205.0,C,EURO,0,,205.0
A000191891,162.0,10.0,5.0,3.73,0.0081,,,,50.0,151.0,162.0,50.6,207.0,B,XLONGPALLET,0,,50.0
A000191895,185.0,18.0,5.0,4.0,0.0167,,,,64.0,256.0,185.0,80.0,205.0,C,CONS,0,,64.0
A000191904,182.0,12.0,3.0,1.5,0.0066,,,,162.0,243.0,200.0,81.0,205.0,C,XLONGPALLET,0,,162.0
A000191905,183.0,12.0,3.0,1.86,0.0066,,,,162.0,301.32,200.0,81.0,207.0,C,CONS,0,,162.0
A000191906,182.0,12.0,3.0,2.5,0.0066,,,,156.0,390.0,200.0,78.0,207.0,C,CONS,0,,156.0
A000191907,28.0,22.5,2.5,0.38,0.0016,,,,1500.0,595.0,120.0,110.0,205.0,C,K3,0,,1500.0
A000191945,236.5,7.0,7.0,4.11,0.0116,,,,77.0,316.47,236.5,77.0,207.0,B,XLONGPALLET,0,,77.0
A000191946,250.0,7.0,7.0,4.17,0.0122,,,,77.0,321.09,250.0,77.0,207.0,C,XLONGPALLET,0,,77.0
A000191947,290.0,7.5,7.0,4.75,0.0152,,,,150.0,690.0,290.0,95.6,207.0,C,XLONGPALLET,0,,150.0
A000191948,312.0,6.5,7.0,5.08,0.0142,,,,132.0,670.56,312.0,77.0,207.0,C,XLONGPALLET,0,,132.0
A000191950,250.0,6.5,6.5,4.13,0.0106,,,,168.0,693.84,250.0,91.0,207.0,C,XLONGPALLET,0,,168.0
A000191951,290.0,7.0,8.0,4.6,0.0162,,,,100.0,435.0,290.0,95.6,207.0,C,XLONGPALLET,0,,100.0
A000192268,35.0,3.0,7.0,0.4,0.0007,18.0,0.0162,6.8,810.0,275.0,120.0,85.6,210.0,A,EURO,0,45.0,810.0
A000192842,15.7,4.7,0.3,0.11,0.0,,,,2500.0,300.0,120.0,110.0,205.0,C,K3,0,,2500.0
A000193071,5.0,4.0,0.02,0.06,0.0,250.0,0.0107,15.0,5000.0,302.0,120.0,95.6,203.0,C,EURO,0,20.0,5000.0
A000193072,10.0,5.5,0.02,0.19,0.0,,,,999999.0,9999.0,120.0,120.0,203.0,C,K3,0,,999999.0
A000193073,5.0,3.5,0.1,0.02,0.0,,,,9999.0,9999.0,9999.0,9999.0,203.0,C,K3,0,,9999.0
A000196314,9.0,3.0,2.0,0.16,0.0001,,,,3718.0,607.0,120.0,110.0,205.0,C,K3,0,,3718.0
A000196642,9.5,3.0,2.5,0.12,0.0001,,,,6000.0,745.0,120.0,110.0,207.0,C,K3,0,,6000.0
A000197217,13.5,4.0,2.5,0.2,0.0001,,,,2250.0,475.0,120.0,110.0,205.0,C,K3,0,,2250.0
A000197348,25.2,3.4,2.9,0.22,0.0002,,,,3272.0,719.84,120.0,104.4,205.0,C,K3,0,,3272.0
A000198716,31.7,7.0,2.9,0.75,0.0006,,,,891.0,668.25,120.0,78.3,205.0,C,K3,0,,891.0
A000199163,9.6,3.4,2.8,0.16,0.0001,,,,4416.0,731.56,120.0,70.0,205.0,C,K3,0,,4416.0
A000199221,26.2,3.5,2.3,0.21,0.0002,,,,3428.0,720.0,120.0,89.7,205.0,C,K3,0,,3428.0
A000199249,25.5,3.4,2.7,0.27,0.0002,,,,2666.0,720.0,120.0,78.3,205.0,C,K3,0,,2666.0
A000199369,25.0,3.5,2.8,0.23,0.0002,,,,2376.0,546.48,120.0,75.6,205.0,C,K3,0,,2376.0
A000199379,25.0,3.5,2.8,0.23,0.0002,,,,2376.0,546.48,120.0,75.6,205.0,C,K3,0,,2376.0
A000199723,10.5,10.0,5.5,0.07,0.0006,,,,9999.0,9999.0,9999.0,9999.0,207.0,C,K3,0,,9999.0
A000201065,10.0,5.0,3.0,0.25,0.0001,,,,1000.0,250.0,120.0,80.0,205.0,C,K3,0,,1000.0
A000210223,25.5,3.5,3.0,0.32,0.0003,,,,1450.0,489.0,120.0,110.0,205.0,C,K3,0,,1450.0
A000220251,49.0,13.0,4.4,1.58,0.0028,,,,252.0,401.0,120.0,96.0,205.0,C,EURO,0,,252.0
A000229208,28.0,8.0,8.0,1.7,0.0018,10.0,0.0232,17.0,200.0,340.0,120.0,90.0,203.0,B,EURO,0,20.0,200.0
A000229209,27.8,8.6,8.1,1.596,0.0019,10.0,0.0246,16.43,360.0,568.48,120.0,99.0,203.0,B,EURO,0,36.0,360.0
A000229210,27.8,8.7,8.0,1.598,0.0019,10.0,0.0244,16.418,420.0,666.556,118.0,112.3,203.0,B,EURO,0,42.0,420.0
A000229214,27.4,10.5,5.6,1.2,0.0016,10.0,0.0203,12.9,340.0,466.0,120.0,110.6,203.0,A,EURO,0,34.0,340.0
A000229215,27.4,10.5,5.6,1.69,0.0016,10.0,0.0203,16.9,400.0,653.0,120.0,115.6,203.0,B,EURO,0,40.0,400.0
A000229352,29.0,6.5,1.2,0.315,0.0002,10.0,0.0075,3.73,1380.0,491.74,120.0,111.6,203.0,C,EURO,0,138.0,1380.0
A000229353,29.0,6.5,1.2,0.315,0.0002,10.0,0.0075,3.73,1380.0,514.74,120.0,126.0,203.0,C,K3,0,138.0,1380.0
A000229354,22.0,6.5,4.0,0.384,0.0006,50.0,0.0293,19.9,1800.0,693.4,120.0,111.6,203.0,C,EURO,0,36.0,1800.0
A000229355,22.0,6.5,4.0,0.384,0.0006,50.0,0.0293,19.2,1200.0,477.0,120.0,111.6,203.0,C,EURO,0,24.0,1200.0
A000229382,32.0,7.0,0.8,0.19,0.0002,50.0,0.0105,9.5,1500.0,287.0,120.0,65.6,203.0,C,EURO,0,30.0,1500.0
A000229383,32.0,7.0,0.8,0.19,0.0002,50.0,0.0127,9.83,2400.0,457.44,120.0,76.0,203.0,C,EURO,0,48.0,2400.0
A000229384,32.0,7.0,0.8,0.19,0.0002,50.0,0.0105,9.95,3000.0,597.0,120.0,85.0,203.0,C,EURO,0,60.0,3000.0
A000229397,3.2,7.0,6.5,0.2,0.0001,10.0,0.0037,2.51,2990.0,750.49,120.0,130.0,203.0,C,K3,0,299.0,2990.0
A000229398,3.2,7.0,6.5,0.2,0.0001,10.0,0.0037,2.52,1800.0,453.6,120.0,80.0,203.0,C,EURO,0,180.0,1800.0
A000229399,3.2,7.0,6.5,0.2,0.0001,10.0,0.0037,2.51,1800.0,372.0,120.0,115.6,203.0,C,EURO,0,180.0,1800.0
A000229446,54.0,3.8,3.5,0.8,0.0007,10.0,0.0103,8.0,590.0,477.0,120.0,104.6,203.0,C,EURO,0,59.0,590.0
A000229447,54.0,3.8,3.5,0.78,0.0007,10.0,0.0103,8.0,770.0,616.0,120.0,93.5,203.0,B,EURO,0,77.0,770.0
A000229448,54.0,3.8,3.5,0.8,0.0007,10.0,0.0103,7.26,700.0,508.2,120.0,85.0,203.0,C,EURO,0,70.0,700.0
A000229564,26.4,3.8,2.2,0.326,0.0002,10.0,0.0075,5.96,810.0,482.76,120.0,85.5,203.0,C,EURO,0,81.0,810.0
A000229565,26.4,3.8,2.2,0.33,0.0002,10.0,0.0004,3.3,1300.0,431.0,120.0,65.6,203.0,C,EURO,0,130.0,1300.0
A000229566,26.4,3.8,2.2,0.326,0.0002,10.0,0.0004,0.33,1430.0,477.0,120.0,104.4,203.0,C,EURO,0,143.0,1430.0
A000229567,27.5,4.5,4.2,0.55,0.0005,10.0,0.009,7.89,840.0,662.76,120.0,80.5,203.0,C,EURO,0,84.0,840.0
A000229568,27.5,4.5,4.2,0.55,0.0005,10.0,0.0071,5.5,1440.0,769.0,120.0,105.6,203.0,B,EURO,0,144.0,1440.0
A000229569,27.5,4.5,4.2,0.55,0.0005,10.0,0.0071,5.5,1440.0,769.0,120.0,105.6,203.0,B,EURO,0,144.0,1440.0
A000229583,6.9,7.4,1.0,0.002,0.0001,10.0,0.0086,0.532,1280.0,68.096,120.0,124.0,210.0,C,K2,0,128.0,1280.0
A000229584,22.5,11.0,11.0,0.3,0.0027,,,,245.0,73.5,120.0,77.0,210.0,C,EURO,0,,245.0
A000229585,2.5,2.5,1.0,0.025,0.0,30.0,0.0016,0.75,12000.0,300.0,120.0,75.0,203.0,C,EURO,0,400.0,12000.0
A000229593,7.8,5.4,1.9,0.024,0.0001,200.0,0.0223,6.29,7200.0,203.44,120.0,99.6,210.0,C,EURO,0,36.0,7200.0
A000229594,7.5,5.3,2.3,0.014,0.0001,100.0,0.0224,2.346,3600.0,84.456,120.0,114.0,210.0,C,K3,0,36.0,3600.0
A000229595,7.5,5.3,2.3,0.014,0.0001,100.0,0.0224,2.346,3600.0,84.456,120.0,114.0,210.0,C,K3,0,36.0,3600.0
A000229596,7.5,5.3,2.3,0.03,0.0001,30.0,0.0016,0.9,12000.0,360.0,120.0,74.0,210.0,C,K3,0,400.0,12000.0
A000229597,6.5,7.7,2.0,0.004,0.0001,20.0,0.0224,0.4,720.0,14.4,120.0,114.0,10.0,C,K3,0,36.0,720.0
A000229598,6.5,7.7,2.0,0.03,0.0001,100.0,0.0224,3.0,1600.0,48.0,120.0,76.0,10.0,C,EURO,0,16.0,1600.0
A000229602,7.5,5.0,1.2,0.005,0.0,100.0,0.019,0.5,4900.0,24.5,120.0,119.0,210.0,C,K3,0,49.0,4900.0
A000229603,7.5,5.0,1.2,0.005,0.0,100.0,0.019,0.5,4900.0,24.5,120.0,119.0,210.0,C,K2,0,49.0,4900.0
A000229614,4.0,3.6,1.0,0.002,0.0,100.0,0.0223,1.268,3600.0,45.648,120.0,114.0,210.0,C,K3,0,36.0,3600.0
A000229615,4.0,3.6,1.0,0.002,0.0,100.0,0.0223,1.268,3600.0,45.648,120.0,114.0,203.0,C,K2,0,36.0,3600.0
A000229616,4.0,3.6,1.0,0.002,0.0,100.0,0.0223,1.268,3600.0,45.648,120.0,114.0,203.0,C,K3,0,36.0,3600.0
A000229617,7.3,5.0,1.3,0.008,0.0,100.0,0.0218,2.48,3600.0,89.28,120.0,112.8,210.0,C,K3,0,36.0,3600.0
A000229618,7.3,5.0,1.3,0.008,0.0,100.0,0.0218,2.48,3600.0,89.28,120.0,112.8,203.0,C,K3,0,36.0,3600.0
A000229619,7.3,5.0,1.3,0.008,0.0,100.0,0.0218,2.48,3600.0,89.28,120.0,112.8,203.0,C,K3,0,36.0,3600.0
A000231842,20.0,12.0,5.0,1.2,0.0012,,,,100.0,122.0,120.0,95.6,207.0,C,EURO,0,,100.0
A000232182,40.2,7.6,3.8,0.7,0.0012,,,,420.0,294.0,120.0,79.8,205.0,C,EURO,0,,420.0
A000232185,21.0,12.0,4.0,1.4,0.001,,,,100.0,142.0,120.0,95.6,207.0,C,EURO,0,,100.0
A000240510,20.2,5.4,0.9,0.036,0.0001,50.0,0.0221,3.156,2100.0,132.552,120.0,115.5,203.0,C,K3,0,42.0,2100.0
A000240511,20.2,5.4,0.9,0.036,0.0001,50.0,0.0221,3.156,2100.0,132.552,120.0,115.5,203.0,C,K3,0,42.0,2100.0
A000240513,22.3,5.8,0.9,0.042,0.0001,50.0,0.0192,3.292,2800.0,161.352,120.0,100.4,203.0,C,EURO,0,56.0,2800.0
A000240514,22.3,5.8,0.9,0.042,0.0001,50.0,0.0192,3.292,2800.0,184.352,120.0,114.8,203.0,C,K3,0,56.0,2800.0
A000240515,22.3,5.8,0.9,0.042,0.0001,50.0,0.0192,3.292,2800.0,161.352,120.0,100.4,203.0,C,EURO,0,56.0,2800.0
A000240516,22.3,5.8,0.9,0.042,0.0001,50.0,0.0192,3.292,2800.0,184.352,120.0,114.8,203.0,C,K2,0,56.0,2800.0
A000240521,25.6,5.9,0.9,0.05,0.0001,50.0,0.0215,3.802,2100.0,145.0,120.0,105.6,203.0,C,EURO,0,42.0,2100.0
A000240522,25.6,5.9,0.9,0.05,0.0001,50.0,0.0215,3.802,2100.0,159.684,120.0,114.8,203.0,C,K3,0,42.0,2100.0
A000240523,25.6,5.9,0.9,0.05,0.0001,50.0,0.0215,3.802,2100.0,159.684,120.0,114.8,203.0,C,EURO,0,42.0,2100.0
A000240524,25.6,5.9,0.9,0.05,0.0001,50.0,0.0207,2.5,1750.0,112.5,120.0,110.0,203.0,B,EURO,0,35.0,1750.0
A000240545,61.2,12.7,9.5,0.29,0.0074,,,,48.0,13.92,120.0,76.0,205.0,C,EURO,0,,48.0
A000240558,5.3,4.8,2.0,0.01,0.0001,100.0,0.0224,1.71,3600.0,61.56,120.0,112.2,210.0,C,K3,0,36.0,3600.0
A000240559,5.3,4.8,2.0,0.01,0.0001,100.0,0.0224,1.71,3600.0,61.56,120.0,112.2,203.0,C,K3,0,36.0,3600.0
A000240560,5.3,4.8,2.0,0.01,0.0001,100.0,0.0224,1.71,3600.0,61.56,120.0,112.2,203.0,C,K3,0,36.0,3600.0
A000240561,8.0,7.0,2.0,0.01,0.0001,100.0,0.0224,1.71,3600.0,61.56,120.0,112.2,203.0,C,K2,0,36.0,3600.0
A000240562,54.2,5.5,3.7,0.334,0.0011,10.0,0.0163,3.7,480.0,154.6,120.0,104.4,203.0,C,EURO,0,48.0,480.0
A000240563,54.0,6.0,4.0,0.18,0.0013,10.0,0.0151,2.19,360.0,78.84,120.0,81.0,210.0,C,EURO,0,36.0,360.0
A000240564,54.2,5.5,3.7,0.334,0.0011,10.0,0.0163,3.7,480.0,154.6,120.0,104.4,203.0,C,EURO,0,48.0,480.0
A000240565,54.0,5.0,3.0,0.13,0.0008,10.0,0.0163,1.8,990.0,180.0,120.0,95.6,203.0,C,EURO,0,99.0,990.0
A000240566,54.0,5.0,3.0,0.18,0.0008,10.0,0.0163,3.7,480.0,154.6,120.0,104.4,203.0,C,EURO,0,48.0,480.0
A000255162,54.5,3.5,3.0,0.13,0.0006,,,,5000.0,702.0,120.0,95.6,205.0,C,EURO,0,,5000.0
A000255358,13.5,13.5,4.5,0.37,0.0008,20.0,0.02,7.4,400.0,150.0,120.0,95.6,203.0,C,EURO,0,20.0,400.0
A000292135,204.0,17.5,6.5,4.0,0.0232,,,,181.0,700.0,204.0,95.6,207.0,C,CONS,0,,181.0
A000300229,32.0,10.0,3.0,0.6,0.001,,,,9999.0,9999.0,9999.0,9999.0,210.0,C,K3,0,,9999.0
A000302024,9.4,3.3,2.7,0.18,0.0001,,,,1000.0,205.0,120.0,110.0,205.0,C,K3,0,,1000.0
A000302254,3.2,7.0,6.5,0.2,0.0001,10.0,0.0037,2.5,960.0,242.0,120.0,95.6,203.0,A,EURO,0,96.0,960.0
A000302452,9.5,3.5,3.0,0.16,0.0001,,,,4500.0,720.0,120.0,54.0,205.0,C,K3,0,,4500.0
A000302987,54.0,3.8,3.5,0.8,0.0007,10.0,0.0106,7.862,770.0,605.374,120.0,99.0,203.0,B,EURO,0,77.0,770.0
A000303049,19.2,17.2,11.0,0.636,0.0036,12.0,0.0608,8.82,240.0,178.4,120.0,135.6,203.0,C,EURO,0,20.0,240.0
A000303089,11.3,4.9,3.5,0.03,0.0002,150.0,0.036,4.632,4800.0,125.224,120.0,105.6,203.0,C,EURO,0,32.0,4800.0
A000303279,17.5,4.0,1.0,0.1,0.0001,,,,9999.0,9999.0,9999.0,9999.0,205.0,C,K3,0,,9999.0
A000303301,177.5,7.5,2.0,2.18,0.0027,,,,300.0,655.0,220.0,52.0,201.0,C,XLONGPALLET,0,,300.0
A000303302,178.0,7.5,2.0,2.17,0.0027,74.0,0.344,156.0,222.0,450.0,220.0,115.6,201.0,C,XLONGPALLET,0,3.0,222.0
A000303303,209.0,7.0,2.0,2.4,0.0029,,,,308.0,739.2,209.0,56.0,201.0,C,XLONGPALLET,0,,308.0
A000303305,170.0,10.0,2.5,2.28,0.0042,,,,256.0,583.68,180.0,80.0,201.0,C,XLONGPALLET,0,,256.0
A000303306,196.0,8.5,2.5,2.47,0.0042,,,,342.0,819.0,200.0,95.6,201.0,C,XLONGPALLET,0,,342.0
A000303307,169.5,9.2,2.4,3.0,0.0037,50.0,0.4473,150.0,150.0,450.0,200.0,106.5,201.0,C,XLONGPALLET,0,3.0,150.0
A000303308,177.0,10.0,2.0,3.0,0.0035,50.0,0.2944,150.0,100.0,300.0,200.0,46.0,201.0,C,XLONGPALLET,0,2.0,100.0
A000303309,195.0,12.0,3.0,3.0,0.007,,,,156.0,468.0,200.0,78.0,201.0,C,XLONGPALLET,0,,156.0
A000303311,195.0,8.0,8.0,1.1,0.0125,50.0,0.2852,130.0,50.0,130.0,200.0,23.0,201.0,C,XLONGPALLET,0,1.0,50.0
A000303312,189.0,10.0,10.0,2.55,0.0189,50.0,0.4445,130.0,100.0,260.0,200.0,75.0,201.0,C,XLONGPALLET,0,2.0,100.0
A000303313,197.0,10.0,10.0,2.55,0.0197,50.0,0.455,130.0,100.0,260.0,200.0,70.0,201.0,C,XLONGPALLET,0,2.0,100.0
A000303314,190.0,10.0,10.0,2.55,0.019,50.0,0.56,130.0,100.0,260.0,20.0,75.0,201.0,C,XLONGPALLET,0,2.0,100.0
A000303327,51.0,5.0,3.5,0.8,0.0009,10.0,0.0139,8.0,520.0,416.0,120.0,92.0,203.0,A,EURO,0,52.0,520.0
A000303329,54.0,5.0,4.0,0.842,0.0011,10.0,0.0134,8.42,560.0,448.52,120.0,104.6,203.0,B,EURO,0,56.0,560.0
A000303330,54.0,5.0,4.0,0.842,0.0011,10.0,0.0134,8.42,520.0,477.0,120.0,104.6,203.0,A,EURO,0,52.0,520.0
A000303331,54.0,5.0,4.0,0.842,0.0011,10.0,0.0129,8.125,560.0,455.0,120.0,106.0,203.0,A,EURO,0,56.0,560.0
A000303348,54.0,5.0,4.0,0.842,0.0011,10.0,0.0134,8.42,560.0,448.52,120.0,104.6,203.0,B,EURO,0,56.0,560.0
A000303381,9.5,3.4,3.0,0.16,0.0001,,,,5700.0,937.0,120.0,110.0,207.0,C,K3,0,,5700.0
A000303775,27.0,26.0,12.5,2.11,0.0088,6.0,0.0705,13.72,48.0,109.76,120.0,84.0,203.0,C,EURO,1,8.0,48.0
A000303776,2.7,27.0,6.5,1.37,0.0005,10.0,0.0617,14.68,110.0,157.0,120.0,75.6,203.0,C,EURO,0,11.0,110.0
A000303777,27.0,27.0,7.0,0.62,0.0051,,,,88.0,54.56,120.0,77.0,203.0,C,EURO,0,,88.0
A000303802,33.0,8.0,7.0,2.2,0.0018,6.0,0.0133,13.51,318.0,716.03,120.0,90.0,207.0,A,EURO,0,53.0,318.0
A000303807,33.0,7.0,8.0,2.2,0.0018,6.0,0.0122,11.5,360.0,715.0,120.0,95.0,207.0,C,EURO,0,60.0,360.0
A000303822,33.0,8.0,7.0,2.3,0.0018,6.0,0.0133,13.8,204.0,477.0,120.0,95.6,207.0,B,EURO,0,34.0,204.0
A000304005,9.5,3.5,2.5,0.12,0.0001,,,,10560.0,1292.2,120.0,110.0,207.0,C,K3,0,,10560.0
A000304120,33.0,8.0,7.0,2.0,0.0018,6.0,0.0133,12.0,300.0,600.0,120.0,75.0,207.0,A,EURO,0,50.0,300.0
A000304122,33.0,7.7,7.7,2.26,0.002,6.0,0.0136,13.6,324.0,707.2,120.0,92.4,207.0,A,EURO,0,54.0,324.0
A000304124,33.0,8.0,1.5,2.25,0.0004,6.0,0.0133,13.5,300.0,675.0,120.0,76.6,207.0,B,EURO,0,50.0,300.0
A000304194,34.0,8.0,8.0,2.3,0.0022,6.0,0.0146,15.0,300.0,775.0,120.0,111.0,207.0,C,K3,0,50.0,300.0
A000304326,43.5,8.0,8.0,3.6,0.0028,,,,120.0,434.0,120.0,85.6,207.0,A,EURO,0,,120.0
A000304329,56.5,5.0,5.5,1.25,0.0016,4.0,0.0156,5.0,144.0,180.0,120.0,78.0,207.0,B,EURO,0,36.0,144.0
A000304349,162.0,10.0,9.5,3.55,0.0154,,,,75.0,450.0,165.0,100.6,207.0,B,XLONGPALLET,0,,75.0
A000304350,163.0,10.5,5.5,1.55,0.0094,3.0,0.0069,5.0,285.0,450.0,220.0,95.6,207.0,C,XLONGPALLET,0,95.0,285.0
A000304352,162.0,10.0,5.0,3.9,0.0081,,,,180.0,440.0,120.0,95.6,207.0,C,XLONGPALLET,0,,180.0
A000304353,54.0,7.5,3.5,0.86,0.0014,,,,440.0,378.4,120.0,80.0,207.0,A,EURO,0,,440.0
A000304359,34.5,10.0,8.0,2.64,0.0028,,,,150.0,441.0,120.0,102.0,207.0,B,EURO,0,,150.0
A000304361,47.5,10.5,8.0,2.77,0.004,75.0,0.5299,207.75,75.0,207.75,120.0,92.0,207.0,B,EURO,0,1.0,75.0
A000304493,23.5,10.0,2.5,0.6,0.0006,25.0,0.0165,14.8,300.0,182.0,120.0,95.6,203.0,C,EURO,0,12.0,300.0
A000304494,23.5,10.0,2.5,0.6,0.0006,25.0,0.0165,14.8,750.0,446.0,120.0,95.6,203.0,C,EURO,0,30.0,750.0
A000304497,24.0,10.0,2.5,0.57,0.0006,25.0,0.0172,14.25,500.0,287.0,120.0,95.6,203.0,C,EURO,0,20.0,500.0
A000304630,33.0,8.0,7.0,2.44,0.0018,,,,420.0,1039.0,120.0,100.0,205.0,C,K3,0,,420.0
A000304656,33.0,8.0,7.5,2.21,0.002,6.0,0.0138,13.26,324.0,716.04,120.0,90.0,205.0,B,EURO,0,54.0,324.0
A000304846,33.0,8.0,7.5,2.01,0.002,2.0,0.0136,4.02,40.0,82.4,120.0,95.6,207.0,C,EURO,0,20.0,40.0
A000304851,33.0,8.0,7.3,2.01,0.0019,,,,236.0,499.36,120.0,90.0,207.0,C,EURO,0,,236.0
A000304897,33.0,8.0,7.5,2.27,0.002,6.0,0.0138,13.62,300.0,477.0,120.0,95.6,207.0,C,EURO,0,50.0,300.0
A000306726,15.3,9.2,1.5,0.058,0.0002,108.0,0.0278,7.81,4320.0,289.4,120.0,121.6,203.0,B,EURO,0,40.0,4320.0
A000306728,15.0,9.3,2.0,0.086,0.0003,108.0,0.0256,9.2,1944.0,167.0,120.0,95.6,203.0,C,EURO,0,18.0,1944.0
A000306729,16.1,8.4,2.3,0.056,0.0003,108.0,0.053,7.75,1296.0,93.0,120.0,73.2,203.0,C,EURO,0,12.0,1296.0
A000306730,15.0,10.0,1.0,0.1,0.0001,,,,9999.0,9999.0,9999.0,9999.0,203.0,C,EURO,0,,9999.0
A000306879,7.5,4.5,2.5,0.1,0.0001,,,,9999.0,9999.0,9999.0,9999.0,205.0,C,K3,0,,9999.0
A000306969,129.0,12.0,10.0,6.13,0.0155,,,,48.0,294.24,130.0,80.0,207.0,C,XLONGPALLET,0,,48.0
A000307011,52.0,13.0,6.5,2.4,0.0044,10.0,0.0491,24.5,160.0,369.0,120.0,121.6,203.0,C,EURO,0,16.0,160.0
A000307012,52.0,13.0,6.5,2.4,0.0044,10.0,0.0525,24.5,160.0,394.0,120.0,108.0,203.0,A,EURO,0,16.0,160.0
A000307013,52.0,13.0,6.5,2.4,0.0044,10.0,0.051,24.5,160.0,369.0,120.0,108.0,203.0,B,EURO,0,16.0,160.0
A000307014,52.0,13.0,6.5,2.4,0.0044,10.0,0.0496,24.5,160.0,386.0,120.0,125.0,203.0,A,EURO,0,16.0,160.0
A000307015,20.5,7.0,4.0,1.1,0.0006,10.0,0.0205,16.723,300.0,501.69,120.0,77.5,203.0,C,EURO,0,30.0,300.0
A000307016,20.5,7.0,4.0,0.9,0.0006,10.0,0.0164,9.0,480.0,434.0,120.0,112.6,203.0,B,EURO,0,48.0,480.0
A000307017,20.5,7.0,4.0,1.2,0.0006,10.0,0.017,10.5,440.0,477.0,120.0,105.6,203.0,B,EURO,0,44.0,440.0
A000307018,20.5,7.0,4.0,0.9,0.0006,10.0,0.0157,9.0,480.0,477.0,120.0,106.6,203.0,A,EURO,0,48.0,480.0
A000307019,27.4,10.5,5.6,1.28,0.0016,10.0,0.0203,12.8,400.0,489.0,120.0,115.6,203.0,B,EURO,0,40.0,400.0
A000307020,27.4,10.5,5.6,1.28,0.0016,10.0,0.0203,12.8,340.0,437.2,120.0,100.6,203.0,B,EURO,0,34.0,340.0
A000307021,27.4,10.5,5.6,1.28,0.0016,10.0,0.0203,12.8,340.0,489.0,120.0,91.0,203.0,A,EURO,0,34.0,340.0
A000307022,27.4,10.5,5.6,1.28,0.0016,10.0,0.0211,12.8,340.0,475.6,120.0,98.0,203.0,A,EURO,0,34.0,340.0
A000307023,28.0,7.2,6.7,1.0,0.0014,10.0,0.0201,19.87,300.0,596.1,120.0,77.0,203.0,C,EURO,0,30.0,300.0
A000307024,28.0,7.2,6.7,1.0,0.0014,10.0,0.018,12.5,240.0,302.0,120.0,95.6,203.0,B,EURO,0,24.0,240.0
A000307025,28.0,7.2,6.7,1.9,0.0014,10.0,0.018,19.872,300.0,596.16,120.0,75.0,203.0,B,EURO,0,30.0,300.0
A000307026,28.0,7.2,6.7,1.0,0.0014,10.0,0.018,10.0,470.0,477.0,120.0,105.6,203.0,A,EURO,0,47.0,470.0
A000307027,32.0,7.0,7.3,1.575,0.0016,10.0,0.0199,20.132,300.0,603.96,120.0,75.0,203.0,B,EURO,0,30.0,300.0
A000307028,26.0,6.0,4.8,1.175,0.0007,10.0,0.0199,17.887,400.0,716.0,120.0,90.0,203.0,A,EURO,0,40.0,400.0
A000307029,26.0,6.0,4.8,1.175,0.0007,10.0,0.0199,19.899,300.0,596.97,120.0,75.0,203.0,A,EURO,0,30.0,300.0
A000307030,26.0,6.0,4.8,1.86,0.0007,10.0,0.0199,11.0,400.0,442.0,120.0,105.6,203.0,A,EURO,0,40.0,400.0
A000307031,26.0,6.6,5.0,1.26,0.0009,10.0,0.0216,20.141,300.0,604.23,120.0,82.5,203.0,C,EURO,0,30.0,300.0
A000307032,26.0,6.6,5.0,1.26,0.0009,10.0,0.0202,19.991,300.0,599.73,120.0,77.5,203.0,C,EURO,0,30.0,300.0
A000307033,26.0,6.6,5.0,1.26,0.0009,10.0,0.0216,20.141,300.0,60423.0,120.0,82.5,203.0,C,EURO,0,30.0,300.0
A000307034,26.0,6.6,5.0,1.26,0.0009,10.0,0.0201,19.989,300.0,599.67,120.0,77.0,203.0,A,EURO,0,30.0,300.0
A000307097,73.0,10.5,4.0,1.1,0.0031,,,,140.0,154.0,120.0,80.0,207.0,C,EURO,0,,140.0
A000307512,9.5,3.5,3.0,0.13,0.0001,,,,2500.0,350.0,120.0,110.0,207.0,C,K3,0,,2500.0
A000307528,200.0,11.0,3.0,1.0,0.0066,,,,189.0,189.0,200.0,81.0,201.0,C,XLONGPALLET,0,,189.0
A000307529,174.4,11.2,3.4,3.09,0.0066,,,,161.0,497.49,175.0,78.2,201.0,C,XLONGPALLET,0,,161.0
A000307530,200.0,11.0,3.0,2.9,0.0066,,,,160.0,439.0,220.0,95.6,201.0,C,XLONGPALLET,0,,160.0
A000307531,175.0,11.0,3.0,2.9,0.0058,,,,160.0,439.0,200.0,95.6,201.0,C,XLONGPALLET,0,,160.0
A000307533,174.5,11.0,3.5,3.17,0.0067,,,,150.0,450.0,220.0,95.6,201.0,C,XLONGPALLET,0,,150.0
A000307536,200.0,11.0,3.0,1.0,0.0066,,,,189.0,189.0,200.0,81.0,201.0,C,XLONGPALLET,0,,189.0
A000307539,175.0,11.0,3.0,2.9,0.0058,,,,160.0,439.0,200.0,95.6,201.0,C,CONS,0,,160.0
A000307542,200.0,11.0,3.5,3.21,0.0077,,,,148.0,450.0,220.0,95.6,201.0,C,CONS,0,,148.0
A000307543,174.0,11.0,3.0,2.99,0.0057,,,,155.0,445.0,175.0,95.6,201.0,C,CONS,0,,155.0
A000307688,175.0,10.0,4.0,3.0,0.007,,,,158.0,449.0,180.0,95.6,201.0,C,XLONGPALLET,0,,158.0
A000307699,174.5,11.0,3.5,3.16,0.0067,,,,150.0,450.0,220.0,95.6,201.0,C,CONS,0,,150.0
A000308397,37.0,10.5,1.0,0.2,0.0004,,,,9999.0,9999.0,9999.0,9999.0,207.0,C,K3,0,,9999.0
A000308403,2.0,18.5,2.5,0.33,0.0001,,,,9999.0,9999.0,9999.0,9999.0,205.0,C,K3,0,,9999.0
A000308404,2.5,5.5,2.5,0.04,0.0,,,,12000.0,505.0,120.0,110.0,207.0,C,K3,0,,12000.0
A000308405,4.0,4.0,2.0,0.06,0.0,,,,9999.0,9999.0,9999.0,9999.0,205.0,C,K1,0,,9999.0
A000308411,18.4,5.0,5.0,0.6,0.0005,,,,9999.0,9999.0,9999.0,9999.0,205.0,C,K3,0,,9999.0
A000308693,174.5,11.2,4.0,2.4,0.0078,,,,100.0,240.0,175.0,60.0,201.0,C,XLONGPALLET,0,,100.0
A000308694,199.0,11.0,3.0,2.52,0.0066,,,,287.0,700.0,199.0,95.6,201.0,C,XLONGPALLET,0,,287.0
A000308695,200.0,11.0,3.0,2.64,0.0066,,,,100.0,239.0,200.0,105.6,201.0,C,XLONGPALLET,0,,100.0
A000308697,221.0,11.0,3.0,2.78,0.0073,,,,189.0,500.0,120.0,95.6,201.0,C,XLONGPALLET,0,,189.0
A000308698,174.5,11.0,3.0,2.58,0.0058,,,,190.0,450.0,220.0,65.6,201.0,C,XLONGPALLET,0,,190.0
A000308699,200.0,10.0,4.0,1.0,0.008,,,,160.0,160.0,200.0,80.0,201.0,C,CONS,0,,160.0
A000308700,174.5,11.0,3.5,2.8,0.0067,,,,161.0,450.8,175.0,80.5,201.0,C,CONS,0,,161.0
A000308701,200.0,11.0,3.5,2.6,0.0077,,,,162.0,396.0,120.0,95.6,201.0,C,XLONGPALLET,0,,162.0
A000308702,200.0,11.0,3.5,2.8,0.0077,,,,161.0,450.8,120.0,80.5,201.0,C,XLONGPALLET,0,,161.0
A000308703,200.0,11.0,3.0,2.59,0.0066,,,,210.0,518.0,120.0,95.6,201.0,C,XLONGPALLET,0,,210.0
A000308704,175.0,11.0,4.0,2.87,0.0077,,,,140.0,401.8,175.0,80.0,201.0,C,XLONGPALLET,0,,140.0
A000308705,200.0,11.0,3.5,2.85,0.0077,,,,161.0,458.85,200.0,80.5,201.0,C,XLONGPALLET,0,,161.0
A000308708,170.0,7.0,2.0,2.14,0.0024,5.0,0.0275,10.7,180.0,385.2,200.0,72.0,201.0,C,XLONGPALLET,0,36.0,180.0
A000308709,177.0,2.0,8.5,2.16,0.003,5.0,0.0405,11.8,100.0,211.0,222.0,165.6,201.0,B,XLONGPALLET,0,20.0,100.0
A000308710,195.0,7.0,2.0,2.3,0.0027,5.0,0.0345,11.5,175.0,402.5,223.0,80.5,201.0,C,XLONGPALLET,0,35.0,175.0
A000308711,200.0,2.0,9.0,2.4,0.0036,5.0,0.0404,11.48,200.0,434.2,225.0,105.6,201.0,C,XLONGPALLET,0,40.0,200.0
A000308713,173.0,2.5,4.0,2.48,0.0017,5.0,0.0273,12.43,190.0,450.0,180.0,85.6,201.0,C,XLONGPALLET,0,38.0,190.0
A000308714,223.0,14.0,13.0,2.7,0.0406,5.0,0.047,13.5,120.0,324.0,240.0,84.0,201.0,C,XLONGPALLET,0,24.0,120.0
A000308715,176.0,13.5,13.0,2.4,0.0309,,,,150.0,366.0,176.0,78.0,201.0,C,CONS,0,,150.0
A000308716,215.0,10.0,2.0,1.0,0.0043,5.0,0.0375,5.0,180.0,180.0,225.0,78.0,201.0,C,XLONGPALLET,0,36.0,180.0
A000308751,4.0,2.0,2.0,0.001,0.0,,,,10000.0,35.0,120.0,110.0,205.0,C,K1,0,,10000.0
A000308755,39.0,22.0,28.0,4.5,0.024,5.0,0.1509,25.0,40.0,192.0,120.0,145.6,203.0,B,EURO,1,8.0,40.0
A000308758,13.5,28.5,13.5,1.17,0.0052,12.0,0.0801,15.214,96.0,121.712,120.0,85.0,203.0,A,EURO,0,8.0,96.0
A000308761,9.5,8.0,21.0,0.464,0.0016,24.0,0.0615,11.121,192.0,88.968,120.0,65.0,203.0,B,EURO,0,8.0,192.0
A000308762,21.0,9.5,8.0,0.763,0.0016,24.0,0.0563,19.0,288.0,230.0,120.0,95.6,203.0,B,EURO,0,12.0,288.0
A000309875,8.0,2.0,1.0,0.05,0.0,,,,9999.0,9999.0,9999.0,9999.0,205.0,C,K3,0,,9999.0
A000310227,24.5,18.0,9.5,6.07,0.0042,,,,118.0,716.26,120.0,76.0,205.0,C,EURO,0,,118.0
A000310424,23.0,6.0,1.0,0.01,0.0001,10.0,0.0208,1.262,360.0,45.432,120.0,93.0,203.0,C,EURO,0,36.0,360.0
A000310425,22.8,5.9,0.9,0.046,0.0001,50.0,0.019,2.3,2400.0,110.4,120.0,120.0,210.0,C,K3,0,48.0,2400.0
A000310426,22.8,5.9,0.9,0.046,0.0001,50.0,0.019,2.3,2400.0,110.4,120.0,120.0,203.0,C,K3,0,48.0,2400.0
A000310427,22.8,5.9,0.9,0.046,0.0001,50.0,0.019,2.3,2400.0,110.4,120.0,120.0,210.0,C,K3,0,48.0,2400.0
A000310908,39.0,30.0,44.0,6.51,0.0515,,,,12.0,78.12,120.0,88.0,,C,EURO,0,,12.0
A000311624,26.0,9.0,2.0,0.5,0.0005,25.0,0.011,12.5,1200.0,600.0,120.0,80.0,207.0,C,EURO,0,48.0,1200.0
A000312289,16.5,8.0,4.0,0.23,0.0005,,,,2000.0,477.0,120.0,95.6,10.0,C,EURO,1,,2000.0
A000312290,20.0,10.0,5.0,0.1,0.001,,,,2500.0,252.0,120.0,95.6,10.0,C,EURO,1,,2500.0
A000313431,20.0,5.5,0.5,0.364,0.0001,60.0,0.0133,21.0,960.0,361.0,100.0,80.0,203.0,C,K3,0,16.0,960.0
A000313432,20.0,5.5,0.5,0.364,0.0001,100.0,0.0232,36.4,1200.0,461.0,100.0,80.0,203.0,C,K3,0,12.0,1200.0
A000313433,24.0,5.5,0.4,0.368,0.0001,60.0,0.0121,22.0,1200.0,442.0,120.0,65.6,203.0,C,EURO,0,20.0,1200.0
A000313506,4.0,2.0,1.0,0.01,0.0,,,,47000.0,495.0,120.0,110.0,205.0,C,K3,0,,47000.0
A000313517,11.0,11.0,2.0,0.1,0.0002,25.0,0.0092,2.99,2400.0,266.0,120.0,95.6,207.0,C,K3,0,96.0,2400.0
A000313523,15.0,12.0,2.0,0.1,0.0004,,,,2256.0,250.6,120.0,110.0,205.0,C,K3,0,,2256.0
A000313528,12.0,11.5,2.0,0.12,0.0003,,,,2820.0,364.2,120.0,110.0,205.0,C,K3,0,,2820.0
A000313671,15.3,9.2,1.4,0.076,0.0002,108.0,0.0302,8.208,3888.0,272.488,120.0,120.8,203.0,C,EURO,0,36.0,3888.0
A000313693,2.0,12.0,18.0,0.27,0.0004,10.0,0.0083,3.09,1200.0,372.0,120.0,93.6,203.0,C,EURO,0,120.0,1200.0
A000313694,2.5,12.0,17.5,0.29,0.0005,10.0,0.0041,2.9,610.0,179.0,120.0,75.6,203.0,C,EURO,0,61.0,610.0
A000313695,2.0,12.0,18.0,0.3,0.0004,10.0,0.0083,3.38,1000.0,340.0,120.0,93.6,203.0,C,EURO,0,100.0,1000.0
A000313696,2.0,12.0,18.0,0.3,0.0004,10.0,0.0083,3.38,1000.0,340.0,120.0,93.6,203.0,C,EURO,0,100.0,1000.0
A000313697,18.0,12.0,3.0,0.32,0.0006,10.0,0.0077,3.53,600.0,242.0,120.0,95.6,203.0,C,EURO,0,60.0,600.0
A000313698,2.0,12.0,17.5,0.33,0.0004,10.0,0.0083,3.6,1000.0,362.0,120.0,95.6,203.0,B,EURO,0,100.0,1000.0
A000313699,2.5,12.0,19.5,0.35,0.0006,10.0,0.0087,4.0,800.0,272.0,120.0,85.6,203.0,C,EURO,0,80.0,800.0
A000313700,17.5,12.0,2.0,0.21,0.0004,10.0,0.0073,2.38,800.0,190.4,120.0,80.0,203.0,C,EURO,0,80.0,800.0
A000313701,2.0,12.0,18.0,0.27,0.0004,10.0,0.008,2.97,1000.0,299.0,120.0,93.6,203.0,C,EURO,0,100.0,1000.0
A000313702,2.0,12.0,18.0,0.28,0.0004,10.0,0.0083,3.11,1000.0,313.0,120.0,93.6,203.0,C,EURO,0,100.0,1000.0
A000313703,2.0,12.0,18.0,0.29,0.0004,10.0,0.0083,3.25,800.0,260.0,120.0,76.0,203.0,C,EURO,0,80.0,800.0
A000313704,2.0,12.0,18.0,0.33,0.0004,10.0,0.008,3.56,1000.0,358.0,120.0,93.6,203.0,C,EURO,0,100.0,1000.0
A000313705,2.0,12.0,18.0,0.29,0.0004,10.0,0.0083,3.25,1000.0,327.0,120.0,93.6,203.0,C,EURO,0,100.0,1000.0
A000313706,2.0,12.0,20.0,0.37,0.0005,10.0,0.0088,3.88,800.0,310.4,120.0,84.0,203.0,C,EURO,0,80.0,800.0
A000313707,2.0,12.0,18.0,0.3,0.0004,10.0,0.0083,3.39,1000.0,341.0,120.0,93.6,203.0,C,EURO,0,100.0,1000.0
A000313708,2.0,12.0,21.0,0.46,0.0005,10.0,0.0076,5.1,1000.0,452.0,120.0,85.6,203.0,C,EURO,0,100.0,1000.0
A000313709,2.0,12.0,17.5,0.41,0.0004,10.0,0.0075,4.1,1000.0,352.0,120.0,85.6,203.0,C,EURO,0,100.0,1000.0
A000313710,17.0,13.0,3.0,0.32,0.0007,10.0,0.0072,3.55,1000.0,357.0,120.0,105.6,203.0,C,EURO,0,100.0,1000.0
A000313711,2.0,12.0,18.0,0.35,0.0004,10.0,0.008,3.88,1000.0,388.0,120.0,95.0,203.0,C,EURO,0,100.0,1000.0
A000313712,2.5,12.0,14.5,0.42,0.0004,10.0,0.0076,4.7,1000.0,412.0,120.0,85.6,203.0,C,EURO,0,100.0,1000.0
A000313713,20.0,12.0,3.0,0.36,0.0007,10.0,0.0087,3.6,800.0,288.0,120.0,83.2,203.0,C,EURO,0,80.0,800.0
A000313714,2.0,13.0,22.0,0.44,0.0006,10.0,0.01,4.82,1000.0,484.0,120.0,93.6,203.0,C,EURO,0,100.0,1000.0
A000315481,16.5,3.5,2.5,0.14,0.0001,,,,1000.0,165.0,120.0,110.0,205.0,C,K3,0,,1000.0
A000315888,3.0,13.0,18.0,0.25,0.0007,10.0,0.0074,2.81,1000.0,283.0,120.0,93.6,203.0,C,EURO,0,100.0,1000.0
A000315967,18.0,9.0,4.0,0.28,0.0006,50.0,0.0356,14.0,1000.0,280.0,120.0,80.0,203.0,C,EURO,0,20.0,1000.0
A000316052,59.0,58.0,75.0,90.0,0.2566,,,,2.0,157.0,120.0,95.6,203.0,C,EURO,1,,2.0
A000316164,30.9,19.6,6.0,1.542,0.0036,8.0,0.0336,13.15,240.0,371.5,120.0,117.6,203.0,B,EURO,1,30.0,240.0
A000316165,30.2,17.9,7.4,1.818,0.004,8.0,0.034,15.0,192.0,362.0,120.0,100.6,203.0,B,EURO,1,24.0,192.0
A000316166,28.0,17.88,5.3,1.264,0.0027,8.0,0.0275,10.91,336.0,458.22,120.0,154.0,203.0,C,EURO,1,42.0,336.0
A000316167,29.7,20.1,7.8,1.544,0.0047,8.0,0.0479,12.5,224.0,312.5,120.0,148.0,203.0,B,EURO,1,28.0,224.0
A000316168,29.7,19.6,6.0,1.268,0.0035,8.0,0.0358,11.068,240.0,309.04,120.0,123.6,203.0,C,EURO,0,30.0,240.0
A000316169,31.6,19.2,8.8,3.296,0.0053,2.0,0.0111,6.792,144.0,463.0,120.0,130.6,203.0,C,EURO,1,72.0,144.0
A000316170,41.2,20.3,7.7,4.0,0.0064,2.0,0.0132,6.2,144.0,448.4,120.0,100.6,203.0,C,EURO,1,72.0,144.0
A000316171,20.5,18.0,3.6,0.42,0.0013,48.0,0.0639,22.294,720.0,311.41,120.0,107.7,203.0,B,EURO,0,15.0,720.0
A000316172,24.0,11.7,3.9,0.29,0.0011,24.0,0.0484,8.246,504.0,360.166,120.0,90.6,203.0,A,EURO,0,21.0,504.0
A000316173,25.2,14.6,3.3,0.446,0.0012,12.0,0.0267,6.194,480.0,249.6,120.0,116.6,203.0,B,EURO,0,40.0,480.0
A000318038,17.5,8.0,2.0,0.3,0.0003,50.0,0.019,17.0,1200.0,477.0,120.0,65.6,203.0,A,EURO,0,24.0,1200.0
A000318039,17.5,8.0,2.0,0.32,0.0003,50.0,0.02,16.0,1450.0,589.0,120.0,120.0,203.0,A,K3,0,29.0,1450.0
A000318040,17.0,17.0,0.99,0.3,0.0003,50.0,0.0188,15.0,1600.0,477.0,120.0,95.6,203.0,C,EURO,0,32.0,1600.0
A000318041,17.5,8.0,2.0,0.37,0.0003,50.0,0.0195,18.8,1600.0,601.6,120.0,76.0,203.0,A,EURO,0,32.0,1600.0
A000318042,2.0,17.5,8.0,0.4,0.0003,50.0,0.0196,20.0,1150.0,500.0,120.0,110.0,203.0,B,K3,0,23.0,1150.0
A000318043,8.0,17.5,2.0,0.38,0.0003,50.0,0.0195,21.3,3600.0,1360.0,120.0,165.6,203.0,A,EURO,0,72.0,3600.0
A000319416,23.5,10.0,2.0,0.65,0.0005,24.0,0.0195,861.0,1512.0,861.0,120.0,150.0,202.0,C,K3,0,63.0,1512.0
A000319522,222.0,14.0,0.1,0.33,0.0003,,,,1400.0,437.0,230.0,95.6,102.0,C,XLONGPALLET,0,,1400.0
A000321416,10.0,7.0,2.0,0.24,0.0001,24.0,0.0086,7.68,864.0,290.0,120.0,95.6,207.0,C,EURO,0,36.0,864.0
A000321417,10.0,4.5,4.5,0.46,0.0002,24.0,0.009,8.0,1440.0,500.0,120.0,110.0,102.0,C,EURO,0,60.0,1440.0
A000321418,21.0,4.5,4.5,0.63,0.0004,12.0,0.008,8.0,720.0,480.0,120.0,66.0,102.0,C,EURO,0,60.0,720.0
A000321419,21.0,5.0,3.5,0.84,0.0004,12.0,0.009,5.0,720.0,302.0,120.0,95.6,102.0,C,EURO,0,60.0,720.0
A000321428,25.0,3.5,2.5,0.26,0.0002,5.0,0.009,1.3,25.0,31.5,120.0,110.0,205.0,C,K3,0,5.0,25.0
A000321762,26.0,8.0,2.3,0.48,0.0005,25.0,0.0114,12.28,1200.0,589.44,120.0,83.2,205.0,C,EURO,0,48.0,1200.0
A000322659,15.0,0.09,0.09,0.07,0.0,,,,10285.0,719.95,120.0,10.0,205.0,C,K3,0,,10285.0
A000323150,38.5,17.5,10.5,2.47,0.0071,,,,108.0,268.0,120.0,95.6,205.0,C,EURO,0,,108.0
A000323151,38.0,18.0,10.0,2.46,0.0068,,,,108.0,267.0,120.0,95.6,205.0,C,EURO,0,,108.0
A000323463,212.0,2.5,1.0,1.2,0.0005,208.0,0.6688,309.0,416.0,618.0,225.0,76.0,102.0,C,XLONGPALLET,0,2.0,416.0
A000323530,32.5,16.0,10.0,1.6,0.0052,,,,150.0,242.0,120.0,80.0,207.0,C,K3,0,,150.0
A000323531,39.0,18.0,10.5,1.74,0.0074,,,,700.0,646.0,120.0,95.6,207.0,C,EURO,0,,700.0
A000323668,12.5,5.0,2.5,0.2,0.0002,24.0,0.0195,4.8,960.0,194.0,120.0,95.6,203.0,B,EURO,0,40.0,960.0
A000324095,21.0,12.0,9.0,0.62,0.0023,18.0,0.0499,11.92,216.0,215.72,120.0,105.0,203.0,A,EURO,0,12.0,216.0
A000324369,238.0,4.5,4.5,3.6,0.0048,,,,374.0,1311.0,120.0,85.6,203.0,C,XLONGPALLET,0,,374.0
A000324370,270.0,5.0,5.0,3.9,0.0068,,,,185.0,721.5,270.0,60.0,203.0,C,EURO,0,,185.0
A000324371,320.0,5.0,5.0,2.0,0.008,,,,320.0,640.0,320.0,100.0,203.0,C,XLONGPALLET,0,,320.0
A000324504,17.3,8.5,1.1,0.59,0.0002,20.0,0.0075,12.16,1200.0,729.6,120.0,86.4,102.0,C,EURO,0,60.0,1200.0
A000325259,48.0,11.0,5.0,1.98,0.0026,10.0,0.03,20.33,240.0,464.97,120.0,85.6,203.0,C,EURO,0,24.0,240.0
A000325593,2.0,15.5,9.5,0.36,0.0003,20.0,0.0083,7.56,1200.0,478.6,120.0,110.0,201.0,C,K3,0,60.0,1200.0
A000325595,15.5,8.5,2.0,0.29,0.0003,20.0,0.0076,5.8,999999.0,9999.0,120.0,120.0,201.0,C,K3,0,49999.95,999999.0
A000325608,12.5,7.0,2.0,0.28,0.0002,20.0,0.0081,5.6,1640.0,484.2,120.0,120.0,201.0,B,K3,0,82.0,1640.0
A000325609,10.0,8.0,3.0,0.24,0.0002,20.0,0.008,5.0,1840.0,485.0,120.0,100.0,201.0,A,K3,0,92.0,1840.0
A000325610,20.0,7.5,3.0,0.56,0.0004,,,,1550.0,893.0,120.0,100.0,210.0,C,K3,0,,1550.0
A000325611,17.5,7.0,2.0,0.4,0.0002,20.0,0.019,8.0,540.0,241.0,120.0,110.0,201.0,B,K3,0,27.0,540.0
A000325612,2.0,15.0,8.0,0.3,0.0002,20.0,0.0076,6.0,1560.0,493.0,120.0,110.0,201.0,A,K3,0,78.0,1560.0
A000325613,15.5,8.0,2.5,0.34,0.0003,20.0,0.0022,6.8,2000.0,680.0,120.0,75.0,201.0,A,EURO,0,100.0,2000.0
A000325615,2.0,15.0,8.0,0.3,0.0002,20.0,0.0078,6.0,2880.0,500.0,120.0,150.0,201.0,A,K3,0,144.0,2880.0
A000325616,15.0,8.0,2.0,0.04,0.0002,20.0,0.0084,8.0,960.0,386.0,120.0,65.6,201.0,A,EURO,0,48.0,960.0
A000325617,2.0,15.5,9.0,0.3,0.0003,1.0,0.0003,0.3,1000.0,302.0,120.0,95.6,201.0,B,EURO,0,1000.0,1000.0
A000325747,15.5,2.5,8.0,0.44,0.0003,30.0,1.913,13.64,960.0,451.0,120.0,180.0,201.0,C,K3,0,32.0,960.0
A000325769,9.0,24.0,2.5,0.5,0.0005,25.0,0.0311,12.5,1300.0,642.0,120.0,135.6,201.0,C,EURO,0,52.0,1300.0
A000326379,175.0,10.0,3.0,2.0,0.0052,,,,112.0,225.0,180.0,50.0,201.0,C,CONS,0,,112.0
A000326380,199.5,11.0,3.0,2.49,0.0066,,,,217.0,513.0,200.0,91.6,201.0,C,XLONGPALLET,0,,217.0
A000326381,200.0,11.0,4.0,1.0,0.0088,,,,140.0,140.0,200.0,80.0,201.0,C,XLONGPALLET,0,,140.0
A000326382,220.0,11.0,4.0,2.75,0.0097,,,,161.0,420.0,220.0,95.6,201.0,C,XLONGPALLET,0,,161.0
A000326383,174.3,11.3,3.1,2.58,0.0061,,,,175.0,451.5,175.0,77.5,201.0,C,XLONGPALLET,0,,175.0
A000326384,200.0,11.0,3.5,2.8,0.0077,,,,161.0,450.8,200.0,80.5,201.0,C,CONS,0,,161.0
A000326385,200.0,11.0,3.0,4.0,0.0066,,,,110.0,440.0,210.0,95.6,201.0,C,XLONGPALLET,0,,110.0
A000326386,200.0,11.0,3.0,2.59,0.0066,,,,210.0,518.0,120.0,95.6,201.0,C,XLONGPALLET,0,,210.0
A000326387,175.0,11.0,4.0,1.0,0.0077,,,,140.0,140.0,175.0,80.0,201.0,C,CONS,0,,140.0
A000326388,221.0,11.0,3.5,2.84,0.0085,,,,150.0,450.0,220.0,65.6,201.0,C,XLONGPALLET,0,,150.0
A000326389,175.0,11.0,4.0,1.0,0.0077,,,,140.0,140.0,175.0,80.0,201.0,C,XLONGPALLET,0,,140.0
A000326390,200.0,11.0,3.5,2.8,0.0077,,,,161.0,450.8,200.0,80.5,201.0,C,CONS,0,,161.0
A000326391,170.0,2.1,10.0,2.1,0.0036,5.0,0.0253,12.5,210.0,525.0,175.0,78.4,201.0,C,XLONGPALLET,0,42.0,210.0
A000326392,221.0,13.0,11.0,11.35,0.0316,,,,48.0,519.0,225.0,95.6,201.0,C,XLONGPALLET,0,,48.0
A000326393,222.0,17.0,17.0,5.0,0.0642,,,,16.0,80.0,222.0,68.0,201.0,C,CONS,0,,16.0
A000326394,221.5,13.0,12.5,13.5,0.036,,,,49.0,636.0,220.0,95.6,201.0,C,XLONGPALLET,0,,49.0
A000326395,170.0,2.0,10.0,0.75,0.0034,5.0,0.0345,5.26,125.0,131.5,180.0,70.0,201.0,C,XLONGPALLET,0,25.0,125.0
A000326396,220.0,13.0,12.0,3.0,0.0343,,,,36.0,108.0,220.0,72.0,201.0,C,XLONGPALLET,0,,36.0
A000326858,4.1,2.5,1.7,0.044,0.0,360.0,0.0134,18.122,12960.0,655.392,120.0,81.0,210.0,C,EURO,0,36.0,12960.0
A000326866,6.3,3.4,1.9,0.104,0.0,240.0,0.0193,26.4,7200.0,792.0,120.0,77.0,210.0,C,EURO,0,30.0,7200.0
A000326873,6.7,4.4,2.1,0.184,0.0001,120.0,0.0149,22.882,3600.0,685.0,120.0,83.0,203.0,C,EURO,0,30.0,3600.0
A000326874,6.8,4.4,2.0,0.0184,0.0001,120.0,0.0153,2.2082,2880.0,52.992,120.0,65.2,210.0,C,EURO,0,24.0,2880.0
A000326878,9.8,4.4,2.2,0.2,0.0001,120.0,0.0216,25.1,3360.0,702.8,120.0,90.3,203.0,C,K3,0,28.0,3360.0
A000326879,10.0,4.5,2.0,0.2,0.0001,120.0,0.018,24.0,3360.0,672.0,120.0,77.0,203.0,C,EURO,0,28.0,3360.0
A000326881,9.0,5.4,2.4,0.314,0.0001,36.0,0.029,11.304,1296.0,383.944,120.0,114.6,210.0,C,EURO,0,36.0,1296.0
A000326887,12.8,8.9,2.8,0.128,0.0003,72.0,0.0475,10.392,576.0,83.136,120.0,86.8,203.0,B,EURO,0,8.0,576.0
A000326891,6.3,3.5,2.0,0.058,0.0,180.0,0.0856,10.44,1440.0,83.52,120.0,88.4,203.0,C,EURO,0,8.0,1440.0
A000326893,8.0,3.3,1.7,0.13,0.0,445.0,0.0492,82.85,5340.0,719.0,120.0,110.0,203.0,C,K3,0,12.0,5340.0
A000326895,8.9,5.4,2.1,0.22,0.0001,72.0,0.0156,16.742,3168.0,713.648,120.0,75.2,203.0,C,EURO,0,44.0,3168.0
A000326896,9.8,7.3,4.2,0.288,0.0003,48.0,0.0265,15.012,1728.0,540.432,120.0,118.8,210.0,C,EURO,0,36.0,1728.0
A000326899,13.5,7.5,2.5,0.11,0.0003,36.0,0.0133,4.29,1728.0,205.92,120.0,75.0,203.0,C,EURO,0,48.0,1728.0
A000326900,16.6,11.2,2.5,0.186,0.0005,36.0,0.0234,7.616,1728.0,342.568,120.0,110.4,203.0,C,EURO,0,48.0,1728.0
A000326903,12.6,6.6,2.3,0.07,0.0002,36.0,0.0108,3.028,3420.0,264.66,120.0,103.1,203.0,B,EURO,0,95.0,3420.0
A000326906,15.1,8.5,2.3,0.11,0.0003,36.0,0.0172,4.75,360.0,202.0,120.0,95.6,203.0,B,EURO,0,10.0,360.0
A000326907,15.1,8.6,2.3,0.114,0.0003,36.0,0.0173,4.798,1512.0,178.516,120.0,97.6,203.0,C,EURO,0,42.0,1512.0
A000327212,25.4,14.5,10.0,0.69,0.0037,,,,140.0,225.0,120.0,100.0,205.0,C,K3,0,,140.0
A000328339,38.0,37.0,29.0,17.5,0.0408,,,,24.0,422.0,120.0,104.4,203.0,A,EURO,1,,24.0
A000328340,51.0,41.5,24.5,18.0,0.0519,,,,12.0,218.0,120.0,105.6,203.0,B,EURO,1,,12.0
A000328341,40.0,38.6,43.2,17.0,0.0667,,,,18.0,308.0,120.0,132.3,203.0,B,EURO,1,,18.0
A000328818,2.5,12.0,17.5,0.35,0.0005,10.0,0.0076,3.8,1000.0,322.0,120.0,85.6,203.0,C,EURO,0,100.0,1000.0
A000328937,15.0,20.0,3.0,0.56,0.0009,20.0,0.0172,11.2,720.0,404.0,120.0,78.0,207.0,C,K3,0,36.0,720.0
A000329124,19.5,8.0,3.1,0.6,0.0005,20.0,0.0131,12.2,600.0,366.0,120.0,76.0,207.0,C,EURO,0,30.0,600.0
A000329127,19.5,8.0,4.5,0.68,0.0007,20.0,0.0125,13.6,1080.0,734.4,120.0,89.4,207.0,C,EURO,0,54.0,1080.0
A000329130,14.0,10.0,9.0,0.96,0.0013,20.0,0.0095,19.2,600.0,576.0,120.0,36.0,207.0,C,EURO,0,30.0,600.0
A000329221,19.5,10.0,3.0,0.56,0.0006,20.0,0.0172,11.2,720.0,404.0,120.0,78.0,207.0,C,EURO,0,36.0,720.0
A000329233,25.0,10.0,3.0,0.56,0.0008,20.0,0.0172,11.2,720.0,404.0,120.0,78.0,207.0,C,EURO,0,36.0,720.0
A000329289,25.0,5.5,4.5,0.43,0.0006,20.0,0.0166,8.6,720.0,310.0,120.0,75.0,207.0,C,EURO,0,36.0,720.0
A000329300,25.0,10.0,3.5,0.64,0.0009,20.0,0.017,12.8,720.0,460.8,120.0,76.8,207.0,C,EURO,0,36.0,720.0
A000329303,15.0,25.0,3.0,0.56,0.0011,20.0,0.0172,11.2,720.0,404.0,120.0,78.0,207.0,C,EURO,0,36.0,720.0
A000329474,25.0,5.5,4.5,0.43,0.0006,20.0,0.0166,8.6,720.0,310.0,120.0,75.0,207.0,C,EURO,0,36.0,720.0
A000329518,12.0,11.0,9.5,1.08,0.0013,10.0,0.1681,10.8,360.0,388.8,120.0,78.0,207.0,C,EURO,0,36.0,360.0
A000329541,19.5,6.0,6.0,0.56,0.0007,20.0,0.0172,11.2,720.0,404.0,120.0,78.0,207.0,C,EURO,0,36.0,720.0
A000329544,19.0,5.0,5.0,0.56,0.0005,20.0,0.0172,11.2,720.0,404.0,120.0,78.0,207.0,C,EURO,0,36.0,720.0
A000329546,19.0,5.0,5.0,0.56,0.0005,20.0,0.0172,11.2,720.0,404.0,120.0,78.0,207.0,C,K3,0,36.0,720.0
A000329560,25.0,5.5,4.5,0.43,0.0006,20.0,0.0166,8.6,720.0,310.0,120.0,75.0,207.0,C,EURO,0,36.0,720.0
A000329722,180.0,3.0,10.0,1.2,0.0054,4.0,0.0323,5.5,120.0,165.0,200.0,72.0,207.0,C,CONS,0,30.0,120.0
A000329991,18.0,9.0,6.7,0.53,0.0011,20.0,0.0243,10.6,480.0,255.0,120.0,79.6,207.0,C,EURO,0,24.0,480.0
A000330030,18.0,9.0,7.0,0.58,0.0011,20.0,0.0276,11.8,320.0,190.0,120.0,80.0,207.0,C,EURO,0,16.0,320.0
A000330220,10.5,7.7,7.6,0.21,0.0006,20.0,0.0143,4.22,600.0,126.6,120.0,77.5,207.0,C,K3,0,30.0,600.0
A000330279,18.0,9.0,7.0,0.59,0.0011,20.0,0.0276,11.8,320.0,190.0,120.0,80.0,207.0,C,EURO,0,16.0,320.0
A000330313,19.0,8.0,6.7,0.53,0.001,20.0,0.0243,10.6,480.0,255.0,120.0,80.0,207.0,C,EURO,0,24.0,480.0
A000330523,25.0,10.0,3.0,0.56,0.0008,20.0,0.0172,11.2,720.0,404.0,120.0,78.0,207.0,C,EURO,0,36.0,720.0
A000330526,25.0,9.5,2.8,0.57,0.0007,20.0,0.0172,11.5,720.0,414.0,120.0,78.0,207.0,C,EURO,0,36.0,720.0
A000330631,25.0,15.0,3.0,0.56,0.0011,20.0,0.0169,11.2,720.0,404.0,120.0,78.0,207.0,C,K3,0,36.0,720.0
A000330637,26.0,5.3,4.5,0.63,0.0006,20.0,0.0159,12.6,720.0,455.0,120.0,72.0,207.0,C,EURO,0,36.0,720.0
A000330714,26.0,5.3,6.0,0.63,0.0008,,,,720.0,455.0,120.0,72.0,207.0,C,EURO,0,,720.0
A000330716,26.0,5.3,4.2,0.63,0.0006,20.0,0.0159,12.6,720.0,455.0,120.0,72.0,207.0,C,EURO,0,36.0,720.0
A000330718,15.0,5.4,4.2,0.63,0.0003,20.0,0.0156,12.6,720.0,455.0,120.0,72.0,207.0,C,EURO,0,36.0,720.0
A000330720,15.0,5.4,4.2,0.63,0.0003,20.0,0.0159,12.6,720.0,455.0,120.0,72.0,207.0,C,EURO,0,36.0,720.0
A000330722,25.0,9.5,2.8,0.57,0.0007,20.0,0.0172,11.5,720.0,414.0,120.0,78.0,207.0,C,EURO,0,36.0,720.0
A000330723,25.0,5.3,4.5,0.63,0.0006,20.0,0.0159,12.6,720.0,454.32,120.0,72.0,207.0,C,EURO,0,36.0,720.0
A000330725,25.0,5.3,4.5,0.63,0.0006,20.0,0.0346,12.6,720.0,455.0,120.0,72.0,207.0,C,EURO,0,36.0,720.0
A000330727,25.0,5.3,4.5,0.63,0.0006,20.0,0.0159,12.6,720.0,455.0,120.0,72.0,207.0,C,EURO,0,36.0,720.0
A000330730,25.0,5.3,4.5,0.63,0.0006,20.0,0.0159,12.6,720.0,454.32,120.0,72.0,207.0,C,EURO,0,36.0,720.0
A000330734,25.0,5.0,4.5,0.63,0.0006,20.0,0.0159,12.6,720.0,454.36,120.0,72.0,207.0,C,EURO,0,36.0,720.0
A000330735,25.0,4.0,5.0,0.6,0.0005,20.0,0.0159,12.6,720.0,454.36,120.0,72.0,207.0,C,EURO,0,36.0,720.0
A000330745,15.0,4.5,6.1,0.55,0.0004,20.0,0.0159,12.6,720.0,454.36,120.0,72.0,207.0,C,EURO,0,36.0,720.0
A000330748,25.0,10.0,3.5,0.64,0.0009,20.0,0.017,12.8,720.0,460.8,120.0,77.0,207.0,C,EURO,0,36.0,720.0
A000330767,25.0,6.0,3.0,0.6,0.0004,20.0,0.0159,12.6,720.0,455.0,120.0,72.0,207.0,C,EURO,0,36.0,720.0
A000330830,25.0,6.0,5.0,0.6,0.0008,20.0,0.0159,12.6,720.0,455.0,120.0,72.0,207.0,C,EURO,0,36.0,720.0
A000330834,25.0,5.5,4.5,0.49,0.0006,20.0,0.0177,9.8,720.0,352.8,120.0,81.0,207.0,C,EURO,0,36.0,720.0
A000330998,19.0,6.0,6.0,0.56,0.0007,20.0,0.0172,11.2,720.0,403.2,120.0,78.0,207.0,C,EURO,0,36.0,720.0
A000331003,25.0,6.0,6.0,0.56,0.0009,20.0,0.0172,11.2,720.0,403.2,120.0,78.0,207.0,C,EURO,0,36.0,720.0
A000331044,25.0,5.5,4.0,0.43,0.0006,20.0,0.0166,8.6,720.0,310.0,120.0,75.0,207.0,C,EURO,0,36.0,720.0
A000331187,9.5,4.0,2.0,0.2,0.0001,50.0,0.0095,10.0,3000.0,600.0,120.0,72.0,207.0,C,EURO,0,60.0,3000.0
A000331724,10.0,8.0,3.0,0.2,0.0002,50.0,0.0083,10.0,3000.0,600.0,120.0,66.0,207.0,C,EURO,0,60.0,3000.0
A000331727,9.5,4.0,2.0,0.2,0.0001,50.0,0.0095,10.0,3000.0,600.0,120.0,72.0,207.0,C,EURO,0,60.0,3000.0
A000331867,9.5,4.0,2.0,0.2,0.0001,50.0,0.0095,10.0,3000.0,600.0,120.0,72.0,207.0,C,EURO,0,60.0,3000.0
A000331918,8.0,4.0,2.0,0.16,0.0001,50.0,0.0094,8.6,3000.0,500.0,120.0,85.0,207.0,C,K3,0,60.0,3000.0
A000332004,14.0,10.0,9.0,0.96,0.0013,20.0,0.0307,19.2,320.0,308.2,120.0,92.0,207.0,C,EURO,0,16.0,320.0
A000332646,17.5,15.5,12.5,1.35,0.0034,4.0,0.018,5.4,144.0,194.4,120.0,84.0,207.0,C,EURO,0,36.0,144.0
A000333525,28.0,9.5,8.0,1.65,0.0021,,,,320.0,528.0,120.0,80.0,203.0,C,EURO,0,,320.0
A000333526,28.0,9.5,8.0,1.65,0.0021,,,,320.0,528.0,120.0,80.0,203.0,C,EURO,0,,320.0
A000333601,8.0,19.5,4.5,0.68,0.0007,20.0,0.0125,13.6,1080.0,734.4,120.0,89.4,207.0,C,K3,0,54.0,1080.0
A000333604,8.0,18.0,4.0,0.68,0.0006,20.0,0.0125,13.6,1080.0,735.0,120.0,90.0,207.0,C,K3,0,54.0,1080.0
A000333606,8.0,16.5,4.5,0.56,0.0006,20.0,0.0125,13.0,1080.0,735.0,120.0,90.0,207.0,C,K3,0,54.0,1080.0
A000333611,8.0,19.5,4.5,0.68,0.0007,20.0,0.0125,13.6,1080.0,734.4,120.0,90.0,207.0,C,EURO,0,54.0,1080.0
A000333650,15.0,7.0,4.0,0.59,0.0004,,,,1220.0,719.8,120.0,88.0,207.0,C,K3,0,,1220.0
A000333651,15.0,7.0,4.0,0.59,0.0004,,,,1220.0,719.8,120.0,88.0,207.0,C,K3,0,,1220.0
A000334835,10.0,7.0,2.5,0.32,0.0002,32.0,0.009,10.24,1920.0,612.0,120.0,70.0,207.0,C,EURO,0,60.0,1920.0
A000334838,10.0,7.5,3.0,0.29,0.0002,32.0,0.0083,9.28,1920.0,556.8,120.0,66.0,207.0,C,EURO,0,60.0,1920.0
A000334849,10.0,7.0,2.5,0.32,0.0002,32.0,0.009,10.24,1920.0,612.0,120.0,70.0,207.0,C,EURO,0,60.0,1920.0
A000334852,10.0,7.5,3.0,0.29,0.0002,32.0,0.0083,9.28,1920.0,556.8,120.0,66.0,207.0,C,EURO,0,60.0,1920.0
A000334858,10.0,7.0,2.5,0.32,0.0002,32.0,0.009,10.24,1920.0,612.0,120.0,70.0,207.0,C,EURO,0,60.0,1920.0
A000334864,10.0,7.0,2.0,0.32,0.0001,,,,1980.0,634.0,120.0,40.0,207.0,C,EURO,0,,1980.0
A000334950,10.0,7.0,2.5,0.32,0.0002,32.0,0.009,10.24,1920.0,612.0,120.0,70.0,207.0,C,EURO,0,60.0,1920.0
A000334990,15.8,10.6,3.8,0.32,0.0006,12.0,0.0161,4.25,720.0,255.0,120.0,82.0,207.0,C,EURO,0,60.0,720.0
A000335039,10.0,7.0,2.5,0.32,0.0002,32.0,0.009,10.24,1920.0,612.0,120.0,70.0,207.0,C,EURO,0,60.0,1920.0
A000335481,16.0,11.0,4.0,0.32,0.0007,,,,980.0,313.6,120.0,80.0,207.0,C,K3,0,,980.0
A000335483,15.8,10.6,3.8,0.32,0.0006,12.0,0.0161,4.25,720.0,255.0,120.0,82.0,207.0,C,EURO,0,60.0,720.0
A000335486,10.0,15.0,3.9,0.37,0.0006,32.0,0.0156,4.95,384.0,159.0,120.0,80.8,207.0,C,EURO,0,12.0,384.0
A000335550,16.6,11.2,3.0,0.74,0.0006,12.0,0.0175,9.04,432.0,325.44,120.0,80.8,207.0,C,EURO,0,36.0,432.0
A000336033,15.0,10.0,3.9,0.37,0.0006,12.0,0.0156,4.95,384.0,159.0,120.0,80.8,207.0,C,EURO,0,32.0,384.0
A000336039,10.0,3.0,5.0,0.37,0.0001,12.0,0.0156,4.95,384.0,159.0,120.0,80.8,207.0,C,EURO,0,32.0,384.0
A000336047,15.9,10.4,3.9,0.37,0.0006,12.0,0.0156,4.95,384.0,158.4,120.0,80.8,207.0,C,EURO,0,32.0,384.0
A000336239,32.0,12.0,3.0,1.22,0.0012,,,,468.0,570.0,120.0,78.0,207.0,C,EURO,0,,468.0
A000336242,32.7,11.9,3.4,1.3,0.0013,10.0,0.0177,13.38,360.0,485.0,120.0,808.8,207.0,C,EURO,0,36.0,360.0
A000336243,31.7,11.9,3.4,1.3,0.0013,10.0,0.0177,13.38,360.0,481.68,120.0,80.8,207.0,C,EURO,0,36.0,360.0
A000336245,32.7,11.9,3.4,1.3,0.0013,10.0,0.0177,13.38,360.0,482.0,120.0,81.0,207.0,C,EURO,0,36.0,360.0
A000336262,32.7,11.9,3.4,1.3,0.0013,10.0,0.0177,13.38,360.0,482.0,120.0,80.8,207.0,C,EURO,0,36.0,360.0
A000336270,32.0,12.0,3.0,1.22,0.0012,,,,468.0,570.0,120.0,78.0,207.0,C,EURO,0,,468.0
A000340707,208.0,5.0,6.0,4.5,0.0062,4.0,0.0358,18.25,120.0,547.5,210.0,78.0,207.0,C,XLONGPALLET,0,30.0,120.0
A000340880,10.0,70.0,2.3,0.31,0.0016,32.0,0.0086,10.4,1920.0,624.0,120.0,66.0,207.0,C,EURO,0,60.0,1920.0
A000340883,10.0,7.0,2.3,0.31,0.0002,32.0,0.0086,10.4,1920.0,624.0,120.0,66.0,207.0,C,EURO,0,60.0,1920.0
A000340886,10.0,7.0,2.3,0.31,0.0002,32.0,0.0086,10.4,1920.0,624.0,120.0,66.0,207.0,C,EURO,0,60.0,1920.0
A000340892,10.0,7.2,2.3,0.32,0.0002,32.0,0.0092,10.24,1920.0,615.0,120.0,68.0,207.0,C,EURO,0,60.0,1920.0
A000340896,16.0,10.5,4.0,0.36,0.0007,32.0,0.0092,10.24,1920.0,615.0,120.0,68.0,207.0,C,EURO,0,60.0,1920.0
A000340902,10.0,7.0,2.3,0.31,0.0002,32.0,0.0086,10.4,1920.0,624.0,120.0,66.0,207.0,C,EURO,0,60.0,1920.0
A000340919,10.0,7.2,2.3,0.32,0.0002,32.0,0.0092,10.24,1920.0,615.0,120.0,68.0,207.0,C,EURO,0,60.0,1920.0
A000340954,10.0,7.2,2.3,0.32,0.0002,32.0,0.0092,10.24,1920.0,615.0,120.0,68.0,207.0,C,EURO,0,60.0,1920.0
A000340969,7.0,10.0,2.5,0.3,0.0002,32.0,0.0109,9.6,1920.0,576.0,120.0,76.0,207.0,C,EURO,0,60.0,1920.0
A000340991,10.0,7.0,2.5,0.3,0.0002,32.0,0.0109,9.6,1920.0,576.0,120.0,76.0,207.0,C,EURO,0,60.0,1920.0
A000341124,10.0,7.0,2.3,0.31,0.0002,32.0,0.0086,10.4,1920.0,624.0,120.0,66.0,207.0,C,EURO,0,60.0,1920.0
A000341127,10.0,7.2,2.3,0.32,0.0002,32.0,0.0092,10.24,1920.0,615.0,120.0,68.0,207.0,C,EURO,0,60.0,1920.0
A000341136,10.0,7.0,2.3,0.32,0.0002,32.0,0.0092,10.24,1920.0,615.0,120.0,68.0,207.0,C,K3,0,60.0,1920.0
A000341139,10.0,7.0,2.5,0.3,0.0002,30.0,0.0109,9.6,1800.0,576.0,120.0,76.0,207.0,C,K3,0,60.0,1800.0
A000341149,10.0,7.0,2.5,0.3,0.0002,30.0,0.0109,9.6,1800.0,576.0,120.0,76.0,207.0,C,EURO,0,60.0,1800.0
A000341155,10.0,4.0,2.5,0.3,0.0001,30.0,0.0109,9.6,1800.0,576.0,120.0,76.0,207.0,C,EURO,0,60.0,1800.0
A000341174,7.2,10.0,2.3,0.32,0.0002,32.0,0.0092,10.24,1920.0,616.0,120.0,68.0,207.0,C,K3,0,60.0,1920.0
A000341192,10.0,7.0,2.5,0.3,0.0002,30.0,0.0109,9.6,1800.0,576.0,120.0,76.0,207.0,C,EURO,0,60.0,1800.0
A000341195,10.0,7.0,2.5,0.3,0.0002,30.0,0.0109,9.6,1800.0,576.0,120.0,76.0,207.0,C,EURO,0,60.0,1800.0
A000341276,10.0,7.2,2.3,0.3,0.0002,32.0,0.0092,10.24,1920.0,615.0,120.0,68.0,207.0,C,EURO,0,60.0,1920.0
A000341280,10.0,7.2,2.3,0.3,0.0002,32.0,0.0092,10.24,1920.0,615.0,120.0,68.0,207.0,C,EURO,0,60.0,1920.0
A000341281,10.0,7.2,2.3,0.32,0.0002,32.0,0.0092,10.24,1920.0,615.0,120.0,68.0,207.0,C,EURO,0,60.0,1920.0
A000341283,10.0,7.0,2.5,0.3,0.0002,32.0,0.0109,9.6,1920.0,576.0,120.0,76.0,207.0,C,EURO,0,60.0,1920.0
A000341287,10.0,7.0,2.5,0.3,0.0002,32.0,0.0109,9.6,1920.0,576.0,120.0,76.0,207.0,C,EURO,0,60.0,1920.0
A000341288,10.0,7.0,2.5,0.3,0.0002,32.0,0.0109,9.6,1920.0,576.0,120.0,78.0,207.0,C,EURO,0,60.0,1920.0
A000341289,10.0,7.2,2.3,0.31,0.0002,32.0,0.0092,10.24,1920.0,615.0,120.0,68.0,207.0,C,EURO,0,60.0,1920.0
A000341291,10.0,7.2,2.3,0.32,0.0002,32.0,0.0092,10.24,1920.0,615.0,120.0,68.0,207.0,C,EURO,0,60.0,1920.0
A000341370,16.5,10.0,4.0,0.39,0.0007,12.0,0.0206,5.16,384.0,166.0,120.0,88.0,207.0,C,EURO,0,32.0,384.0
A000341372,16.0,10.5,4.0,0.43,0.0007,12.0,0.0206,5.16,384.0,166.0,120.0,88.0,207.0,C,EURO,0,32.0,384.0
A000341377,16.0,10.5,4.0,0.39,0.0007,12.0,0.0284,5.15,384.0,165.12,120.0,88.0,207.0,C,EURO,0,32.0,384.0
A000341379,16.0,10.0,4.0,0.43,0.0006,12.0,0.0202,5.16,384.0,166.0,120.0,88.0,207.0,C,EURO,0,32.0,384.0
A000341392,10.0,16.0,4.0,0.43,0.0006,12.0,0.0206,5.16,384.0,166.0,120.0,88.0,207.0,C,EURO,0,32.0,384.0
A000341419,16.0,10.5,4.0,0.43,0.0007,12.0,0.0206,5.16,384.0,166.0,120.0,88.0,207.0,C,K3,0,32.0,384.0
A000341462,10.0,7.0,2.0,0.32,0.0001,12.0,0.0078,3.87,576.0,185.0,120.0,82.0,207.0,C,EURO,0,48.0,576.0
A000341464,16.0,10.5,4.0,0.35,0.0007,12.0,0.0164,5.04,384.0,162.0,120.0,84.0,207.0,C,EURO,0,32.0,384.0
A000341467,16.0,10.5,4.0,0.43,0.0007,12.0,0.0206,5.16,384.0,166.0,120.0,88.0,207.0,C,EURO,0,32.0,384.0
A000341469,16.0,10.0,4.0,0.53,0.0006,,,,1120.0,593.0,120.0,80.0,207.0,C,EURO,0,,1120.0
A000341480,16.0,10.5,4.0,0.36,0.0007,12.0,0.0164,5.04,384.0,162.0,120.0,84.0,207.0,C,EURO,0,32.0,384.0
A000341482,10.0,16.0,4.0,0.41,0.0006,12.0,0.0206,5.16,384.0,166.0,120.0,88.0,207.0,C,EURO,0,32.0,384.0
A000341486,16.0,11.0,4.0,0.32,0.0007,12.0,0.0161,4.2,384.0,135.0,120.0,82.0,207.0,C,EURO,0,32.0,384.0
A000341835,10.0,7.5,3.0,0.29,0.0002,32.0,0.0083,9.28,1920.0,557.0,120.0,66.0,207.0,C,EURO,0,60.0,1920.0
A000341873,13.5,4.0,3.0,0.35,0.0002,,,,1920.0,672.0,120.0,36.0,207.0,C,K3,0,,1920.0
A000341876,13.8,4.2,3.6,0.34,0.0002,30.0,0.0094,10.2,1600.0,612.0,120.0,70.0,207.0,C,EURO,0,53.3333,1600.0
A000342735,16.0,10.0,4.0,0.36,0.0006,12.0,0.0164,5.04,384.0,162.0,120.0,84.0,207.0,C,EURO,0,32.0,384.0
A000342737,16.0,11.0,4.0,0.32,0.0007,12.0,0.0161,4.2,384.0,135.0,120.0,82.0,207.0,C,EURO,0,32.0,384.0
A000342739,15.5,10.5,3.9,0.32,0.0006,12.0,0.016,3.84,576.0,184.32,120.0,82.0,207.0,C,EURO,0,48.0,576.0
A000342741,16.0,11.0,4.0,0.32,0.0007,12.0,0.0161,4.2,384.0,135.0,120.0,82.0,207.0,C,EURO,0,32.0,384.0
A000342743,14.0,11.0,4.0,0.32,0.0006,,,,980.0,313.6,120.0,82.0,207.0,C,EURO,0,,980.0
A000342747,16.0,11.0,4.0,0.32,0.0007,12.0,0.0161,4.2,384.0,135.0,120.0,82.0,207.0,C,EURO,0,32.0,384.0
A000342749,16.0,11.0,4.0,0.32,0.0007,12.0,0.0161,4.2,384.0,135.0,120.0,82.0,207.0,C,EURO,0,32.0,384.0
A000342752,10.0,16.0,4.0,0.36,0.0006,12.0,0.0164,5.0,384.0,162.0,120.0,84.0,207.0,C,K3,0,32.0,384.0
A000342761,16.0,10.5,4.0,0.36,0.0007,12.0,0.0164,5.04,384.0,162.0,120.0,84.0,207.0,C,EURO,0,32.0,384.0
A000342764,16.0,10.0,4.0,0.36,0.0006,12.0,0.0164,5.0,384.0,161.0,120.0,84.0,207.0,C,EURO,0,32.0,384.0
A000342781,16.0,11.0,4.0,0.32,0.0007,,,,980.0,313.6,120.0,82.0,207.0,C,EURO,0,,980.0
A000342784,16.0,11.0,4.0,0.32,0.0007,12.0,0.0161,4.2,384.0,135.0,120.0,82.0,207.0,C,EURO,0,32.0,384.0
A000342791,15.5,10.5,3.9,0.32,0.0006,12.0,0.016,3.84,576.0,184.32,120.0,82.0,207.0,C,EURO,0,48.0,576.0
A000342804,11.0,16.0,4.0,0.32,0.0007,12.0,0.0161,4.2,384.0,134.4,120.0,82.0,207.0,C,EURO,0,32.0,384.0
A000342806,16.0,10.5,4.0,0.36,0.0007,12.0,0.0164,5.04,384.0,162.0,120.0,84.0,207.0,C,K3,0,32.0,384.0
A000342811,15.8,10.4,3.7,0.4,0.0006,12.0,0.016,5.32,288.0,127.7,120.0,80.0,207.0,C,,0,24.0,288.0
A000342815,16.0,10.0,4.0,0.36,0.0006,12.0,0.0164,5.04,384.0,161.92,120.0,84.0,207.0,C,EURO,0,32.0,384.0
A000342817,16.0,3.5,3.5,0.4,0.0002,,,,1540.0,616.0,120.0,35.0,207.0,C,K3,0,,1540.0
A000343153,105.0,16.0,12.0,5.5,0.0202,,,,35.0,193.0,120.0,84.0,207.0,C,EURO,0,,35.0
A000343155,116.0,10.0,10.0,4.99,0.0116,4.0,0.1012,21.0,24.0,130.0,120.0,75.0,207.0,C,EURO,0,6.0,24.0
A000343293,16.0,10.5,4.0,0.34,0.0007,,,,980.0,333.5,120.0,80.0,207.0,C,EURO,0,,980.0
A000343297,16.0,10.5,4.0,0.36,0.0007,12.0,0.0164,5.0,384.0,162.0,120.0,84.0,207.0,C,EURO,0,32.0,384.0
A000343302,16.0,10.5,4.0,0.36,0.0007,12.0,0.0164,5.04,384.0,161.92,120.0,84.0,207.0,C,EURO,0,32.0,384.0
A000343305,16.0,10.5,4.0,0.36,0.0007,12.0,0.0164,5.04,384.0,162.0,120.0,84.0,207.0,C,EURO,0,32.0,384.0
A000343309,16.0,10.5,4.0,0.34,0.0007,,,,980.0,333.5,120.0,80.0,207.0,C,EURO,0,,980.0
A000343312,16.0,10.5,4.0,0.36,0.0007,12.0,0.0164,5.05,384.0,162.0,120.0,84.0,207.0,C,K3,0,32.0,384.0
A000343318,16.0,10.5,4.0,0.36,0.0007,12.0,0.0164,5.04,384.0,162.0,120.0,84.0,207.0,C,EURO,0,32.0,384.0
A000343321,16.0,10.0,4.0,0.36,0.0006,12.0,0.0164,5.0,384.0,162.0,120.0,84.0,207.0,C,K3,0,32.0,384.0
A000343324,16.0,10.5,4.0,0.36,0.0007,12.0,0.0164,5.04,384.0,162.0,120.0,84.0,207.0,C,EURO,0,32.0,384.0
A000343332,16.0,10.5,4.0,0.36,0.0007,12.0,0.0164,5.04,384.0,162.0,120.0,84.0,207.0,C,EURO,0,32.0,384.0
A000343336,16.0,10.5,3.8,0.46,0.0006,12.0,0.0156,6.0,384.0,192.0,120.0,79.2,207.0,C,EURO,0,32.0,384.0
A000343350,16.0,10.5,4.0,0.36,0.0007,12.0,0.0164,5.04,384.0,162.0,120.0,84.0,207.0,C,EURO,0,32.0,384.0
A000343353,15.8,10.6,3.8,0.32,0.0006,12.0,0.0161,4.25,720.0,255.0,120.0,82.0,207.0,C,EURO,0,60.0,720.0
A000343361,16.0,10.0,4.0,0.32,0.0006,12.0,0.0164,5.04,384.0,162.0,120.0,84.0,207.0,C,EURO,0,32.0,384.0
A000343364,16.0,10.5,4.0,0.36,0.0007,12.0,0.0164,5.04,384.0,162.0,120.0,84.0,207.0,C,K3,0,32.0,384.0
A000343367,16.0,10.5,4.0,0.36,0.0007,12.0,0.0164,5.04,384.0,161.92,120.0,84.0,207.0,C,EURO,0,32.0,384.0
A000343388,16.0,10.5,4.0,0.36,0.0007,12.0,0.0164,5.04,384.0,161.92,120.0,84.0,207.0,C,K3,0,32.0,384.0
A000343391,10.5,16.0,4.0,0.36,0.0007,12.0,0.0164,5.05,384.0,163.0,120.0,84.0,207.0,C,EURO,0,32.0,384.0
A000343396,16.0,10.5,4.0,0.36,0.0007,12.0,0.0164,5.04,384.0,162.0,120.0,85.0,207.0,C,EURO,0,32.0,384.0
A000343399,16.0,10.0,2.5,0.36,0.0004,12.0,0.0164,5.04,384.0,162.0,120.0,84.0,207.0,C,EURO,0,32.0,384.0
A000343402,16.0,100.5,4.0,0.36,0.0064,12.0,0.0164,5.04,384.0,162.0,120.0,84.0,207.0,C,EURO,0,32.0,384.0
A000343421,15.8,10.6,3.8,0.32,0.0006,12.0,0.0161,4.25,720.0,255.0,120.0,82.0,207.0,C,EURO,0,60.0,720.0
A000343464,15.5,10.5,3.9,0.32,0.0006,12.0,0.016,3.84,576.0,185.0,120.0,82.0,207.0,C,EURO,0,48.0,576.0
A000343469,16.0,10.5,3.5,0.41,0.0006,,,,1470.0,603.0,120.0,105.0,207.0,C,K3,0,,1470.0
A000343472,15.5,10.5,3.9,0.32,0.0006,12.0,0.0156,3.84,576.0,185.0,120.0,82.0,207.0,C,EURO,0,48.0,576.0
A000343510,16.0,10.0,4.0,0.34,0.0006,12.0,0.0164,5.04,384.0,162.0,120.0,84.0,207.0,C,K3,0,32.0,384.0
A000344028,10.0,7.0,2.5,0.32,0.0002,32.0,0.0094,10.24,1920.0,612.0,120.0,70.0,207.0,C,EURO,0,60.0,1920.0
A000344038,10.0,7.0,2.5,0.32,0.0002,32.0,0.009,10.24,1920.0,612.0,120.0,70.0,207.0,C,EURO,0,60.0,1920.0
A000344078,10.0,7.0,2.5,0.32,0.0002,32.0,0.009,10.24,1920.0,612.0,120.0,70.0,207.0,C,EURO,0,60.0,1920.0
A000344106,10.0,7.0,2.5,0.32,0.0002,32.0,0.009,10.24,1920.0,612.0,120.0,70.0,207.0,C,EURO,0,60.0,1920.0
A000344176,10.0,7.0,2.5,0.32,0.0002,32.0,0.009,10.24,1920.0,612.0,120.0,70.0,207.0,C,EURO,0,60.0,1920.0
A000344217,10.7,7.6,1.9,0.05,0.0002,108.0,0.0332,5.6,1728.0,91.0,120.0,75.6,203.0,A,EURO,0,16.0,1728.0
A000344397,9.0,15.5,25.0,0.54,0.0035,,,,260.0,140.4,120.0,100.0,207.0,C,EURO,0,,260.0
A000344429,38.6,26.5,23.0,9.246,0.0235,,,,45.0,416.07,120.0,116.0,203.0,A,EURO,1,,45.0
A000344430,38.0,39.0,30.0,13.41,0.0445,,,,24.0,298.89,120.0,103.6,203.0,A,EURO,1,,24.0
A000344431,40.5,38.5,44.0,18.48,0.0686,,,,18.0,334.0,120.0,135.6,203.0,A,EURO,1,,18.0
A000344433,51.0,40.0,24.0,15.2,0.049,,,,12.0,237.8,120.0,96.3,203.0,A,EURO,1,,12.0
A000349384,10.7,7.8,2.3,0.054,0.0002,180.0,0.0487,9.72,4500.0,245.0,120.0,95.6,203.0,A,EURO,0,25.0,4500.0
A000349456,10.7,7.8,2.3,0.09,0.0002,180.0,0.045,18.0,2880.0,362.0,120.0,95.6,203.0,B,EURO,0,16.0,2880.0
A000349457,12.6,8.7,2.2,0.166,0.0002,120.0,0.0485,21.69,1680.0,280.66,120.0,115.1,203.0,B,EURO,0,14.0,1680.0
A000349458,10.5,7.6,2.2,0.074,0.0002,180.0,0.0447,14.79,3600.0,272.8,120.0,106.6,203.0,A,EURO,0,20.0,3600.0
A000349459,10.7,7.6,2.3,0.114,0.0002,180.0,0.068,21.58,2520.0,192.8,120.0,100.0,203.0,A,EURO,0,14.0,2520.0
A000349460,14.6,10.0,2.5,0.202,0.0004,120.0,0.0511,25.8,1680.0,361.2,120.0,119.0,203.0,A,EURO,0,14.0,1680.0
A000349461,12.5,8.4,2.5,0.122,0.0003,36.0,0.0141,5.032,2376.0,309.112,120.0,97.2,203.0,A,EURO,0,66.0,2376.0
A000349462,15.1,8.6,2.4,0.214,0.0003,36.0,0.0154,8.416,1944.0,431.464,120.0,97.8,203.0,C,EURO,0,54.0,1944.0
A000349463,16.8,14.9,2.4,0.268,0.0006,36.0,0.022,10.566,1152.0,322.0,120.0,101.4,203.0,C,EURO,0,32.0,1152.0
A000349464,11.0,8.0,2.0,0.142,0.0002,36.0,0.01,5.625,3528.0,528.25,120.0,97.6,203.0,B,EURO,0,98.0,3528.0
A000349465,12.6,8.7,2.8,0.19,0.0003,36.0,0.0141,7.534,2268.0,451.642,120.0,106.0,203.0,A,EURO,0,63.0,2268.0
A000349466,16.5,10.9,2.7,0.348,0.0005,36.0,0.0211,13.299,1080.0,398.97,120.0,105.7,203.0,A,EURO,0,30.0,1080.0
A000349467,19.1,13.2,2.5,0.66,0.0006,24.0,0.0232,16.72,960.0,645.8,120.0,116.8,203.0,B,EURO,0,40.0,960.0
A000349468,14.6,10.1,2.5,0.21,0.0004,36.0,0.0151,8.345,2016.0,469.32,120.0,112.6,203.0,A,EURO,0,56.0,2016.0
A000349469,12.9,8.8,2.0,0.068,0.0002,180.0,0.0856,15.558,1800.0,163.696,120.0,118.2,203.0,A,EURO,0,10.0,1800.0
A000349470,12.8,8.8,2.0,0.124,0.0002,180.0,0.1008,25.72,2160.0,285.64,120.0,118.5,203.0,C,EURO,0,12.0,2160.0
A000349471,12.8,8.9,2.4,0.142,0.0003,120.0,0.0585,19.48,1440.0,235.76,120.0,90.6,203.0,A,EURO,0,12.0,1440.0
A000349472,15.5,9.0,2.0,0.23,0.0003,72.0,0.0544,18.0,864.0,326.0,120.0,90.6,203.0,A,EURO,0,12.0,864.0
A000349473,12.9,8.8,2.1,0.068,0.0002,180.0,0.0855,15.392,2160.0,161.704,120.0,118.8,203.0,C,EURO,0,12.0,2160.0
A000349474,12.9,8.9,2.3,0.146,0.0003,120.0,0.0591,19.298,1080.0,150.68,120.0,100.6,203.0,C,EURO,0,9.0,1080.0
A000349475,15.5,9.0,1.5,0.24,0.0002,72.0,0.0438,18.34,720.0,183.4,120.0,85.0,203.0,C,EURO,0,10.0,720.0
A000349476,12.5,6.6,2.2,0.04,0.0002,36.0,0.0072,2.0,3600.0,202.0,120.0,85.6,203.0,A,EURO,0,100.0,3600.0
A000349477,14.0,8.0,10.0,0.31,0.0011,36.0,0.0082,1.982,2880.0,158.56,120.0,86.0,203.0,C,EURO,0,80.0,2880.0
A000349478,13.5,7.6,2.5,0.084,0.0003,36.0,0.0128,3.35,2880.0,245.0,120.0,111.6,203.0,A,EURO,0,80.0,2880.0
A000349479,13.5,7.6,2.6,0.078,0.0003,36.0,0.0129,3.35,2880.0,245.0,120.0,110.1,203.0,B,EURO,0,80.0,2880.0
A000349480,13.5,7.6,2.6,0.106,0.0003,36.0,0.0132,4.296,2880.0,320.68,120.0,110.1,203.0,A,EURO,0,80.0,2880.0
A000349481,15.2,8.7,2.6,0.124,0.0003,36.0,0.0173,5.162,1728.0,224.776,120.0,108.8,203.0,B,EURO,0,48.0,1728.0
A000349482,12.7,6.7,1.9,0.036,0.0002,36.0,0.008,1.622,4968.0,200.836,120.0,108.0,203.0,A,EURO,0,138.0,4968.0
A000349483,12.5,6.6,2.0,0.04,0.0002,36.0,0.0082,1.622,4140.0,189.0,120.0,91.6,203.0,A,EURO,0,115.0,4140.0
A000349484,15.2,8.9,2.3,0.114,0.0003,36.0,0.0172,4.822,1512.0,179.524,120.0,96.2,203.0,B,EURO,0,42.0,1512.0
A000349485,12.6,6.6,2.3,0.07,0.0002,36.0,0.0108,3.022,3600.0,279.2,120.0,106.1,203.0,B,EURO,0,100.0,3600.0
A000349486,12.8,6.7,2.2,0.078,0.0002,36.0,0.011,3.022,3420.0,264.09,120.0,106.1,203.0,A,EURO,0,95.0,3420.0
A000349487,12.6,6.5,2.3,0.072,0.0002,36.0,0.0109,3.042,3420.0,265.99,120.0,103.1,203.0,B,EURO,0,95.0,3420.0
A000349488,12.7,8.8,2.7,0.188,0.0003,72.0,0.0453,15.386,864.0,161.632,120.0,108.6,203.0,A,EURO,0,12.0,864.0
A000349489,15.5,8.9,2.7,0.342,0.0004,36.0,0.0257,12.312,1080.0,371.0,120.0,90.6,203.0,B,EURO,0,30.0,1080.0
A000349490,18.6,11.7,2.8,0.5,0.0006,24.0,0.0279,12.966,720.0,365.98,120.0,91.6,203.0,B,EURO,0,30.0,720.0
A000349491,15.0,8.6,2.5,0.2,0.0003,72.0,0.0331,18.0,1440.0,362.0,120.0,95.6,203.0,A,EURO,0,20.0,1440.0
A000349492,16.7,11.3,3.0,0.41,0.0006,36.0,0.0267,15.908,1296.0,549.688,120.0,110.4,203.0,B,EURO,0,36.0,1296.0
A000349493,15.4,9.0,2.5,0.356,0.0003,48.0,0.0291,18.5,768.0,298.0,120.0,95.6,203.0,C,EURO,0,16.0,768.0
A000349494,15.5,9.0,3.0,0.102,0.0004,72.0,0.0444,8.912,576.0,71.296,120.0,84.0,203.0,B,EURO,0,8.0,576.0
A000349495,24.1,11.8,3.5,0.174,0.001,72.0,0.0975,15.416,432.0,92.496,120.0,90.0,203.0,C,EURO,0,6.0,432.0
A000349496,24.0,12.0,3.5,0.31,0.001,24.0,0.0311,8.482,768.0,248.424,120.0,101.6,203.0,B,EURO,0,32.0,768.0
A000349497,16.0,10.5,3.5,0.288,0.0006,54.0,0.0393,16.95,1296.0,383.8,120.0,111.6,203.0,C,EURO,0,24.0,1296.0
A000349499,15.4,9.1,2.6,0.388,0.0004,36.0,0.0288,15.126,1080.0,453.87,120.0,105.6,203.0,C,EURO,0,30.0,1080.0
A000349500,18.5,11.5,3.1,0.584,0.0007,24.0,0.0339,14.874,480.0,274.48,120.0,94.1,203.0,C,EURO,0,20.0,480.0
A000349501,18.5,11.6,3.0,0.64,0.0006,24.0,0.0289,16.352,720.0,467.56,120.0,95.6,203.0,B,EURO,0,30.0,720.0
A000349502,18.5,11.6,3.6,0.294,0.0008,54.0,0.0644,18.076,756.0,230.064,120.0,104.2,203.0,A,EURO,0,14.0,756.0
A000349503,15.5,9.0,3.7,0.27,0.0005,72.0,0.0573,21.0,432.0,128.0,120.0,95.6,203.0,C,EURO,0,6.0,432.0
A000349504,15.5,9.0,4.0,0.422,0.0006,36.0,0.0285,16.356,1296.0,565.816,120.0,114.0,203.0,C,EURO,0,36.0,1296.0
A000349505,15.4,8.9,4.5,0.294,0.0006,54.0,0.0447,17.489,1080.0,326.78,120.0,92.6,203.0,A,EURO,0,20.0,1080.0
A000349506,18.5,11.5,4.0,0.47,0.0009,24.0,0.0283,12.136,720.0,341.08,120.0,93.6,203.0,A,EURO,0,30.0,720.0
A000349507,15.5,9.0,3.8,0.278,0.0005,72.0,0.0578,22.244,864.0,243.928,120.0,119.4,203.0,C,EURO,0,12.0,864.0
A000349508,15.4,8.9,4.0,0.44,0.0005,36.0,0.0291,16.722,1080.0,478.66,120.0,92.6,203.0,B,EURO,0,30.0,1080.0
A000349509,12.6,8.6,2.2,0.122,0.0002,120.0,0.0143,14.8,2880.0,380.2,120.0,100.0,203.0,C,K3,0,24.0,2880.0
A000349510,24.1,12.0,2.9,0.416,0.0008,36.0,0.0478,16.5,576.0,266.0,120.0,105.6,203.0,A,EURO,0,16.0,576.0
A000349511,12.6,8.7,2.7,0.316,0.0003,36.0,0.0159,12.18,1944.0,634.72,120.0,102.6,203.0,A,EURO,0,54.0,1944.0
A000349512,16.7,11.3,2.8,0.352,0.0005,36.0,0.0259,13.754,1296.0,472.144,120.0,110.4,203.0,A,EURO,0,36.0,1296.0
A000349513,16.7,11.2,2.8,0.46,0.0005,36.0,0.0241,17.502,1296.0,607.072,120.0,106.2,203.0,B,EURO,0,36.0,1296.0
A000349514,16.9,11.5,3.3,0.696,0.0006,36.0,0.0239,25.0,720.0,477.0,120.0,65.6,203.0,C,EURO,0,20.0,720.0
A000349515,15.1,8.7,2.3,0.282,0.0003,72.0,0.0302,21.666,1440.0,458.32,120.0,110.0,203.0,B,EURO,0,20.0,1440.0
A000349516,16.6,11.1,2.7,0.53,0.0005,24.0,0.0191,13.0,576.0,314.0,120.0,95.6,203.0,B,EURO,0,24.0,576.0
A000349517,16.8,11.4,3.1,0.962,0.0006,24.0,0.018,23.3,744.0,722.3,120.0,77.0,203.0,B,EURO,0,31.0,744.0
A000350358,10.0,7.0,2.5,0.32,0.0002,32.0,0.009,10.24,1920.0,612.0,120.0,75.0,207.0,C,EURO,0,60.0,1920.0
A000350988,10.0,7.2,2.3,0.32,0.0002,32.0,0.0092,10.24,1920.0,615.0,120.0,68.0,207.0,C,EURO,0,60.0,1920.0
A000355562,24.2,11.6,2.6,0.646,0.0007,24.0,0.0334,16.73,576.0,378.52,120.0,114.6,210.0,C,EURO,0,24.0,576.0
A000355563,18.5,11.5,2.7,0.368,0.0006,36.0,0.0371,14.768,432.0,154.216,120.0,105.0,203.0,B,EURO,0,12.0,432.0
A000355565,12.7,8.9,3.6,0.264,0.0004,72.0,0.1033,21.18,1008.0,296.52,120.0,92.0,203.0,B,EURO,0,14.0,1008.0
A000355566,15.6,9.0,3.9,0.422,0.0005,36.0,0.0301,16.308,1296.0,564.088,120.0,115.8,203.0,B,EURO,0,36.0,1296.0
A000355571,18.5,11.0,5.0,0.71,0.001,24.0,0.0277,17.98,768.0,575.36,120.0,84.0,203.0,B,EURO,0,32.0,768.0
A000366709,20.0,16.4,7.7,0.664,0.0025,20.0,0.0564,14.024,360.0,254.432,120.0,105.6,203.0,B,EURO,0,18.0,360.0
A000366729,16.3,18.0,5.3,0.37,0.0016,20.0,0.0312,8.616,500.0,192.4,120.0,109.1,203.0,C,EURO,0,25.0,500.0
A000366730,16.8,15.3,6.0,0.384,0.0015,20.0,0.0312,8.784,500.0,196.6,120.0,104.1,203.0,C,EURO,0,25.0,500.0
A000366731,20.5,18.4,5.5,0.362,0.0021,20.0,0.0422,8.312,800.0,126.616,120.0,87.6,203.0,C,EURO,0,40.0,800.0
A000366732,7.0,14.0,16.0,0.38,0.0016,20.0,0.0296,8.75,480.0,210.0,120.0,80.0,203.0,C,EURO,0,24.0,480.0
A000366734,20.0,17.0,8.0,1.0,0.0027,20.0,0.0488,14.0,360.0,252.0,120.0,102.0,203.0,C,EURO,0,18.0,360.0
A000366769,19.2,20.5,6.2,0.39,0.0024,20.0,0.0231,8.874,1080.0,477.0,120.0,95.6,203.0,B,EURO,0,54.0,1080.0
A000366772,16.5,17.0,6.5,0.41,0.0018,20.0,0.0373,9.38,400.0,164.6,120.0,101.6,203.0,C,EURO,0,20.0,400.0
A000366773,19.8,19.0,6.8,0.396,0.0026,20.0,0.0281,9.208,480.0,220.992,120.0,74.0,203.0,B,EURO,0,24.0,480.0
A000366774,20.0,19.3,6.5,0.388,0.0025,20.0,0.0306,8.89,720.0,326.0,120.0,115.6,203.0,B,EURO,0,36.0,720.0
A000366799,18.0,17.2,6.7,0.376,0.0021,10.0,0.026,4.774,240.0,114.576,120.0,86.0,203.0,C,EURO,0,24.0,240.0
A000366800,17.0,17.0,15.0,0.372,0.0043,20.0,0.0246,4.794,480.0,115.0,120.0,85.6,203.0,C,EURO,0,24.0,480.0
A000366801,19.0,19.0,6.0,0.384,0.0022,20.0,0.0258,4.964,1440.0,155.704,120.0,110.4,203.0,C,EURO,0,72.0,1440.0
A000366802,5.5,14.0,18.0,0.38,0.0014,20.0,0.0254,8.78,480.0,120.0,120.0,85.6,203.0,B,EURO,0,24.0,480.0
A000366807,16.7,20.0,7.7,0.664,0.0026,20.0,0.0517,14.0,360.0,254.0,120.0,95.6,203.0,B,EURO,0,18.0,360.0
A000366811,17.0,19.9,7.8,0.668,0.0026,20.0,0.0618,14.05,300.0,187.75,120.0,106.2,203.0,B,EURO,0,15.0,300.0
A000366813,17.5,20.0,7.0,0.476,0.0024,10.0,0.0296,5.844,360.0,187.384,120.0,101.4,203.0,B,EURO,0,36.0,360.0
A000366814,19.7,21.0,7.0,0.464,0.0029,10.0,0.0302,5.846,360.0,187.456,120.0,103.8,203.0,B,EURO,0,36.0,360.0
A000367123,5.0,5.0,2.0,0.09,0.0,100.0,0.0211,10.6,4200.0,422.2,120.0,105.6,203.0,C,EURO,0,42.0,4200.0
A000367124,8.8,7.6,3.1,0.09,0.0002,100.0,0.0224,10.0,4200.0,397.0,120.0,103.8,203.0,A,EURO,0,42.0,4200.0
A000367125,5.0,5.0,3.5,0.1,0.0001,50.0,0.0211,13.0,2100.0,523.0,120.0,105.6,203.0,B,EURO,0,42.0,2100.0
A000367126,9.0,10.4,3.6,0.098,0.0003,100.0,0.035,10.92,2800.0,282.76,120.0,110.4,203.0,C,EURO,0,28.0,2800.0
A000367127,10.0,11.0,3.8,0.09,0.0004,100.0,0.0424,10.548,2100.0,198.508,120.0,98.4,203.0,A,EURO,0,21.0,2100.0
A000391462,26.5,9.0,2.5,0.5,0.0006,,,,1216.0,610.0,120.0,95.6,207.0,B,EURO,0,,1216.0
A000391463,26.5,8.0,2.5,0.51,0.0005,25.0,0.0134,8.8,1350.0,477.0,120.0,95.6,207.0,B,EURO,0,54.0,1350.0
A000391464,26.3,8.8,1.5,0.52,0.0003,,,,1980.0,522.0,120.0,95.6,205.0,C,EURO,0,,1980.0
A000391706,40.0,50.2,24.0,19.354,0.0482,,,,12.0,234.248,120.0,100.0,203.0,A,EURO,1,,12.0
A000391711,38.5,37.0,28.5,16.965,0.0406,,,,24.0,409.16,120.0,113.4,203.0,A,EURO,1,,24.0
A000391712,40.0,36.0,44.0,17.0,0.0634,,,,12.0,207.0,120.0,90.6,203.0,A,EURO,0,,12.0
A000391713,56.0,39.0,43.5,28.0,0.095,,,,6.0,201.0,120.0,88.0,203.0,A,EURO,1,,6.0
A000391714,25.0,51.0,42.0,15.0,0.0536,,,,12.0,184.0,110.0,105.6,203.0,A,EURO,1,,12.0
A000391715,39.0,26.6,23.8,9.23,0.0247,,,,40.0,369.2,120.0,119.0,203.0,A,EURO,1,,40.0
A000391716,38.4,37.2,29.1,13.228,0.0416,,,,24.0,294.472,120.0,118.6,203.0,A,EURO,1,,24.0
A000391717,39.5,38.4,44.0,18.55,0.0667,,,,12.0,224.6,120.0,90.6,203.0,A,EURO,1,,12.0
A000391833,14.0,8.0,3.0,0.08,0.0003,36.0,0.0117,6.0,1296.0,290.0,120.0,205.6,203.0,B,EURO,0,36.0,1296.0
A000391906,10.7,7.7,2.2,0.054,0.0002,180.0,0.0453,11.898,3600.0,214.96,120.0,109.1,203.0,B,EURO,0,20.0,3600.0
A000391910,10.8,7.8,2.1,0.072,0.0002,180.0,0.0447,15.288,3600.0,282.76,120.0,108.1,203.0,C,EURO,0,20.0,3600.0
A000391915,12.6,8.7,2.5,0.2,0.0003,36.0,0.0137,7.2,1620.0,326.0,120.0,95.6,203.0,A,EURO,0,45.0,1620.0
A000391921,12.6,8.7,2.6,0.198,0.0003,36.0,0.0137,7.782,2772.0,576.214,120.0,110.9,203.0,B,EURO,0,77.0,2772.0
A000391930,16.6,11.2,2.9,0.498,0.0005,36.0,0.0282,18.984,1080.0,546.52,120.0,95.1,203.0,C,EURO,0,30.0,1080.0
A000391959,16.9,11.4,3.0,0.762,0.0006,24.0,0.0205,23.336,744.0,723.614,120.0,88.9,203.0,B,EURO,0,31.0,744.0
A000391962,17.0,12.0,3.0,0.35,0.0006,24.0,0.0147,9.17,864.0,330.12,120.0,81.0,203.0,B,EURO,0,36.0,864.0
A000391963,16.5,11.3,2.5,0.538,0.0005,24.0,0.0202,13.768,960.0,527.72,120.0,108.6,203.0,B,EURO,0,40.0,960.0
A000391967,18.6,11.6,4.6,0.656,0.001,24.0,0.0313,16.82,720.0,481.6,120.0,115.2,203.0,B,EURO,0,30.0,720.0
A000391976,24.1,11.8,4.4,0.8,0.0013,54.0,0.08,48.0,486.0,432.0,120.0,75.0,203.0,A,EURO,0,9.0,486.0
A000391977,18.0,11.0,5.0,1.0,0.001,24.0,0.0324,4.0,1008.0,377.0,120.0,165.6,203.0,B,EURO,0,42.0,1008.0
A000392029,33.0,23.5,23.3,5.972,0.0181,,,,50.0,275.6,120.0,102.1,210.0,A,EURO,0,,50.0
A000392030,28.4,36.5,27.7,6.8,0.0287,,,,32.0,219.0,120.0,95.6,210.0,A,EURO,1,,32.0
A000392031,37.0,36.5,41.5,14.46,0.056,,,,18.0,237.28,120.0,122.6,210.0,A,EURO,1,,18.0
A000392278,26.6,26.6,6.8,1.36,0.0048,10.0,0.0559,14.542,120.0,176.0,120.0,110.6,203.0,C,EURO,1,12.0,120.0
A000392279,11.0,7.0,3.0,0.07,0.0002,200.0,0.0684,15.438,3000.0,208.57,120.0,117.6,203.0,B,EURO,1,15.0,3000.0
A000392280,11.0,7.0,3.0,0.049,0.0002,200.0,0.0608,10.0,2400.0,145.0,120.0,120.0,203.0,B,K3,0,12.0,2400.0
A000392281,11.0,7.0,3.0,0.095,0.0002,200.0,0.0608,11.0,2400.0,134.0,120.0,115.6,203.0,B,EURO,1,12.0,2400.0
A000392282,10.6,9.7,6.0,0.192,0.0006,100.0,0.084,21.0,1200.0,252.0,120.0,158.1,203.0,B,EURO,1,12.0,1200.0
A000392283,10.5,9.3,6.1,0.193,0.0006,200.0,0.084,11.0,1600.0,90.0,120.0,115.6,203.0,C,EURO,1,8.0,1600.0
A000392284,10.8,6.3,9.0,0.168,0.0006,60.0,0.084,12.0,480.0,98.0,120.0,105.6,203.0,C,EURO,0,8.0,480.0
A000392285,10.7,9.3,6.0,0.178,0.0006,50.0,0.084,10.0,400.0,102.0,120.0,105.6,203.0,B,EURO,1,8.0,400.0
A000392288,26.7,26.5,7.1,1.012,0.005,10.0,0.0696,11.094,120.0,133.128,120.0,123.0,203.0,B,EURO,1,12.0,120.0
A000392289,26.5,26.5,7.4,1.024,0.0052,10.0,0.063,12.0,120.0,146.136,120.0,115.6,203.0,B,EURO,1,12.0,120.0
A000393700,94.0,18.0,9.0,3.09,0.0152,,,,36.0,111.24,120.0,81.0,205.0,C,EURO,0,,36.0
A000393708,93.5,17.5,9.0,4.6,0.0147,,,,44.0,202.4,120.0,100.0,207.0,C,EURO,0,,44.0
A000393716,20.2,9.1,6.7,1.26,0.0012,,,,360.0,478.6,120.0,110.0,205.0,C,K3,0,,360.0
A000393719,20.2,9.2,6.7,1.18,0.0012,,,,440.0,519.2,120.0,73.7,207.0,C,K3,0,,440.0
A000393745,17.0,16.0,5.0,0.97,0.0014,,,,665.0,647.0,120.0,95.6,205.0,C,EURO,0,,665.0
A000393751,26.0,19.5,16.0,2.76,0.0081,,,,60.0,165.6,120.0,80.0,207.0,B,EURO,0,,60.0
A000393752,20.0,13.0,2.0,0.1,0.0005,,,,9999.0,9999.0,9999.0,9999.0,207.0,B,K3,0,,9999.0
A000394071,12.5,6.6,2.2,0.046,0.0002,36.0,0.0083,2.038,4536.0,233.788,120.0,111.6,203.0,B,EURO,0,126.0,4536.0
A000394073,13.5,7.5,2.6,0.106,0.0003,36.0,0.0129,4.296,2880.0,320.68,120.0,110.1,203.0,C,EURO,0,80.0,2880.0
A000394075,18.6,11.5,3.1,0.652,0.0007,24.0,0.0283,16.794,720.0,480.82,120.0,94.6,203.0,C,EURO,0,30.0,720.0
A000394994,204.5,17.0,6.0,4.03,0.0209,,,,52.0,184.0,204.5,95.6,205.0,C,CONS,0,,52.0
A000395070,4.1,2.5,1.7,0.046,0.0,360.0,0.0158,18.052,15120.0,758.184,120.0,102.9,203.0,C,K3,0,42.0,15120.0
A000395071,5.0,3.0,2.0,0.023,0.0,360.0,0.0202,9.0,12960.0,349.0,120.0,110.0,203.0,C,K3,0,36.0,12960.0
A000395073,6.3,3.3,2.1,0.11,0.0,200.0,0.02,22.0,4000.0,465.0,120.0,110.0,203.0,B,K3,0,20.0,4000.0
A000395074,6.5,3.5,2.0,0.1,0.0,240.0,0.0169,26.4,6240.0,686.4,120.0,68.5,203.0,B,EURO,0,26.0,6240.0
A000395076,6.7,4.4,2.1,0.19,0.0001,120.0,0.0132,23.0,2160.0,402.0,120.0,65.6,203.0,B,EURO,0,18.0,2160.0
A000395077,6.6,4.4,2.2,0.186,0.0001,120.0,0.0139,22.8,3720.0,706.8,120.0,63.2,203.0,B,EURO,0,31.0,3720.0
A000395078,19.5,12.1,2.6,0.374,0.0006,120.0,0.0144,22.9,2400.0,483.0,120.0,80.0,210.0,C,EURO,0,20.0,2400.0
A000395079,9.0,5.2,2.0,0.3,0.0001,72.0,0.0144,23.688,2160.0,710.64,120.0,72.5,203.0,C,EURO,0,30.0,2160.0
A000395080,15.4,8.9,2.8,0.326,0.0004,72.0,0.1324,23.7,2160.0,711.0,120.0,70.0,203.0,B,EURO,0,30.0,2160.0
A000395081,15.0,7.0,4.0,1.1,0.0004,,,,2670.0,295.0,120.0,95.6,210.0,C,EURO,0,,2670.0
A000395082,20.0,10.0,5.0,0.46,0.001,36.0,0.0119,16.8,1512.0,705.6,120.0,68.0,203.0,B,EURO,0,42.0,1512.0
A000395424,24.0,8.5,3.5,0.47,0.0007,,,,1215.0,495.0,120.0,110.0,205.0,C,K3,0,,1215.0
A000397319,13.7,7.6,2.6,0.106,0.0003,36.0,0.0144,4.306,2880.0,321.48,120.0,111.6,203.0,B,EURO,0,80.0,2880.0
A000397704,31.3,18.8,6.7,2.456,0.0039,2.0,0.0103,5.06,180.0,457.4,120.0,135.6,203.0,C,EURO,0,90.0,180.0
A000397705,40.3,20.5,6.5,4.072,0.0054,2.0,0.0157,8.376,126.0,504.688,120.0,116.1,203.0,C,EURO,0,63.0,126.0
A000397779,12.5,6.7,2.2,0.046,0.0002,36.0,0.0079,1.986,4968.0,276.068,120.0,95.6,203.0,B,EURO,0,138.0,4968.0
A000397931,26.5,9.0,8.0,0.94,0.0019,,,,352.0,353.0,120.0,110.0,205.0,C,K3,0,,352.0
A000398004,10.0,7.0,2.5,0.1,0.0002,,,,9999.0,9999.0,9999.0,9999.0,207.0,C,K3,0,,9999.0
A000398361,10.0,10.0,7.5,0.78,0.0008,,,,600.0,493.0,120.0,110.0,205.0,C,K3,0,,600.0
A000398552,23.0,40.0,15.0,8.0,0.0138,,,,60.0,477.0,120.0,95.6,203.0,B,EURO,0,,60.0
A000398553,42.6,28.6,17.7,8.612,0.0216,,,,40.0,338.704,120.0,105.0,203.0,C,EURO,0,,40.0
A000398860,28.5,10.0,4.5,1.85,0.0013,,,,254.0,472.0,120.0,95.6,205.0,C,EURO,0,,254.0
A000398864,28.0,9.5,4.0,2.1,0.0011,10.0,0.0182,21.0,220.0,464.0,120.0,85.6,207.0,B,K3,0,22.0,220.0
A000398867,28.5,10.0,4.5,2.2,0.0013,,,,9999.0,9999.0,9999.0,9999.0,205.0,B,K3,0,,9999.0
A000398910,28.5,8.5,8.5,4.78,0.0021,,,,20.0,999.0,120.0,100.0,205.0,B,K3,0,,20.0
A000398913,29.0,9.0,8.5,4.78,0.0022,,,,20.0,120.6,120.0,110.0,205.0,C,K3,0,,20.0
A000398984,27.0,8.0,4.0,0.1,0.0009,,,,1000.0,125.0,120.0,110.0,205.0,B,K3,0,,1000.0
A000399315,27.0,6.0,6.0,0.1,0.001,,,,999.0,999.0,120.0,100.0,205.0,B,K3,0,,999.0
A000399397,14.0,1.0,1.0,0.15,0.0,,,,4000.0,625.0,120.0,110.0,205.0,C,K2,0,,4000.0
A000399969,46.5,17.5,11.0,5.28,0.009,,,,64.0,337.92,120.0,88.0,205.0,C,EURO,0,,64.0
A000400292,28.5,9.0,9.0,1.39,0.0023,,,,352.0,514.28,120.0,110.0,205.0,C,K3,0,,352.0
A000400295,19.5,5.0,1.5,0.24,0.0001,,,,20.0,999.0,120.0,100.0,207.0,C,K3,0,,20.0
A000400296,20.0,7.5,2.0,0.07,0.0003,,,,5000.0,375.0,120.0,110.0,205.0,C,K3,0,,5000.0
A000400740,7.9,9.2,17.5,0.324,0.0013,30.0,0.0455,10.62,450.0,161.32,120.0,95.6,203.0,A,EURO,0,15.0,450.0
A000401591,19.0,20.0,8.2,1.1,0.0031,6.0,0.0291,8.34,216.0,300.24,120.0,135.0,210.0,A,EURO,0,36.0,216.0
A000401592,19.0,20.0,8.2,1.11,0.0031,6.0,0.0291,6.66,210.0,210.1,120.0,98.1,203.0,A,EURO,1,35.0,210.0
A000401593,11.0,7.0,12.5,0.214,0.001,10.0,0.014,2.64,630.0,167.69,120.0,110.6,210.0,A,EURO,0,63.0,630.0
A000401594,12.4,11.0,7.3,0.176,0.001,10.0,0.0139,2.19,1000.0,219.0,120.0,150.0,203.0,A,EURO,1,100.0,1000.0
A000402295,10.0,7.0,3.0,0.1,0.0002,,,,4092.0,434.0,120.0,110.0,205.0,C,K3,0,,4092.0
A000402380,207.0,17.0,6.0,1.0,0.0211,,,,52.0,52.0,207.0,78.0,205.0,C,CONS,0,,52.0
A000402439,23.0,15.5,13.0,0.5,0.0046,22.0,0.0926,11.0,176.0,88.0,120.0,84.0,207.0,C,K3,0,8.0,176.0
A000402641,9.0,6.0,3.0,0.04,0.0002,,,,10000.0,425.0,120.0,110.0,207.0,C,K3,0,,10000.0
A000402835,15.1,8.6,2.3,0.112,0.0003,36.0,0.0153,4.806,1512.0,202.85,120.0,98.0,203.0,B,EURO,0,42.0,1512.0
A000403986,28.0,8.0,8.0,1.64,0.0018,,,,290.0,477.0,120.0,95.6,203.0,C,EURO,0,,290.0
A000403987,26.8,9.8,5.6,1.49,0.0015,10.0,0.0185,15.3,300.0,459.0,120.0,65.0,203.0,C,EURO,0,30.0,300.0
A000403989,26.8,9.8,5.6,1.46,0.0015,10.0,0.0185,15.3,300.0,459.0,120.0,65.0,203.0,C,EURO,0,30.0,300.0
A000403991,29.0,9.0,8.0,1.63,0.0021,,,,275.0,450.0,120.0,76.0,203.0,C,EURO,0,,275.0
A000403992,29.0,9.0,8.0,1.63,0.0021,,,,275.0,473.0,120.0,110.0,203.0,C,K3,0,,275.0
A000403994,26.8,9.8,5.6,1.49,0.0015,10.0,0.0185,15.3,300.0,459.0,120.0,65.0,203.0,C,EURO,0,30.0,300.0
A000403996,27.0,8.0,9.0,3.0,0.0019,,,,200.0,601.0,120.0,50.0,203.0,C,EURO,0,,200.0
A000403998,27.5,11.0,6.0,1.81,0.0018,,,,250.0,454.5,120.0,95.6,203.0,C,EURO,0,,250.0
A000403999,28.0,12.0,6.0,1.18,0.002,10.0,0.0322,11.2,200.0,224.0,120.0,92.0,203.0,C,EURO,0,20.0,200.0
A000404000,28.0,12.0,6.0,1.8,0.002,10.0,0.0229,18.0,240.0,432.0,120.0,84.0,203.0,C,EURO,0,24.0,240.0
A000404001,28.0,11.0,6.0,1.8,0.0018,10.0,0.0229,18.0,240.0,432.0,120.0,84.0,203.0,C,EURO,0,24.0,240.0
A000404008,51.0,13.0,5.0,2.3,0.0033,8.0,0.0347,19.04,192.0,468.96,120.0,95.6,203.0,C,EURO,0,24.0,192.0
A000404240,26.0,8.5,2.5,0.5,0.0006,25.0,0.0135,12.5,800.0,400.0,120.0,80.0,207.0,C,EURO,0,32.0,800.0
A000404241,27.0,9.0,3.0,0.48,0.0007,25.0,0.0154,12.0,800.0,384.0,120.0,88.0,207.0,C,EURO,0,32.0,800.0
A000405056,17.5,2.65,17.0,0.4,0.0008,20.0,0.0196,9.0,800.0,352.0,120.0,85.6,203.0,C,EURO,0,40.0,800.0
A000405057,17.0,17.0,3.0,0.39,0.0009,20.0,0.0222,9.0,760.0,306.0,120.0,95.6,203.0,C,EURO,0,38.0,760.0
A000405058,5.5,4.0,5.5,0.09,0.0001,100.0,0.0207,10.35,3500.0,354.0,120.0,85.6,203.0,C,EURO,0,35.0,3500.0
A000405059,1.0,2.2,1.8,0.22,0.0,50.0,0.0207,11.87,1500.0,348.0,120.0,85.6,203.0,C,EURO,0,30.0,1500.0
A000405060,7.0,5.0,2.0,0.08,0.0001,100.0,0.0216,9.0,3600.0,326.0,120.0,95.6,203.0,C,EURO,0,36.0,3600.0
A000406750,15.5,10.5,3.9,0.32,0.0006,30.0,0.016,10.2,1600.0,612.0,120.0,70.0,207.0,C,EURO,0,53.3333,1600.0
A000407341,8.5,11.5,17.0,1.58,0.0017,6.0,0.0186,10.0,288.0,447.0,120.0,165.6,207.0,C,EURO,0,48.0,288.0
A000407717,20.0,15.0,1.5,1.0,0.0004,,,,720.0,720.0,120.0,22.5,205.0,C,K3,0,,720.0
A000408102,30.5,13.0,13.0,1.18,0.0052,,,,500.0,592.0,120.0,95.6,205.0,C,EURO,0,,500.0
A000408340,33.0,22.0,6.0,1.52,0.0044,,,,135.0,228.0,120.0,110.0,203.0,C,EURO,0,,135.0
A000408925,19.3,14.0,4.5,0.622,0.0012,12.0,0.0323,8.4,288.0,178.6,120.0,103.8,203.0,A,EURO,0,24.0,288.0
A000408926,5.0,5.0,1.0,0.02,0.0,135.0,0.022,3.31,3240.0,104.44,120.0,107.0,10.0,C,K3,0,24.0,3240.0
A000408927,5.0,5.0,1.0,0.02,0.0,135.0,0.022,3.31,3240.0,104.44,120.0,107.0,10.0,C,K3,0,24.0,3240.0
A000408930,14.5,5.0,1.0,0.14,0.0001,108.0,0.0213,16.0,3456.0,537.0,120.0,91.0,10.0,C,K3,0,32.0,3456.0
A000408931,27.0,28.0,1.5,0.5,0.0011,24.0,0.0136,10.0,768.0,320.0,120.0,72.0,10.0,C,EURO,0,32.0,768.0
A000408932,0.7,0.2,0.5,0.01,0.0,1000.0,0.0082,10.0,47000.0,500.0,120.0,110.0,10.0,C,EURO,0,47.0,47000.0
A000408933,20.0,19.0,9.0,0.17,0.0034,24.0,0.1026,5.63,408.0,33.78,120.0,111.6,10.0,C,EURO,0,17.0,408.0
A000408934,20.0,8.0,19.0,0.25,0.003,16.0,0.0605,4.89,224.0,70.46,120.0,115.6,10.0,C,EURO,0,14.0,224.0
A000409261,13.5,17.0,5.0,0.31,0.0011,2.0,0.0024,0.62,960.0,274.6,120.0,105.6,203.0,C,EURO,0,480.0,960.0
A000409263,20.0,16.8,7.7,0.644,0.0026,20.0,0.0624,13.604,360.0,246.872,120.0,102.6,203.0,C,EURO,0,18.0,360.0
A000409855,13.0,13.0,2.0,0.3,0.0003,5.0,0.0034,1.5,600.0,182.0,120.0,95.6,207.0,C,EURO,0,120.0,600.0
A000409856,14.0,14.0,2.5,0.3,0.0005,24.0,0.0132,13.0,480.0,262.0,120.0,95.6,207.0,C,EURO,0,20.0,480.0
A000409901,13.0,8.0,7.0,0.42,0.0007,20.0,0.0084,8.75,1080.0,474.5,120.0,95.6,203.0,C,EURO,0,54.0,1080.0
A000409928,29.0,13.5,6.5,0.92,0.0025,5.0,0.0196,4.6,400.0,368.0,120.0,110.0,207.0,B,EURO,0,80.0,400.0
A000409929,29.5,13.5,6.5,0.9,0.0026,5.0,0.0199,4.5,900.0,427.0,120.0,65.6,207.0,C,EURO,0,180.0,900.0
A000409930,21.0,30.0,8.0,1.54,0.005,4.0,0.0265,7.33,140.0,258.55,120.0,115.6,203.0,B,EURO,0,35.0,140.0
A000409931,7.0,21.0,38.0,1.71,0.0056,4.0,0.0266,6.84,100.0,171.0,120.0,81.5,203.0,C,EURO,0,25.0,100.0
A000410199,32.5,12.0,10.0,1.0,0.0039,,,,100.0,102.0,120.0,95.6,205.0,C,EURO,0,,100.0
A000410268,10.5,4.5,4.5,0.32,0.0002,,,,1870.0,599.0,120.0,45.0,207.0,C,K3,0,,1870.0
A000410390,24.6,9.6,2.8,0.7,0.0007,15.0,0.0158,10.79,720.0,518.0,120.0,100.0,207.0,C,EURO,0,48.0,720.0
A000410400,55.4,38.5,42.8,28.0,0.0913,,,,12.0,338.0,120.0,128.4,203.0,B,EURO,1,,12.0
A000410684,10.0,7.2,2.3,0.32,0.0002,32.0,0.0092,10.24,1920.0,615.4,120.0,68.0,207.0,C,EURO,0,60.0,1920.0
A000411599,26.0,8.0,2.5,0.46,0.0005,,,,1520.0,701.0,120.0,95.6,205.0,C,EURO,0,,1520.0
A000413859,33.0,8.0,7.5,0.23,0.002,6.0,0.0145,1.38,270.0,62.21,120.0,80.0,205.0,C,EURO,0,45.0,270.0
A000413861,33.0,8.0,7.5,0.2,0.002,,,,2375.0,477.0,120.0,95.6,205.0,C,EURO,0,,2375.0
A000413949,8.9,8.7,2.3,0.04,0.0002,240.0,0.0142,11.39,7680.0,634.48,120.0,70.0,203.0,B,EURO,0,32.0,7680.0
A000414589,8.9,8.7,2.3,0.04,0.0002,40.0,0.0145,1.6,2400.0,96.0,100.0,110.0,203.0,C,K3,0,60.0,2400.0
A000414607,72.0,38.0,45.5,27.0,0.1245,,,,6.0,164.0,120.0,91.0,203.0,C,EURO,1,,6.0
A000414847,39.0,18.0,10.0,2.0,0.007,,,,96.0,192.0,120.0,80.0,205.0,C,EURO,0,,96.0
A000417700,13.0,4.5,4.5,0.13,0.0003,,,,2601.0,338.13,120.0,76.5,207.0,C,EURO,1,,2601.0
A000420695,24.0,20.0,17.5,0.97,0.0084,,,,100.0,99.0,120.0,95.6,205.0,C,EURO,0,,100.0
A000421497,15.2,8.6,2.6,0.124,0.0003,36.0,0.0178,5.212,1512.0,195.904,120.0,97.6,203.0,C,EURO,0,42.0,1512.0
A000421498,15.1,8.7,3.0,0.184,0.0004,36.0,0.0194,7.36,1980.0,381.8,120.0,123.1,203.0,C,EURO,0,55.0,1980.0
A000421499,13.4,7.6,2.6,0.084,0.0003,36.0,0.0124,3.378,2880.0,247.24,120.0,112.1,203.0,B,EURO,0,80.0,2880.0
A000421500,11.0,7.1,3.0,0.08,0.0002,200.0,0.0608,5.0,2400.0,62.0,120.0,115.6,203.0,C,EURO,1,12.0,2400.0
A000421501,24.8,19.7,20.0,3.926,0.0098,,,,96.0,378.896,120.0,120.6,203.0,B,EURO,1,,96.0
A000421502,15.7,13.0,3.6,0.211,0.0007,30.0,0.0284,7.2,720.0,174.8,120.0,105.6,203.0,C,EURO,1,24.0,720.0
A000421503,26.9,18.7,4.3,0.254,0.0022,20.0,0.0323,5.626,540.0,153.902,120.0,89.6,203.0,B,EURO,1,27.0,540.0
A000421504,15.0,13.0,3.5,0.213,0.0007,30.0,0.0284,7.2,630.0,153.2,120.0,105.6,203.0,A,EURO,1,21.0,630.0
A000421505,26.9,18.7,4.5,0.248,0.0023,20.0,0.0296,5.6,540.0,153.2,120.0,88.6,203.0,B,EURO,1,27.0,540.0
A000421506,11.0,7.0,2.7,0.084,0.0002,20.0,0.0859,1.75,160.0,39.0,120.0,110.0,203.0,C,K3,1,8.0,160.0
A000421741,31.0,20.0,7.0,1.61,0.0043,10.0,0.0461,16.0,80.0,130.0,120.0,95.6,203.0,C,EURO,0,8.0,80.0
A000421743,15.3,9.9,3.9,0.0268,0.0006,36.0,0.0213,10.21,1296.0,344.56,120.0,98.4,203.0,C,EURO,0,36.0,1296.0
A000421744,22.5,19.5,5.0,0.652,0.0022,5.0,0.0113,3.46,450.0,288.4,120.0,105.6,203.0,C,EURO,0,90.0,450.0
A000421745,22.5,19.5,5.0,0.652,0.0022,20.0,0.0344,14.0,320.0,224.0,120.0,125.0,203.0,C,EURO,0,16.0,320.0
A000421746,22.5,19.5,5.0,0.652,0.0022,20.0,0.0585,13.46,300.0,201.9,120.0,142.5,203.0,C,EURO,0,15.0,300.0
A000421747,22.5,19.5,5.0,0.652,0.0022,20.0,0.0113,13.2,1800.0,288.4,120.0,105.6,203.0,B,EURO,0,90.0,1800.0
A000421748,10.0,5.0,3.0,0.338,0.0001,,,,2480.0,477.0,120.0,95.6,203.0,C,EURO,0,,2480.0
A000421749,9.8,3.0,0.5,0.015,0.0,400.0,0.0099,6.35,43200.0,662.8,120.0,108.9,203.0,B,EURO,0,108.0,43200.0
A000421750,12.0,11.0,4.4,0.206,0.0006,50.0,0.03,11.45,1750.0,377.75,120.0,121.6,203.0,C,EURO,0,35.0,1750.0
A000421814,55.0,8.0,4.0,0.85,0.0018,,,,460.0,393.0,120.0,95.6,205.0,C,EURO,0,,460.0
A000422828,23.5,47.6,31.5,4.448,0.0352,2.0,0.0931,10.32,12.0,82.0,120.0,95.6,203.0,C,EURO,1,6.0,12.0
A000422830,47.0,34.0,33.0,6.3,0.0527,2.0,0.1531,14.62,10.0,73.1,120.0,88.5,203.0,C,EURO,1,5.0,10.0
A000422831,23.0,18.5,11.2,0.982,0.0048,6.0,0.04,7.0,96.0,112.0,120.0,115.6,203.0,C,EURO,0,16.0,96.0
A000422834,31.5,20.5,7.0,0.98,0.0045,4.0,0.0271,3.92,100.0,98.0,120.0,90.0,203.0,C,EURO,0,25.0,100.0
A000422846,5.2,2.5,1.6,0.048,0.0,360.0,0.0181,17.28,9720.0,495.0,120.0,100.0,203.0,B,K3,0,27.0,9720.0
A000422849,13.0,8.5,1.0,0.065,0.0001,120.0,0.0228,17.0,960.0,138.0,120.0,95.6,203.0,C,EURO,0,8.0,960.0
A000422850,5.9,2.9,1.7,0.072,0.0,350.0,0.0258,25.2,7000.0,478.6,120.0,100.0,203.0,C,K3,0,20.0,7000.0
A000422851,7.2,3.4,1.9,0.108,0.0,180.0,0.0161,20.0,4320.0,491.0,120.0,110.0,203.0,C,K3,0,24.0,4320.0
A000422852,7.2,3.4,1.9,0.11,0.0,180.0,0.0145,19.5,6480.0,702.0,120.0,84.0,203.0,C,EURO,0,36.0,6480.0
A000422854,6.5,4.5,2.0,0.136,0.0001,120.0,0.0123,17.25,3240.0,467.75,120.0,95.6,210.0,C,EURO,0,27.0,3240.0
A000422856,26.2,14.7,2.7,1.0,0.001,18.0,0.0244,18.705,576.0,575.56,120.0,114.4,210.0,C,EURO,0,32.0,576.0
A000422857,8.6,4.4,2.2,0.195,0.0001,120.0,0.0153,24.0,2160.0,477.0,120.0,65.6,203.0,C,EURO,0,18.0,2160.0
A000422859,13.6,5.3,2.2,0.338,0.0002,72.0,0.0208,24.336,1728.0,584.0,120.0,58.0,203.0,C,EURO,0,24.0,1728.0
A000422860,13.6,5.3,2.2,0.336,0.0002,72.0,0.0166,25.0,864.0,302.0,120.0,65.6,203.0,C,EURO,0,12.0,864.0
A000422862,15.1,8.7,2.4,0.372,0.0003,24.0,0.0116,9.216,1728.0,640.552,120.0,94.8,203.0,B,EURO,0,72.0,1728.0
A000422864,16.5,11.0,3.5,0.792,0.0006,24.0,0.0224,19.784,864.0,689.224,120.0,105.3,203.0,C,EURO,0,36.0,864.0
A000422865,5.0,2.7,0.3,0.01,0.0,500.0,0.005,5.534,47500.0,500.0,120.0,110.0,203.0,C,K3,0,95.0,47500.0
A000422866,5.7,2.7,0.3,0.012,0.0,500.0,0.0054,7.174,47500.0,681.53,120.0,60.5,203.0,C,K3,0,95.0,47500.0
A000422867,4.9,2.8,0.3,0.008,0.0,500.0,0.0054,5.474,66500.0,728.042,120.0,84.0,203.0,C,K3,0,133.0,66500.0
A000422868,5.6,2.7,0.2,0.008,0.0,500.0,0.0053,6.936,57000.0,790.704,120.0,70.8,203.0,C,K3,0,114.0,57000.0
A000422869,3.1,1.6,0.2,0.002,0.0,500.0,0.0056,2.15,95000.0,408.5,120.0,123.0,210.0,C,K3,0,190.0,95000.0
A000422870,3.4,1.5,0.2,0.004,0.0,500.0,0.0054,2.242,95000.0,425.98,120.0,125.0,203.0,C,K3,0,190.0,95000.0
A000422871,4.1,2.0,0.3,0.004,0.0,500.0,0.0054,3.704,95000.0,703.76,120.0,120.0,203.0,C,K3,0,190.0,95000.0
A000422873,27.0,18.8,3.7,0.408,0.0019,20.0,0.0415,8.7,480.0,185.8,120.0,105.6,210.0,C,EURO,1,24.0,480.0
A000422874,17.5,14.0,5.5,0.388,0.0013,30.0,0.0519,12.8,240.0,104.4,120.0,95.6,203.0,C,EURO,0,8.0,240.0
A000422877,6.0,2.6,2.0,0.016,0.0,100.0,0.0031,1.616,27000.0,436.32,120.0,113.4,203.0,C,K3,0,270.0,27000.0
A000422878,17.7,12.3,2.7,0.22,0.0006,10.0,0.0089,2.586,1200.0,287.32,120.0,101.4,203.0,C,EURO,0,120.0,1200.0
A000422879,20.0,12.0,3.0,0.3,0.0007,10.0,0.0091,3.2,800.0,256.0,120.0,84.0,203.0,C,EURO,0,80.0,800.0
A000422880,19.7,12.3,2.5,0.312,0.0006,10.0,0.0102,3.548,800.0,331.8,120.0,90.6,203.0,C,EURO,0,80.0,800.0
A000422881,19.5,12.3,2.7,0.342,0.0006,10.0,0.01,3.714,1200.0,422.68,120.0,115.2,203.0,C,EURO,0,120.0,1200.0
A000422882,19.5,12.5,2.8,0.358,0.0007,10.0,0.0091,3.975,1000.0,374.5,120.0,90.6,203.0,C,EURO,0,100.0,1000.0
A000422883,19.4,12.3,2.6,0.344,0.0006,10.0,0.01,3.842,1200.0,438.04,120.0,111.6,203.0,C,EURO,0,120.0,1200.0
A000422884,19.5,12.3,2.5,0.364,0.0006,10.0,0.0093,4.045,1200.0,462.4,120.0,117.6,205.0,C,EURO,0,120.0,1200.0
A000422885,19.5,12.3,2.6,0.358,0.0006,10.0,0.0105,3.99,1080.0,407.92,120.0,111.6,203.0,C,EURO,0,108.0,1080.0
A000422886,19.6,12.3,2.7,0.36,0.0007,10.0,0.0094,4.014,1200.0,458.68,120.0,111.6,203.0,C,EURO,0,120.0,1200.0
A000422887,20.0,13.0,2.0,0.24,0.0005,10.0,0.0087,2.9,100.0,232.0,120.0,85.6,203.0,C,EURO,0,10.0,100.0
A000422888,19.5,12.5,3.0,0.37,0.0007,10.0,0.0088,4.09,936.0,346.32,120.0,78.0,203.0,C,EURO,0,93.6,936.0
A000422889,19.5,12.0,3.5,0.32,0.0008,10.0,0.0087,3.6,792.0,308.88,120.0,80.0,203.0,C,EURO,0,79.2,792.0
A000422890,19.6,12.0,2.3,0.33,0.0005,10.0,0.0091,3.7,1000.0,347.0,120.0,98.1,203.0,C,EURO,0,100.0,1000.0
A000422891,19.6,12.2,2.8,0.33,0.0007,10.0,0.0099,3.694,1200.0,420.28,120.0,111.6,203.0,C,EURO,0,120.0,1200.0
A000422892,19.5,12.5,2.8,0.358,0.0007,10.0,0.0091,3.975,1000.0,374.5,120.0,90.6,203.0,C,EURO,0,100.0,1000.0
A000422893,19.6,12.0,2.3,0.33,0.0005,10.0,0.0091,3.7,1000.0,347.0,120.0,98.1,203.0,C,EURO,0,100.0,1000.0
A000422894,19.6,12.0,2.3,0.33,0.0005,10.0,0.0091,3.7,1000.0,347.0,120.0,98.1,203.0,C,EURO,0,100.0,1000.0
A000422895,19.6,12.3,2.7,0.372,0.0007,10.0,0.0099,4.144,1020.0,399.688,120.0,112.2,203.0,C,EURO,0,102.0,1020.0
A000422896,19.5,12.5,2.8,0.358,0.0007,10.0,0.0091,3.975,1000.0,374.5,120.0,90.6,203.0,C,EURO,0,100.0,1000.0
A000422897,19.6,12.2,2.7,0.388,0.0006,10.0,0.0095,4.298,1200.0,492.76,120.0,111.6,203.0,C,EURO,0,120.0,1200.0
A000422898,19.5,12.2,3.5,0.32,0.0008,10.0,0.0087,3.6,792.0,308.88,120.0,80.0,203.0,C,EURO,0,79.2,792.0
A000422899,19.5,12.5,2.8,0.358,0.0007,10.0,0.0091,3.975,1000.0,374.5,120.0,90.6,203.0,C,EURO,0,100.0,1000.0
A000422900,19.5,12.1,2.5,0.378,0.0006,10.0,0.0093,4.17,1200.0,477.4,120.0,117.6,203.0,C,EURO,0,120.0,1200.0
A000422901,19.6,12.2,2.7,0.388,0.0006,10.0,0.01,4.326,1200.0,496.12,120.0,111.6,203.0,C,EURO,0,120.0,1200.0
A000422902,19.5,12.3,2.6,0.39,0.0006,10.0,0.0099,4.29,1200.0,491.8,120.0,111.6,203.0,C,EURO,0,120.0,1200.0
A000422903,19.5,12.3,2.7,0.408,0.0006,10.0,0.0098,4.462,1200.0,512.44,120.0,111.6,203.0,C,EURO,0,120.0,1200.0
A000422904,19.5,12.2,2.6,0.388,0.0006,10.0,0.0099,4.308,1200.0,493.96,120.0,111.6,203.0,C,EURO,0,120.0,1200.0
A000422908,17.9,12.0,2.7,0.316,0.0006,10.0,0.008,3.535,1200.0,424.2,120.0,114.0,203.0,C,K3,0,120.0,1200.0
A000422909,17.5,12.0,2.5,0.316,0.0005,10.0,0.0093,3.54,1200.0,401.8,120.0,117.6,203.0,C,EURO,0,120.0,1200.0
A000422910,17.5,12.2,2.8,0.33,0.0006,10.0,0.0079,3.69,1200.0,443.28,120.0,114.6,203.0,C,K3,0,120.0,1200.0
A000422911,17.7,12.3,2.7,0.342,0.0006,10.0,0.009,3.814,1020.0,366.028,120.0,100.2,203.0,C,EURO,0,102.0,1020.0
A000422912,12.0,17.5,2.0,0.31,0.0004,10.0,0.0077,3.1,1200.0,372.0,120.0,114.0,203.0,C,K3,0,120.0,1200.0
A000422915,17.4,12.2,2.8,0.338,0.0006,10.0,0.009,3.728,1200.0,424.36,120.0,99.6,203.0,C,EURO,0,120.0,1200.0
A000422916,17.5,12.2,2.8,0.342,0.0006,10.0,0.0088,3.692,1200.0,443.04,120.0,114.0,203.0,C,K3,0,120.0,1200.0
A000422917,17.6,12.3,2.7,0.36,0.0006,10.0,0.0088,4.008,1200.0,480.96,120.0,114.0,203.0,C,K3,0,120.0,1200.0
A000422918,21.6,12.3,2.7,0.396,0.0007,10.0,0.0105,4.412,1200.0,506.44,120.0,123.6,203.0,C,EURO,0,120.0,1200.0
A000422919,17.7,12.2,2.7,0.328,0.0006,10.0,0.0093,3.706,1200.0,421.72,120.0,103.8,203.0,C,EURO,0,120.0,1200.0
A000422921,12.0,17.5,2.0,0.31,0.0004,10.0,0.0077,3.47,1200.0,393.4,120.0,99.6,203.0,C,EURO,0,120.0,1200.0
A000422922,17.5,12.2,2.8,0.36,0.0006,10.0,0.0089,3.988,1200.0,455.56,120.0,99.0,203.0,C,EURO,0,120.0,1200.0
A000422923,19.5,12.2,3.0,0.376,0.0007,10.0,0.0088,4.13,1000.0,390.0,120.0,90.6,203.0,C,EURO,0,100.0,1000.0
A000422924,3.0,13.0,18.0,0.39,0.0007,10.0,0.0077,3.86,1000.0,388.0,120.0,95.6,203.0,C,EURO,0,100.0,1000.0
A000422926,26.0,19.2,10.0,1.288,0.005,6.0,0.0371,8.0,144.0,194.0,120.0,105.6,203.0,B,EURO,0,24.0,144.0
A000422927,25.3,31.5,10.3,1.86,0.0082,6.0,0.0573,11.84,72.0,143.0,120.0,100.5,203.0,C,EURO,0,12.0,72.0
A000422929,18.7,6.3,2.7,0.39,0.0003,6.0,0.0024,2.4,288.0,115.0,120.0,85.6,210.0,C,EURO,0,48.0,288.0
A000422930,18.4,11.4,3.6,0.224,0.0008,24.0,0.0272,6.274,720.0,165.22,120.0,103.1,203.0,C,EURO,0,30.0,720.0
A000422931,26.0,15.0,2.5,1.26,0.001,12.0,0.0231,15.97,432.0,551.92,120.0,111.0,210.0,C,EURO,0,36.0,432.0
A000422932,18.0,11.0,3.0,0.5,0.0006,36.0,0.0388,15.0,288.0,120.0,120.0,84.0,203.0,C,EURO,0,8.0,288.0
A000422933,24.0,11.7,3.1,0.692,0.0009,24.0,0.0349,17.808,576.0,404.392,120.0,117.0,210.0,C,EURO,0,24.0,576.0
A000422934,18.6,11.6,3.2,0.53,0.0007,24.0,0.0289,13.796,864.0,473.656,120.0,115.2,203.0,C,EURO,0,36.0,864.0
A000422935,17.0,15.0,3.0,1.0,0.0008,6.0,0.0223,13.0,216.0,470.0,120.0,95.6,210.0,C,EURO,0,36.0,216.0
A000422936,24.0,11.8,3.7,0.75,0.001,24.0,0.0345,19.116,480.0,359.32,120.0,93.6,203.0,B,EURO,0,20.0,480.0
A000422937,23.9,11.5,5.0,0.59,0.0014,24.0,0.0347,15.278,480.0,282.56,120.0,96.1,203.0,C,EURO,0,20.0,480.0
A000422938,9.8,7.4,4.2,0.452,0.0003,24.0,0.0134,11.512,1440.0,667.72,120.0,81.6,210.0,C,EURO,0,60.0,1440.0
A000422940,23.9,11.7,3.4,0.372,0.001,24.0,0.0336,9.95,576.0,215.8,120.0,115.2,203.0,C,EURO,0,24.0,576.0
A000422942,4.3,1.8,0.2,0.006,0.0,720.0,0.0071,4.762,86400.0,571.44,120.0,125.6,210.0,C,K3,0,120.0,86400.0
A000422943,4.8,1.7,0.3,0.006,0.0,1400.0,0.0071,10.204,105000.0,765.3,120.0,76.5,203.0,C,K2,0,75.0,105000.0
A000422944,5.5,2.8,0.3,0.012,0.0,100.0,0.001,1.29,56400.0,727.56,120.0,58.8,203.0,C,K3,0,564.0,56400.0
A000422945,3.5,1.6,0.2,0.003,0.0,300.0,0.0007,1.04,228000.0,790.4,120.0,58.9,210.0,C,K2,0,760.0,228000.0
A000422946,5.5,2.7,0.2,0.016,0.0,540.0,0.007,8.896,40500.0,667.2,120.0,78.5,203.0,C,K3,0,75.0,40500.0
A000423028,10.5,7.6,2.0,0.058,0.0002,108.0,0.0334,7.42,3456.0,214.44,120.0,116.4,203.0,B,EURO,0,32.0,3456.0
A000423031,48.3,10.6,4.4,2.065,0.0023,10.0,0.0294,21.235,300.0,614.05,120.0,108.1,203.0,C,EURO,0,30.0,300.0
A000423032,48.1,10.8,5.0,2.03,0.0026,10.0,0.0316,20.3,230.0,469.0,120.0,105.6,203.0,B,EURO,0,23.0,230.0
A000423033,48.1,10.5,4.0,2.07,0.002,10.0,0.0316,21.04,300.0,608.2,120.0,115.1,203.0,C,EURO,0,30.0,300.0
A000423034,48.3,10.9,5.0,2.05,0.0026,10.0,0.0307,21.0,240.0,505.0,120.0,100.0,203.0,B,EURO,0,24.0,240.0
A000423038,13.0,2.5,2.0,0.09,0.0001,250.0,0.0209,22.0,5250.0,464.0,120.0,65.6,203.0,C,EURO,0,21.0,5250.0
A000423039,13.0,5.0,0.5,0.096,0.0,250.0,0.0209,24.0,7000.0,649.0,120.0,65.6,203.0,C,EURO,0,28.0,7000.0
A000423041,19.0,16.4,6.8,0.37,0.0021,20.0,0.0437,8.554,500.0,190.85,120.0,122.6,203.0,C,EURO,0,25.0,500.0
A000423042,16.5,4.0,0.3,0.058,0.0,20.0,0.0031,1.16,7200.0,417.6,120.0,120.0,203.0,C,K3,0,360.0,7200.0
A000423043,22.4,19.4,5.5,0.636,0.0024,20.0,0.0607,14.274,120.0,85.644,120.0,84.6,203.0,C,EURO,0,6.0,120.0
A000423044,22.4,19.4,5.5,0.642,0.0024,20.0,0.0775,14.388,420.0,302.148,120.0,93.0,203.0,C,EURO,0,21.0,420.0
A000423045,19.5,22.5,5.3,0.74,0.0023,20.0,0.0563,15.8,420.0,331.8,120.0,153.0,203.0,C,EURO,0,21.0,420.0
A000423046,19.4,22.4,5.6,0.656,0.0024,20.0,0.0621,14.696,280.0,185.0,120.0,100.0,203.0,C,EURO,0,14.0,280.0
A000423047,19.4,22.4,5.6,0.656,0.0024,20.0,0.0496,14.696,240.0,176.352,120.0,99.6,203.0,C,EURO,0,12.0,240.0
A000423048,19.4,22.5,5.7,0.764,0.0025,20.0,0.0628,16.768,240.0,201.216,120.0,164.4,203.0,C,EURO,0,12.0,240.0
A000423049,19.5,22.5,5.5,0.674,0.0024,20.0,0.0622,15.026,280.0,210.364,120.0,58.0,203.0,C,EURO,0,14.0,280.0
A000423050,19.5,22.5,5.3,0.68,0.0023,20.0,0.054,14.7,160.0,472.4,120.0,105.6,203.0,C,EURO,0,8.0,160.0
A000423051,19.5,22.5,5.3,0.74,0.0023,20.0,0.0603,17.214,120.0,103.284,120.0,83.4,203.0,C,EURO,0,6.0,120.0
A000423053,22.5,19.5,5.0,0.652,0.0022,20.0,0.0566,14.79,300.0,221.85,120.0,124.5,203.0,C,EURO,0,15.0,300.0
A000423055,22.5,19.5,5.0,0.652,0.0022,5.0,0.0113,3.46,450.0,288.4,120.0,105.6,203.0,C,EURO,0,90.0,450.0
A000423056,22.5,19.5,5.0,0.652,0.0022,5.0,0.0113,3.46,450.0,288.4,120.0,105.6,203.0,B,EURO,0,90.0,450.0
A000423058,22.5,19.5,5.0,0.652,0.0022,20.0,0.0717,14.7,320.0,264.6,120.0,125.0,203.0,C,EURO,0,16.0,320.0
A000423060,22.5,19.5,5.0,0.652,0.0022,20.0,0.0713,13.46,320.0,216.0,120.0,124.0,203.0,C,EURO,0,16.0,320.0
A000423067,12.5,6.6,2.2,0.045,0.0002,36.0,0.008,1.996,4968.0,252.448,120.0,111.6,203.0,C,EURO,0,138.0,4968.0
A000423069,13.3,7.6,2.5,0.078,0.0003,36.0,0.0124,3.35,3240.0,278.5,120.0,113.1,203.0,C,EURO,0,90.0,3240.0
A000423070,13.5,7.6,2.6,0.99,0.0003,36.0,0.0129,3.825,2448.0,261.16,120.0,99.0,203.0,C,EURO,0,68.0,2448.0
A000423071,15.2,8.8,2.5,0.126,0.0003,36.0,0.0173,5.162,1728.0,224.776,120.0,108.8,210.0,C,EURO,0,48.0,1728.0
A000423072,15.2,8.7,2.5,0.126,0.0003,36.0,0.017,4.536,1728.0,194.728,120.0,109.6,203.0,C,EURO,0,48.0,1728.0
A000423073,15.2,8.7,2.9,0.188,0.0004,36.0,0.0192,7.302,1980.0,378.61,120.0,122.6,203.0,C,EURO,0,55.0,1980.0
A000423074,15.1,8.6,3.0,0.182,0.0004,36.0,0.018,7.31,1980.0,379.05,120.0,118.6,203.0,C,EURO,0,55.0,1980.0
A000423075,15.2,8.7,2.9,0.184,0.0004,36.0,0.0189,7.3,1980.0,378.5,120.0,124.1,203.0,C,EURO,0,55.0,1980.0
A000423076,12.5,6.5,2.0,0.042,0.0002,36.0,0.0082,1.63,4536.0,182.38,120.0,112.2,203.0,B,EURO,0,126.0,4536.0
A000423077,12.6,6.7,1.9,0.036,0.0002,36.0,0.0085,1.618,2880.0,130.6,120.0,87.0,203.0,B,EURO,0,80.0,2880.0
A000423078,12.7,6.8,2.0,0.058,0.0002,36.0,0.0082,2.55,4968.0,328.9,120.0,112.2,210.0,C,EURO,0,138.0,4968.0
A000423079,12.5,6.6,2.0,0.06,0.0002,36.0,0.0079,2.54,4968.0,327.52,120.0,108.6,210.0,C,EURO,0,138.0,4968.0
A000423080,12.6,6.7,2.0,0.066,0.0002,36.0,0.0084,2.542,4968.0,327.796,120.0,113.4,210.0,C,EURO,0,138.0,4968.0
A000423081,12.6,6.7,2.0,0.06,0.0002,36.0,0.0084,2.586,4536.0,302.836,120.0,116.4,210.0,C,EURO,0,126.0,4536.0
A000423082,15.1,8.7,2.3,0.14,0.0003,36.0,0.0144,5.602,2520.0,369.14,120.0,110.6,210.0,C,EURO,0,70.0,2520.0
A000423083,15.2,8.8,2.4,0.148,0.0003,36.0,0.0147,5.642,2520.0,371.94,120.0,109.1,210.0,C,EURO,0,70.0,2520.0
A000423084,15.2,8.7,2.3,0.14,0.0003,36.0,0.0147,5.642,2520.0,371.94,120.0,109.1,210.0,C,EURO,0,70.0,2520.0
A000423085,15.1,8.6,2.4,0.138,0.0003,36.0,0.014,5.57,2520.0,366.9,120.0,105.1,203.0,C,EURO,0,70.0,2520.0
A000423087,11.0,7.0,0.5,0.022,0.0,500.0,0.0312,11.0,12500.0,275.0,120.0,120.0,210.0,C,K3,0,25.0,12500.0
A000423088,17.5,12.1,2.3,0.244,0.0005,10.0,0.0084,2.69,1200.0,299.8,120.0,99.6,210.0,C,EURO,0,120.0,1200.0
A000423090,17.5,12.1,2.3,0.286,0.0005,10.0,0.0081,3.106,1200.0,349.72,120.0,98.4,210.0,C,EURO,0,120.0,1200.0
A000423091,17.5,12.1,2.4,0.296,0.0005,10.0,0.008,3.226,1200.0,364.12,120.0,97.8,210.0,C,EURO,0,120.0,1200.0
A000423092,17.5,12.1,2.4,0.316,0.0005,10.0,0.0081,3.418,1200.0,387.16,120.0,97.2,210.0,C,EURO,0,120.0,1200.0
A000423093,19.5,12.0,2.6,0.292,0.0006,10.0,0.0084,3.215,1200.0,362.8,120.0,109.8,210.0,C,EURO,0,120.0,1200.0
A000423111,8.6,4.1,2.7,0.158,0.0001,40.0,0.0076,6.764,2960.0,469.0,120.0,95.6,203.0,C,EURO,0,74.0,2960.0
A000423112,17.5,12.1,2.4,0.178,0.0005,10.0,0.0084,1.78,750.0,133.5,120.0,95.6,203.0,C,EURO,0,75.0,750.0
A000423113,8.6,4.2,2.7,0.156,0.0001,40.0,0.0077,6.704,4200.0,680.92,120.0,92.7,203.0,C,EURO,0,105.0,4200.0
A000423114,17.5,12.2,2.5,0.218,0.0005,10.0,0.0082,2.448,1140.0,256.072,120.0,97.8,203.0,C,EURO,0,114.0,1140.0
A000423115,8.5,4.1,2.7,0.196,0.0001,40.0,0.0075,8.352,3600.0,751.68,120.0,89.4,203.0,C,K3,0,90.0,3600.0
A000423116,17.5,12.1,2.9,0.218,0.0006,10.0,0.0081,2.426,1200.0,268.12,120.0,97.8,203.0,C,EURO,0,120.0,1200.0
A000423117,9.0,4.5,2.5,0.2,0.0001,,,,1000.0,202.0,120.0,95.6,203.0,C,EURO,0,,1000.0
A000423118,2.0,12.0,18.0,0.24,0.0004,10.0,0.0083,2.64,800.0,213.12,120.0,76.0,203.0,B,EURO,0,80.0,800.0
A000423119,17.5,12.0,2.4,0.256,0.0005,10.0,0.0082,2.823,1200.0,315.76,120.0,97.8,203.0,B,EURO,0,120.0,1200.0
A000423120,8.6,4.1,2.7,0.232,0.0001,40.0,0.008,9.696,3000.0,727.2,120.0,76.5,203.0,B,EURO,0,75.0,3000.0
A000423121,17.5,12.1,2.4,0.264,0.0005,10.0,0.008,2.768,1200.0,309.16,120.0,97.8,203.0,B,EURO,0,120.0,1200.0
A000423122,8.6,4.1,2.8,0.23,0.0001,40.0,0.0071,9.598,3000.0,719.85,120.0,70.5,203.0,B,EURO,0,75.0,3000.0
A000423123,17.5,12.1,2.3,0.266,0.0005,10.0,0.0081,2.942,1200.0,330.04,120.0,97.8,203.0,B,EURO,0,120.0,1200.0
A000423124,8.6,4.1,2.8,0.258,0.0001,40.0,0.0074,10.32,2400.0,619.2,120.0,60.0,203.0,B,EURO,0,60.0,2400.0
A000423125,17.6,12.1,2.4,0.282,0.0005,10.0,0.0081,3.075,1200.0,346.0,120.0,98.4,203.0,C,EURO,0,120.0,1200.0
A000423126,17.5,12.2,2.5,0.298,0.0005,10.0,0.0081,3.226,1200.0,364.12,120.0,97.8,203.0,C,EURO,0,120.0,1200.0
A000423127,8.6,4.1,2.7,0.276,0.0001,40.0,0.0067,11.416,2400.0,684.96,120.0,54.0,203.0,C,EURO,0,60.0,2400.0
A000423128,17.6,12.1,2.5,0.268,0.0005,10.0,0.0084,2.948,1200.0,330.76,120.0,98.4,203.0,C,EURO,0,120.0,1200.0
A000423129,17.4,12.1,2.3,0.264,0.0005,10.0,0.0082,2.912,1200.0,326.44,120.0,97.8,203.0,B,EURO,0,120.0,1200.0
A000423130,8.6,4.1,2.7,0.258,0.0001,40.0,0.0071,10.32,3000.0,774.0,120.0,70.5,203.0,C,EURO,0,75.0,3000.0
A000423131,17.6,12.1,2.4,0.282,0.0005,10.0,0.0083,3.096,1000.0,286.6,120.0,80.6,203.0,C,EURO,0,100.0,1000.0
A000423132,8.6,4.1,2.7,0.26,0.0001,40.0,0.0076,10.79,2400.0,647.4,120.0,58.8,203.0,C,K3,0,60.0,2400.0
A000423133,17.5,12.1,2.4,0.302,0.0005,10.0,0.0082,3.248,1200.0,366.76,120.0,97.8,203.0,C,EURO,0,120.0,1200.0
A000423134,8.9,4.1,2.7,0.288,0.0001,40.0,0.0075,11.0,1440.0,398.0,120.0,65.6,203.0,C,EURO,0,36.0,1440.0
A000423135,17.4,12.0,2.3,0.312,0.0005,10.0,0.008,3.38,1200.0,382.6,120.0,97.2,203.0,C,EURO,0,120.0,1200.0
A000423136,10.6,4.1,2.8,0.31,0.0001,40.0,0.0082,11.982,2400.0,718.92,120.0,59.6,203.0,C,EURO,0,60.0,2400.0
A000423137,17.5,12.2,2.4,0.33,0.0005,10.0,0.0084,3.538,1200.0,401.56,120.0,97.8,203.0,C,EURO,0,120.0,1200.0
A000423138,10.7,4.0,2.6,0.306,0.0001,40.0,0.0092,12.96,2400.0,777.6,120.0,75.5,203.0,C,K3,0,60.0,2400.0
A000423139,17.6,12.2,2.4,0.302,0.0005,10.0,0.0081,3.282,1200.0,370.84,120.0,97.8,203.0,C,EURO,0,120.0,1200.0
A000423140,17.6,12.1,2.4,0.312,0.0005,10.0,0.0082,3.262,1200.0,368.44,120.0,97.8,203.0,B,EURO,0,120.0,1200.0
A000423141,8.7,4.1,2.7,0.274,0.0001,40.0,0.0075,11.436,2440.0,697.596,120.0,74.5,203.0,B,EURO,0,61.0,2440.0
A000423142,17.5,12.1,2.7,0.312,0.0006,10.0,0.0082,3.39,1140.0,363.46,120.0,97.2,203.0,C,EURO,0,114.0,1140.0
A000423143,10.7,4.1,2.7,0.29,0.0001,40.0,0.0079,11.682,2440.0,712.602,120.0,71.5,203.0,B,EURO,0,61.0,2440.0
A000423144,17.4,12.0,2.5,0.324,0.0005,10.0,0.0081,3.518,1200.0,399.16,120.0,97.8,203.0,C,EURO,0,120.0,1200.0
A000423145,11.0,4.1,2.7,0.306,0.0001,40.0,0.0091,12.0,1200.0,362.0,120.0,65.6,203.0,B,EURO,0,30.0,1200.0
A000423146,17.5,12.1,2.4,0.328,0.0005,10.0,0.0082,3.526,1200.0,400.12,120.0,97.8,203.0,C,EURO,0,120.0,1200.0
A000423147,10.8,4.1,2.7,0.306,0.0001,40.0,0.0089,12.744,2400.0,764.64,120.0,72.0,203.0,C,K3,0,60.0,2400.0
A000423148,10.7,4.1,2.8,0.324,0.0001,40.0,0.0095,13.506,1440.0,477.0,120.0,32.4,203.0,C,EURO,0,36.0,1440.0
A000423149,17.6,12.2,2.4,0.346,0.0005,10.0,0.0081,3.71,1200.0,422.2,120.0,97.8,203.0,C,EURO,0,120.0,1200.0
A000423150,10.7,4.1,2.6,0.322,0.0001,40.0,0.0091,13.362,1920.0,641.376,120.0,59.6,203.0,C,K3,0,48.0,1920.0
A000423151,10.9,4.1,2.8,0.34,0.0001,40.0,0.0098,14.114,1920.0,677.472,120.0,61.6,203.0,C,EURO,0,48.0,1920.0
A000423152,17.6,12.1,2.4,0.372,0.0005,10.0,0.0082,3.882,1200.0,442.84,120.0,97.8,203.0,B,EURO,0,120.0,1200.0
A000423153,10.8,4.0,2.7,0.31,0.0001,40.0,0.0093,13.938,1920.0,669.024,120.0,60.8,203.0,C,K3,0,48.0,1920.0
A000423154,12.6,4.0,2.7,0.352,0.0001,40.0,0.0102,14.7,1200.0,443.0,120.0,85.6,203.0,C,EURO,0,30.0,1200.0
A000423155,19.3,11.8,2.4,0.294,0.0005,10.0,0.0088,3.24,1200.0,365.8,120.0,110.4,203.0,C,EURO,0,120.0,1200.0
A000423156,10.8,4.0,2.8,0.286,0.0001,40.0,0.0091,11.2,1200.0,361.0,120.0,80.0,203.0,C,EURO,0,30.0,1200.0
A000423157,19.4,12.0,2.4,0.312,0.0006,10.0,0.009,3.37,1200.0,381.4,120.0,111.6,203.0,C,EURO,0,120.0,1200.0
A000423158,11.0,4.0,2.7,0.288,0.0001,40.0,0.0069,11.0,1800.0,500.0,120.0,80.0,203.0,C,K3,0,45.0,1800.0
A000423159,19.3,11.9,2.4,0.328,0.0006,10.0,0.009,3.566,1200.0,427.92,120.0,124.2,203.0,C,K3,0,120.0,1200.0
A000423160,19.4,12.0,2.5,0.324,0.0006,10.0,0.0091,3.548,1200.0,402.76,120.0,109.8,203.0,C,EURO,0,120.0,1200.0
A000423161,12.7,4.0,2.7,0.364,0.0001,40.0,0.0101,14.56,1920.0,698.88,120.0,58.8,210.0,C,EURO,0,48.0,1920.0
A000423163,8.6,4.2,2.7,0.218,0.0001,40.0,0.0075,9.7,3000.0,727.5,120.0,75.0,203.0,C,EURO,0,75.0,3000.0
A000423164,8.6,4.2,2.7,0.232,0.0001,40.0,0.0075,9.7,3000.0,727.5,120.0,74.5,203.0,C,EURO,0,75.0,3000.0
A000423165,8.5,4.0,2.5,0.52,0.0001,,,,1700.0,909.0,120.0,110.0,203.0,C,K3,0,,1700.0
A000423174,17.5,12.0,2.8,0.314,0.0006,10.0,0.0083,3.428,1200.0,388.36,120.0,97.8,203.0,C,EURO,0,120.0,1200.0
A000423175,17.5,12.0,1.8,0.316,0.0004,10.0,0.0048,3.42,1920.0,633.64,120.0,96.6,203.0,C,EURO,0,192.0,1920.0
A000423176,17.5,12.0,1.8,0.332,0.0004,10.0,0.0075,3.65,1200.0,438.0,120.0,111.0,203.0,C,K2,0,120.0,1200.0
A000423177,17.6,12.0,2.5,0.332,0.0005,10.0,0.0075,3.32,1200.0,375.4,120.0,96.6,203.0,C,EURO,0,120.0,1200.0
A000423178,17.5,12.0,2.5,0.401,0.0005,10.0,0.0074,4.2,1200.0,504.0,120.0,111.0,203.0,C,K2,0,120.0,1200.0
A000423179,19.5,12.0,2.5,0.352,0.0006,10.0,0.0083,3.85,1200.0,462.0,120.0,120.0,203.0,C,K2,0,120.0,1200.0
A000423184,19.5,12.0,3.0,0.354,0.0007,10.0,0.0074,3.875,1200.0,465.0,120.0,114.0,203.0,C,K2,0,120.0,1200.0
A000423188,19.5,12.0,3.0,0.36,0.0007,10.0,0.0074,4.195,1200.0,503.4,120.0,114.0,203.0,C,K2,0,120.0,1200.0
A000423198,17.5,12.0,3.0,0.31,0.0006,10.0,0.0074,3.405,1200.0,408.6,120.0,114.0,210.0,C,K2,0,120.0,1200.0
A000423206,17.4,12.0,2.2,0.356,0.0005,10.0,0.0081,3.86,1200.0,463.2,120.0,112.8,203.0,C,K2,0,120.0,1200.0
A000423209,19.5,12.0,2.0,0.338,0.0005,10.0,0.0094,3.38,1000.0,315.0,120.0,105.6,203.0,C,EURO,0,100.0,1000.0
A000423210,17.4,12.0,2.4,0.284,0.0005,10.0,0.008,3.086,1200.0,347.32,120.0,97.8,203.0,C,EURO,0,120.0,1200.0
A000423211,17.4,12.5,2.4,0.282,0.0005,10.0,0.0081,3.066,1200.0,344.92,120.0,97.2,203.0,C,EURO,0,120.0,1200.0
A000423212,17.4,12.0,2.6,0.3,0.0005,10.0,0.0083,3.25,1200.0,367.0,120.0,97.8,203.0,C,EURO,0,120.0,1200.0
A000423213,17.4,12.0,2.3,0.296,0.0005,10.0,0.0081,3.236,1200.0,365.32,120.0,97.8,203.0,C,EURO,0,120.0,1200.0
A000423214,17.4,12.0,2.6,0.314,0.0005,10.0,0.0087,3.384,1200.0,383.08,120.0,99.6,203.0,C,EURO,0,120.0,1200.0
A000423215,17.5,12.1,2.3,0.32,0.0005,10.0,0.0084,3.378,1200.0,382.36,120.0,97.8,203.0,C,EURO,0,120.0,1200.0
A000423216,17.5,12.1,2.3,0.324,0.0005,10.0,0.0081,3.388,1200.0,383.56,120.0,98.4,203.0,C,EURO,0,120.0,1200.0
A000423217,17.5,12.1,2.3,0.338,0.0005,10.0,0.0084,3.666,1200.0,416.92,120.0,98.4,203.0,C,EURO,0,120.0,1200.0
A000423221,19.0,12.0,2.0,0.37,0.0005,10.0,0.0089,4.0,600.0,242.0,120.0,95.6,203.0,C,EURO,0,60.0,600.0
A000423226,17.0,12.0,0.4,0.4,0.0001,10.0,0.0288,20.818,240.0,476.632,120.0,102.4,203.0,C,EURO,0,24.0,240.0
A000423227,10.0,5.0,3.5,0.334,0.0002,48.0,0.0111,16.365,2160.0,736.425,120.0,79.0,203.0,C,EURO,0,45.0,2160.0
A000423229,9.9,5.0,3.7,0.416,0.0002,48.0,0.0113,20.45,1728.0,736.2,120.0,63.2,203.0,C,EURO,0,36.0,1728.0
A000423230,9.9,5.0,3.5,0.35,0.0002,48.0,0.0115,17.0,1344.0,475.0,120.0,95.6,203.0,C,EURO,0,28.0,1344.0
A000423231,9.5,5.0,3.5,0.444,0.0002,20.0,0.0117,9.1,900.0,409.5,120.0,79.0,203.0,C,EURO,0,45.0,900.0
A000423233,9.5,5.0,3.2,0.444,0.0002,20.0,0.0105,9.2,900.0,414.0,120.0,79.0,203.0,C,EURO,0,45.0,900.0
A000423750,34.0,7.5,8.0,0.5,0.002,,,,330.0,137.0,120.0,95.6,10.0,C,EURO,0,,330.0
A000424139,8.5,4.0,2.5,0.28,0.0001,10.0,0.0012,2.81,3000.0,865.0,120.0,110.0,203.0,C,K3,0,300.0,3000.0
A000424239,35.5,40.0,31.0,12.1,0.044,,,,18.0,219.82,120.0,93.0,203.0,C,EURO,1,,18.0
A000424274,20.1,15.9,6.0,1.23,0.0019,,,,385.0,475.55,120.0,95.6,207.0,C,EURO,1,,385.0
A000424567,18.0,13.0,3.0,0.24,0.0007,10.0,0.0087,2.8,1000.0,280.0,120.0,80.0,203.0,C,EURO,0,100.0,1000.0
A000424568,1.5,12.0,18.0,0.3,0.0003,10.0,0.0101,4.0,720.0,215.0,120.0,85.6,203.0,C,EURO,0,72.0,720.0
A000424569,19.5,12.0,2.0,0.33,0.0005,,,,1692.0,560.0,120.0,95.6,203.0,C,EURO,0,,1692.0
A000424570,20.0,13.0,3.0,0.34,0.0008,10.0,0.0094,3.86,1000.0,388.0,120.0,105.6,203.0,C,EURO,0,100.0,1000.0
A000424571,2.5,12.0,17.5,0.29,0.0005,10.0,0.0088,3.8,800.0,256.0,120.0,85.6,203.0,C,EURO,0,80.0,800.0
A000424572,2.0,12.0,19.0,0.36,0.0005,10.0,0.0087,4.0,1000.0,402.0,120.0,93.6,203.0,C,EURO,0,100.0,1000.0
A000424573,4.38,45.0,19.0,0.4,0.0037,10.0,0.0087,3.87,1000.0,322.0,120.0,85.6,203.0,C,EURO,0,100.0,1000.0
A000424574,19.5,12.0,3.5,0.38,0.0008,10.0,0.0087,4.12,792.0,300.96,120.0,80.0,203.0,C,EURO,0,79.2,792.0
A000424575,20.0,13.0,3.0,0.4,0.0008,10.0,0.0091,4.2,800.0,336.0,120.0,84.0,203.0,C,EURO,0,80.0,800.0
A000424576,18.0,12.0,3.0,0.3,0.0006,10.0,0.009,3.2,800.0,256.0,120.0,80.0,203.0,C,EURO,0,80.0,800.0
A000424577,18.0,13.0,3.0,0.36,0.0007,10.0,0.0083,4.0,800.0,320.0,120.0,75.0,203.0,C,EURO,0,80.0,800.0
A000424578,18.0,13.0,4.0,0.34,0.0009,10.0,0.0087,3.5,800.0,280.0,120.0,80.0,203.0,C,EURO,0,80.0,800.0
A000424579,22.0,13.0,3.0,0.37,0.0009,10.0,0.0093,4.0,800.0,320.0,120.0,92.0,203.0,C,EURO,0,80.0,800.0
A000424580,2.0,12.0,18.0,0.35,0.0004,10.0,0.008,3.8,1000.0,380.0,210.0,95.0,203.0,C,EURO,0,100.0,1000.0
A000424581,18.0,13.0,3.0,0.36,0.0007,10.0,0.0083,3.9,800.0,312.0,120.0,76.0,203.0,C,EURO,0,80.0,800.0
A000424582,18.0,12.0,3.0,0.36,0.0006,10.0,0.0083,4.0,800.0,320.0,120.0,75.0,203.0,C,EURO,0,80.0,800.0
A000424583,2.0,12.0,18.0,0.38,0.0004,10.0,0.0101,2.28,600.0,161.8,120.0,95.0,203.0,C,K3,0,60.0,600.0
A000424584,10.0,17.0,8.0,0.45,0.0014,10.0,0.0215,5.25,400.0,212.0,120.0,104.6,203.0,C,EURO,0,40.0,400.0
A000424585,14.5,11.0,6.5,0.08,0.001,,,,9999.0,999.0,120.0,100.0,210.0,C,K3,0,,9999.0
A000424587,2.0,12.0,18.0,0.27,0.0004,10.0,0.0083,2.96,1000.0,298.0,120.0,93.6,210.0,C,EURO,0,100.0,1000.0
A000424588,2.0,12.0,20.0,0.37,0.0005,10.0,0.0088,3.88,1000.0,500.0,120.0,117.0,210.0,C,K3,0,100.0,1000.0
A000424589,2.0,13.0,18.0,0.25,0.0005,10.0,0.0077,2.64,1000.0,266.0,120.0,93.6,203.0,C,EURO,0,100.0,1000.0
A000424590,5.0,9.0,3.0,0.22,0.0001,40.0,0.0064,8.8,1800.0,420.0,120.0,80.0,203.0,C,K3,0,45.0,1800.0
A000424591,9.0,4.0,3.0,0.21,0.0001,40.0,0.0072,9.0,1800.0,407.0,120.0,65.6,203.0,C,EURO,0,45.0,1800.0
A000424592,2.0,13.0,18.0,0.28,0.0005,10.0,0.0077,2.98,1000.0,300.0,120.0,95.6,203.0,C,EURO,0,100.0,1000.0
A000424593,8.4,4.0,2.5,0.33,0.0001,40.0,0.0063,11.0,1800.0,477.0,120.0,65.6,203.0,C,EURO,0,45.0,1800.0
A000424594,8.5,4.0,2.5,0.31,0.0001,40.0,0.0068,11.3,4200.0,1126.0,120.0,85.6,203.0,B,EURO,0,105.0,4200.0
A000424595,8.5,4.0,2.5,0.28,0.0001,10.0,0.0061,11.2,9999.0,9999.0,9999.0,9999.0,203.0,C,K3,0,999.9,9999.0
A000424596,10.5,4.0,2.5,0.29,0.0001,40.0,0.0073,11.0,1800.0,500.0,120.0,80.0,203.0,C,K3,0,45.0,1800.0
A000424597,8.5,4.0,2.4,0.278,0.0001,40.0,0.0063,11.7,1800.0,527.0,120.0,40.0,203.0,C,EURO,0,45.0,1800.0
A000424598,11.0,4.0,3.0,0.31,0.0001,40.0,0.009,12.4,600.0,211.0,120.0,45.0,210.0,C,K3,0,15.0,600.0
A000424599,11.0,4.0,3.0,0.31,0.0001,40.0,0.009,12.4,2200.0,682.0,120.0,75.0,203.0,C,EURO,0,55.0,2200.0
A000424601,5.0,10.0,4.0,0.43,0.0002,20.0,0.0105,9.2,900.0,414.0,120.0,79.0,203.0,C,EURO,0,45.0,900.0
A000424682,15.0,6.0,4.0,0.22,0.0004,20.0,0.0086,4.4,1600.0,352.0,120.0,85.0,203.0,C,EURO,0,80.0,1600.0
A000424684,7.0,7.0,4.0,0.05,0.0002,,,,1000.0,75.0,120.0,110.0,203.0,C,EURO,0,,1000.0
A000424757,39.0,18.0,10.0,3.0,0.007,,,,120.0,120.0,120.0,80.0,205.0,C,EURO,0,,120.0
A000427548,4.5,4.5,13.0,0.2,0.0003,,,,3456.0,683.0,120.0,95.6,207.0,C,EURO,1,,3456.0
A000427644,20.0,5.5,0.1,0.34,0.0,60.0,0.0118,20.0,4800.0,1647.0,120.0,150.0,203.0,C,K3,0,80.0,4800.0
A000427663,28.5,10.5,6.5,2.0,0.0019,10.0,0.0248,20.0,240.0,480.0,120.0,87.0,203.0,C,EURO,0,24.0,240.0
A000427664,28.0,11.0,6.0,2.0,0.0018,10.0,0.0252,20.0,200.0,401.0,120.0,77.0,203.0,C,EURO,0,20.0,200.0
A000427665,28.0,10.5,6.0,2.0,0.0018,10.0,0.0246,20.0,200.0,400.0,120.0,75.0,203.0,C,EURO,0,20.0,200.0
A000427668,28.0,11.0,6.5,1.8,0.002,,,,400.0,722.0,120.0,95.6,203.0,C,EURO,0,,400.0
A000427669,28.0,11.0,6.0,1.8,0.0018,,,,300.0,541.0,120.0,71.0,203.0,C,EURO,0,,300.0
A000427670,28.0,11.0,6.5,1.8,0.002,,,,400.0,722.0,120.0,95.6,203.0,C,EURO,0,,400.0
A000427696,17.5,12.0,2.0,0.18,0.0004,10.0,0.0071,2.12,1000.0,182.0,120.0,95.6,210.0,C,EURO,0,100.0,1000.0
A000427698,8.5,4.0,2.5,0.25,0.0001,,,,1900.0,500.0,20.0,110.0,203.0,C,EURO,0,,1900.0
A000427699,8.5,4.0,2.5,0.21,0.0001,,,,3360.0,707.0,120.0,95.6,203.0,C,EURO,0,,3360.0
A000427700,2.0,4.0,1.0,0.26,0.0,,,,1400.0,389.0,120.0,170.0,210.0,C,K3,0,,1400.0
A000427701,11.0,4.0,2.5,0.26,0.0001,,,,220.0,495.0,120.0,110.0,203.0,C,K3,0,,220.0
A000427702,11.0,4.0,3.0,0.27,0.0001,,,,1700.0,484.0,120.0,110.0,203.0,C,K3,0,,1700.0
A000427703,17.5,12.0,2.0,0.22,0.0004,,,,1692.0,374.0,120.0,95.6,210.0,C,EURO,0,,1692.0
A000427704,17.5,12.0,3.0,0.22,0.0006,,,,1116.0,270.0,120.0,110.0,210.0,C,K2,0,,1116.0
A000427705,17.0,12.0,2.0,0.26,0.0004,,,,1974.0,477.0,120.0,95.6,210.0,C,EURO,0,,1974.0
A000427707,18.0,12.5,2.0,0.26,0.0004,,,,1692.0,464.0,180.0,110.0,210.0,C,K2,0,,1692.0
A000427714,17.5,12.0,2.0,0.29,0.0004,,,,1692.0,515.0,120.0,110.0,210.0,C,K3,0,,1692.0
A000427715,17.5,12.0,2.0,0.31,0.0004,,,,1692.0,549.0,120.0,110.0,210.0,C,K3,0,,1692.0
A000427716,17.5,12.0,2.0,0.27,0.0004,,,,1692.0,481.0,120.0,110.0,210.0,C,K3,0,,1692.0
A000427718,17.0,12.0,2.0,0.26,0.0004,,,,1974.0,538.0,120.0,110.0,210.0,C,K2,0,,1974.0
A000427732,17.5,12.0,2.0,0.23,0.0004,10.0,0.0076,2.63,1000.0,255.0,120.0,110.0,203.0,C,EURO,0,100.0,1000.0
A000427733,17.5,12.0,2.0,0.36,0.0004,,,,1692.0,464.0,120.0,110.0,203.0,C,K3,0,,1692.0
A000427734,17.5,12.0,2.0,0.29,0.0004,,,,1692.0,492.0,120.0,95.6,203.0,C,EURO,0,,1692.0
A000427738,17.5,12.0,2.0,0.32,0.0004,,,,1692.0,566.0,120.0,110.0,203.0,C,K2,0,,1692.0
A000427740,1.5,17.5,12.0,0.3,0.0003,10.0,0.0073,3.27,800.0,242.0,120.0,95.6,203.0,C,EURO,0,80.0,800.0
A000427741,17.5,12.0,2.0,0.3,0.0004,,,,1692.0,509.0,120.0,95.6,203.0,C,EURO,0,,1692.0
A000427742,17.0,12.0,2.0,0.26,0.0004,,,,1974.0,538.0,120.0,110.0,203.0,C,K2,0,,1974.0
A000427743,17.5,12.0,2.0,0.33,0.0004,,,,1710.0,477.0,120.0,95.6,203.0,C,EURO,0,,1710.0
A000427744,17.5,12.0,2.0,0.35,0.0004,,,,1692.0,617.0,120.0,110.0,203.0,C,K3,0,,1692.0
A000427745,17.5,12.0,2.0,0.32,0.0004,10.0,0.0078,3.14,1000.0,322.0,120.0,95.6,203.0,C,EURO,0,100.0,1000.0
A000427747,17.5,12.0,2.0,0.33,0.0004,,,,1710.0,589.0,120.0,110.0,203.0,C,EURO,0,,1710.0
A000427748,17.0,12.0,2.0,0.26,0.0004,,,,1974.0,477.0,120.0,95.6,203.0,C,EURO,0,,1974.0
A000427749,17.5,12.0,2.0,0.36,0.0004,,,,1692.0,464.0,120.0,110.0,203.0,C,K3,0,,1692.0
A000427750,17.5,12.0,2.0,0.34,0.0004,,,,1692.0,477.0,120.0,95.6,203.0,C,EURO,0,,1692.0
A000427751,17.5,12.0,2.0,0.35,0.0004,,,,1692.0,500.0,120.0,110.0,203.0,C,K3,0,,1692.0
A000427753,17.5,12.0,2.0,0.38,0.0004,10.0,0.0074,4.06,1000.0,382.0,120.0,95.6,203.0,C,EURO,0,100.0,1000.0
A000427754,17.5,12.0,2.0,0.37,0.0004,,,,1692.0,477.0,120.0,95.6,203.0,C,EURO,0,,1692.0
A000427755,17.0,12.0,2.5,0.35,0.0005,10.0,0.0073,4.0,800.0,320.0,120.0,74.0,203.0,C,EURO,0,80.0,800.0
A000427756,17.0,12.0,2.5,0.35,0.0005,10.0,0.0073,4.0,800.0,320.0,120.0,74.0,203.0,C,EURO,0,80.0,800.0
A000427757,17.0,12.0,2.5,0.3,0.0005,10.0,0.0071,4.0,800.0,320.0,120.0,72.0,203.0,C,EURO,0,80.0,800.0
A000427758,17.0,12.0,2.5,0.35,0.0005,10.0,0.0073,4.0,800.0,320.0,120.0,74.0,203.0,C,EURO,0,80.0,800.0
A000427759,17.0,12.0,2.5,0.35,0.0005,10.0,0.0073,4.0,800.0,320.0,120.0,74.0,203.0,C,EURO,0,80.0,800.0
A000427760,3.0,16.0,22.0,0.37,0.0011,10.0,0.0119,4.09,640.0,263.76,120.0,87.6,203.0,C,EURO,0,64.0,640.0
A000427761,17.0,12.0,2.5,0.38,0.0005,10.0,0.0073,4.0,800.0,320.0,120.0,74.0,203.0,C,EURO,0,80.0,800.0
A000427762,17.0,12.0,2.5,0.35,0.0005,10.0,0.0073,4.0,800.0,320.0,120.0,74.0,203.0,C,EURO,0,80.0,800.0
A000427763,17.0,12.0,2.5,0.35,0.0005,10.0,0.0073,4.0,1000.0,400.0,120.0,92.5,203.0,C,EURO,0,100.0,1000.0
A000427764,17.5,11.5,2.0,0.22,0.0004,,,,1692.0,397.0,120.0,110.0,203.0,C,K3,0,,1692.0
A000427765,17.0,12.0,2.0,0.26,0.0004,,,,1974.0,538.0,120.0,110.0,210.0,C,K2,0,,1974.0
A000427766,17.0,12.0,2.0,0.26,0.0004,,,,1974.0,538.0,120.0,110.0,203.0,C,K2,0,,1974.0
A000427767,17.5,11.5,2.0,0.31,0.0004,,,,1692.0,549.0,120.0,110.0,203.0,C,K3,0,,1692.0
A000427768,20.0,12.0,3.0,0.1,0.0007,,,,7250.0,750.0,120.0,110.0,203.0,C,EURO,0,,7250.0
A000427769,17.0,12.0,2.0,0.26,0.0004,,,,1974.0,538.0,120.0,110.0,203.0,C,EURO,0,,1974.0
A000427770,17.5,12.0,2.0,0.31,0.0004,,,,1710.0,555.0,120.0,110.0,203.0,C,EURO,0,,1710.0
A000427771,17.5,12.0,2.0,0.32,0.0004,,,,1710.0,572.0,120.0,110.0,203.0,C,K3,0,,1710.0
A000427772,17.5,12.0,2.0,0.33,0.0004,,,,2700.0,916.0,120.0,110.0,203.0,C,EURO,0,,2700.0
A000427773,17.5,12.0,2.0,0.35,0.0004,,,,1692.0,617.0,120.0,110.0,203.0,C,K3,0,,1692.0
A000427774,17.5,12.0,2.5,0.34,0.0005,,,,1368.0,490.0,120.0,110.0,203.0,C,K3,0,,1368.0
A000427775,17.5,12.0,2.0,0.35,0.0004,,,,1710.0,0.35,17.5,2.0,203.0,C,K3,0,,1710.0
A000427776,19.5,12.0,2.0,0.34,0.0005,,,,1692.0,600.0,120.0,110.0,203.0,C,K3,0,,1692.0
A000427777,9.98,5.0,3.4,0.47,0.0002,,,,950.0,477.0,120.0,95.6,203.0,C,EURO,0,,950.0
A000427779,10.0,5.0,3.5,0.45,0.0002,,,,1600.0,720.0,120.0,31.5,203.0,C,EURO,0,,1600.0
A000427782,5.5,2.6,3.0,0.23,0.0,,,,100.0,25.0,120.0,95.6,203.0,C,EURO,0,,100.0
A000428674,17.0,8.0,2.0,1.6,0.0003,15.0,0.008,12.0,540.0,434.0,120.0,65.6,205.0,C,EURO,0,36.0,540.0
A000428675,32.5,16.0,10.0,1.6,0.0052,,,,120.0,192.0,120.0,80.0,205.0,C,EURO,0,,120.0
A000429757,49.0,4.0,3.0,0.77,0.0006,,,,100.0,79.0,120.0,95.6,203.0,C,EURO,0,,100.0
A000429758,4.0,3.0,2.0,0.3,0.0,,,,100.0,55.0,120.0,110.0,203.0,C,K3,0,,100.0
A000430897,18.0,9.0,8.0,1.53,0.0013,,,,300.0,461.0,120.0,95.6,203.0,C,EURO,0,,300.0
A000430898,28.0,8.0,8.0,1.6,0.0018,,,,290.0,477.0,120.0,95.6,203.0,C,EURO,0,,290.0
A000430900,28.0,9.0,8.0,1.54,0.002,,,,300.0,464.0,120.0,95.6,203.0,C,EURO,0,,300.0
A000430902,28.0,8.0,9.0,1.64,0.002,10.0,0.0261,16.94,280.0,476.32,120.0,95.6,203.0,C,EURO,0,28.0,280.0
A000430905,28.0,9.0,8.0,1.65,0.002,,,,280.0,464.0,120.0,95.6,203.0,C,EURO,0,,280.0
A000431243,28.0,11.0,6.0,2.0,0.0018,,,,220.0,442.0,120.0,95.6,203.0,C,EURO,0,,220.0
A000431338,12.5,6.8,2.5,0.1,0.0002,36.0,0.0076,3.9,3024.0,327.6,120.0,84.0,203.0,C,EURO,0,84.0,3024.0
A000431339,13.0,6.6,2.0,0.1,0.0002,,,,1620.0,102.0,120.0,95.6,203.0,C,EURO,0,,1620.0
A000431340,12.5,6.6,2.5,0.14,0.0002,,,,3571.0,142.0,120.0,95.6,203.0,C,EURO,0,,3571.0
A000431341,13.0,7.0,2.2,0.14,0.0002,,,,2016.0,142.0,120.0,95.6,203.0,C,EURO,0,,2016.0
A000431342,15.5,8.5,2.3,0.27,0.0003,,,,1008.0,272.0,120.0,95.6,203.0,C,EURO,0,,1008.0
A000431343,16.0,9.0,2.5,0.27,0.0004,,,,1248.0,392.96,120.0,95.6,203.0,C,EURO,0,,1248.0
A000431344,17.5,12.5,2.0,0.46,0.0004,,,,1000.0,462.0,120.0,95.6,203.0,C,EURO,0,,1000.0
A000431345,17.1,12.1,2.5,0.46,0.0005,24.0,0.0166,11.0,1152.0,528.0,120.0,128.0,203.0,C,EURO,0,48.0,1152.0
A000431346,13.0,7.0,2.5,0.1,0.0002,,,,3762.0,376.0,120.0,95.6,203.0,C,EURO,0,,3762.0
A000431347,15.5,9.0,2.5,0.12,0.0003,,,,2128.0,280.0,120.0,110.0,203.0,C,EURO,0,,2128.0
A000431348,15.5,9.0,3.5,0.22,0.0005,36.0,0.0147,8.51,1512.0,359.42,120.0,95.6,203.0,C,EURO,0,42.0,1512.0
A000431349,15.4,8.9,5.2,0.23,0.0007,,,,1300.0,232.0,120.0,95.6,203.0,C,EURO,0,,1300.0
A000431350,17.0,12.0,3.0,0.34,0.0006,,,,1152.0,393.0,120.0,95.6,203.0,C,EURO,0,,1152.0
A000431351,17.0,12.0,3.0,0.38,0.0006,,,,1008.0,382.0,120.0,95.6,203.0,C,EURO,0,,1008.0
A000431352,17.1,12.0,3.5,0.5,0.0007,,,,960.0,477.0,120.0,95.6,203.0,C,EURO,0,,960.0
A000431353,17.0,11.5,4.0,0.7,0.0008,,,,912.0,352.0,120.0,95.6,203.0,C,EURO,0,,912.0
A000431354,17.0,12.0,2.5,0.45,0.0005,,,,1000.0,465.0,120.0,110.0,203.0,C,EURO,0,,1000.0
A000431355,18.5,13.0,2.5,0.5,0.0006,,,,960.0,477.0,120.0,95.6,203.0,C,EURO,0,,960.0
A000431371,11.5,5.5,3.5,0.55,0.0002,24.0,0.0102,13.5,840.0,474.5,120.0,85.6,203.0,C,EURO,0,35.0,840.0
A000431377,19.5,12.0,2.0,0.33,0.0005,10.0,0.0086,3.3,1000.0,330.0,120.0,102.5,203.0,C,EURO,0,100.0,1000.0
A000432590,80.0,94.0,1.0,0.5,0.0075,,,,70.0,57.0,120.0,95.6,10.0,C,EURO,0,,70.0
A000432592,23.0,37.0,1.0,0.5,0.0009,,,,350.0,177.0,120.0,95.6,10.0,C,EURO,0,,350.0
A000432597,19.0,33.0,1.0,0.5,0.0006,,,,320.0,172.0,120.0,95.6,10.0,C,EURO,0,,320.0
A000432606,41.0,33.5,1.0,0.5,0.0014,,,,280.0,142.0,120.0,95.6,10.0,C,EURO,0,,280.0
A000432607,37.0,19.0,1.0,0.5,0.0007,,,,360.0,182.0,120.0,95.6,10.0,C,EURO,0,,360.0
A000432608,18.5,36.0,0.5,0.5,0.0003,,,,500.0,252.0,120.0,95.6,10.0,C,EURO,0,,500.0
A000432609,33.0,18.0,1.0,0.5,0.0006,,,,240.0,122.0,120.0,95.6,10.0,C,EURO,0,,240.0
A000432612,23.0,15.0,1.0,0.5,0.0003,,,,600.0,302.0,120.0,95.6,10.0,C,EURO,0,,600.0
A000432613,33.5,59.0,1.0,0.5,0.002,,,,240.0,212.0,120.0,95.6,10.0,C,EURO,0,,240.0
A000432617,92.0,65.0,1.0,0.5,0.006,,,,100.0,52.0,120.0,95.6,10.0,C,EURO,0,,100.0
A000432618,53.0,51.0,1.0,0.5,0.0027,,,,240.0,122.0,120.0,95.6,10.0,C,EURO,0,,240.0
A000432619,51.5,53.0,1.0,0.5,0.0027,,,,150.0,77.0,120.0,95.6,10.0,C,EURO,0,,150.0
A000432620,38.0,19.0,1.0,0.5,0.0007,,,,240.0,122.0,120.0,95.6,10.0,C,EURO,0,,240.0
A000432621,60.0,68.0,1.0,0.5,0.0041,,,,140.0,72.0,120.0,95.6,10.0,C,EURO,0,,140.0
A000432622,35.6,17.0,1.0,0.5,0.0006,,,,200.0,102.0,120.0,95.6,10.0,C,EURO,0,,200.0
A000432624,50.5,29.0,1.0,0.5,0.0015,,,,350.0,177.0,120.0,95.6,10.0,C,EURO,0,,350.0
A000432625,34.5,54.0,1.0,0.5,0.0019,,,,150.0,67.0,120.0,95.6,10.0,C,EURO,0,,150.0
A000432628,54.0,45.0,1.0,0.5,0.0024,,,,180.0,92.0,120.0,95.6,10.0,C,EURO,0,,180.0
A000432630,54.6,63.7,1.0,0.5,0.0035,,,,140.0,72.0,120.0,95.6,10.0,C,EURO,0,,140.0
A000432631,77.0,74.0,1.0,0.8,0.0057,,,,100.0,82.0,120.0,95.6,10.0,C,EURO,0,,100.0
A000432633,62.2,37.6,1.0,0.5,0.0023,,,,180.0,92.0,120.0,95.6,10.0,C,EURO,0,,180.0
A000432640,51.0,43.0,1.0,0.5,0.0022,,,,380.0,192.0,1220.0,95.6,10.0,C,EURO,0,,380.0
A000432643,73.0,50.0,1.0,0.5,0.0036,,,,380.0,192.0,120.0,95.6,10.0,C,EURO,0,,380.0
A000432645,92.8,65.2,1.0,0.5,0.0061,,,,100.0,52.0,120.0,95.6,10.0,C,EURO,0,,100.0
A000432646,75.0,60.0,1.0,0.5,0.0045,,,,80.0,77.0,120.0,95.6,10.0,C,EURO,0,,80.0
A000432647,92.0,65.0,1.0,0.5,0.006,,,,80.0,42.0,120.0,95.6,10.0,C,EURO,0,,80.0
A000432651,64.0,49.0,1.0,0.5,0.0031,,,,190.0,154.0,120.0,95.6,10.0,C,EURO,0,,190.0
A000432652,74.0,66.0,1.0,0.5,0.0049,,,,80.0,42.0,120.0,95.6,10.0,C,EURO,0,,80.0
A000432653,49.5,64.0,1.0,0.5,0.0032,,,,180.0,92.0,120.0,95.6,10.0,C,EURO,0,,180.0
A000432654,75.0,66.0,1.0,0.5,0.005,,,,100.0,52.0,120.0,95.6,10.0,C,EURO,0,,100.0
A000432655,81.0,80.0,1.0,0.5,0.0065,,,,60.0,32.0,120.0,95.6,10.0,C,EURO,0,,60.0
A000432656,74.5,65.6,1.0,0.5,0.0049,,,,100.0,52.0,120.0,95.6,10.0,C,EURO,0,,100.0
A000432657,82.0,78.0,1.0,0.5,0.0064,,,,60.0,52.0,120.0,95.6,10.0,C,EURO,0,,60.0
A000432658,935.0,80.0,1.0,0.5,0.0748,,,,75.0,42.0,120.0,95.6,10.0,C,EURO,0,,75.0
A000432661,45.8,55.5,1.0,0.5,0.0025,,,,180.0,92.0,120.0,95.6,10.0,C,EURO,0,,180.0
A000432662,39.5,44.5,1.0,0.5,0.0018,,,,250.0,127.0,120.0,95.6,10.0,C,EURO,0,,250.0
A000432665,43.5,39.5,1.0,0.5,0.0017,,,,110.0,92.0,120.0,95.6,10.0,C,EURO,0,,110.0
A000432667,44.0,39.5,1.0,0.5,0.0017,,,,180.0,92.0,120.0,95.6,10.0,C,EURO,0,,180.0
A000432669,42.0,37.5,1.0,0.5,0.0016,,,,180.0,92.0,120.0,95.6,10.0,C,EURO,0,,180.0
A000432677,1095.0,80.0,1.0,0.5,0.0876,,,,50.0,27.0,120.0,95.6,10.0,C,EURO,0,,50.0
A000432678,57.5,43.9,1.0,0.5,0.0025,,,,180.0,92.0,120.0,95.6,10.0,C,EURO,0,,180.0
A000432949,22.0,7.0,6.0,0.56,0.0009,,,,141.0,80.0,120.0,95.6,203.0,C,EURO,0,,141.0
A000433313,26.0,17.5,17.0,1.9,0.0077,,,,250.0,477.0,120.0,95.6,207.0,C,EURO,1,,250.0
A000433314,26.5,18.0,17.5,1.9,0.0083,,,,200.0,382.0,120.0,95.6,207.0,C,EURO,1,,200.0
A000433558,16.0,9.0,2.0,0.03,0.0003,6.0,0.0011,0.24,4368.0,133.0,120.0,95.6,205.0,C,EURO,0,728.0,4368.0
A000433559,15.5,9.0,2.0,0.03,0.0003,6.0,0.0011,0.24,4368.0,133.0,120.0,95.6,205.0,C,EURO,0,728.0,4368.0
A000433565,22.0,13.5,2.0,0.16,0.0006,24.0,0.0227,4.48,480.0,78.0,120.0,95.6,207.0,C,EURO,0,20.0,480.0
A000433956,20.0,12.0,3.0,0.1,0.0007,,,,1386.0,163.0,120.0,110.0,203.0,C,K3,0,,1386.0
A000433962,17.5,12.0,2.0,0.22,0.0004,10.0,0.0078,2.52,1000.0,222.0,120.0,95.6,210.0,C,EURO,0,100.0,1000.0
A000433964,8.5,4.0,2.5,0.3,0.0001,10.0,0.0012,3.0,270.0,80.0,120.0,100.0,203.0,C,K3,0,27.0,270.0
A000437523,211.0,2.2,9.2,2.0,0.0043,8.0,0.0509,17.0,192.0,359.0,220.0,100.6,205.0,C,XLONGPALLET,0,24.0,192.0
A000437689,66.0,40.0,37.0,5.0,0.0977,,,,50.0,252.0,120.0,95.6,203.0,C,EURO,0,,50.0
A000438032,17.5,12.0,0.5,0.25,0.0001,,,,1900.0,477.0,120.0,95.6,203.0,C,EURO,0,,1900.0
A000438033,9.0,4.5,2.5,0.22,0.0001,,,,200.0,69.0,120.0,110.0,203.0,C,K3,0,,200.0
A000438060,19.4,12.2,2.0,0.29,0.0005,10.0,0.0113,2.9,680.0,197.2,120.0,88.0,203.0,C,EURO,0,68.0,680.0
A000438061,19.1,12.0,2.0,0.32,0.0005,,,,1400.0,473.0,120.0,110.0,203.0,C,EURO,0,,1400.0
A000438062,21.5,12.1,2.1,0.31,0.0005,,,,1350.0,443.0,120.0,110.0,203.0,C,EURO,0,,1350.0
A000438063,17.5,12.0,2.1,0.32,0.0004,,,,1400.0,473.0,120.0,110.0,203.0,C,K3,0,,1400.0
A000438064,21.1,12.2,2.5,0.34,0.0006,,,,1140.0,412.0,120.0,110.0,203.0,C,EURO,0,,1140.0
A000438065,17.3,11.9,1.5,0.33,0.0003,,,,1400.0,487.0,120.0,110.0,203.0,C,EURO,0,,1400.0
A000438066,21.5,12.5,2.0,0.37,0.0005,10.0,0.0114,4.0,450.0,180.0,120.0,70.2,203.0,C,EURO,0,45.0,450.0
A000438067,26.0,11.0,3.0,0.22,0.0009,,,,868.0,215.0,120.0,110.0,10.0,C,K3,0,,868.0
A000438068,13.0,5.5,2.0,0.05,0.0001,,,,5922.0,321.0,120.0,110.0,10.0,C,K3,0,,5922.0
A000438069,8.3,2.7,0.5,0.2,0.0,,,,1500.0,325.0,120.0,110.0,10.0,C,K3,0,,1500.0
A000438070,10.0,5.0,2.0,0.05,0.0001,,,,6384.0,344.0,120.0,110.0,210.0,C,K3,0,,6384.0
A000438071,8.0,2.0,0.3,0.02,0.0,,,,17360.0,372.0,120.0,110.0,10.0,C,K3,0,,17360.0
A000439259,17.0,12.0,2.0,0.43,0.0004,,,,1300.0,561.0,120.0,95.6,203.0,C,EURO,0,,1300.0
A000439260,17.0,12.0,2.0,0.43,0.0004,,,,1300.0,561.0,120.0,95.6,203.0,C,EURO,0,,1300.0
A000439261,17.0,12.0,2.0,0.43,0.0004,,,,1300.0,561.0,120.0,95.6,203.0,C,EURO,0,,1300.0
A000439262,17.0,12.0,2.5,0.43,0.0005,,,,1300.0,561.0,120.0,95.6,203.0,C,EURO,0,,1300.0
A000439263,17.0,12.0,2.5,0.43,0.0005,,,,1300.0,561.0,120.0,95.6,203.0,C,EURO,0,,1300.0
A000439935,32.0,5.0,8.0,1.4,0.0013,10.0,0.006,18.0,260.0,367.0,120.0,95.6,203.0,C,EURO,0,26.0,260.0
A000439936,32.0,5.0,8.0,1.4,0.0013,6.0,0.006,8.4,252.0,355.0,120.0,103.0,203.0,C,EURO,0,42.0,252.0
A000440164,160.0,3.0,5.0,3.0,0.0024,,,,240.0,720.0,160.0,75.0,205.0,C,CONS,0,,240.0
A000440166,157.0,4.0,2.5,1.0,0.0016,,,,720.0,720.0,160.0,90.0,207.0,C,CONS,0,,720.0
A000440936,8.0,7.5,9.0,0.16,0.0005,16.0,0.0151,3.6,768.0,122.88,120.0,95.6,203.0,C,EURO,1,48.0,768.0
A000441144,20.5,5.6,5.6,0.32,0.0006,,,,980.0,313.6,120.0,78.4,207.0,C,EURO,1,,980.0
A000441292,15.0,6.5,6.8,1.01,0.0007,,,,712.0,719.12,210.0,54.4,203.0,C,K3,0,,712.0
A000441306,26.0,5.0,3.3,0.27,0.0004,50.0,0.0178,14.14,1200.0,339.36,120.0,81.0,207.0,C,K3,0,24.0,1200.0
A000441307,26.0,5.0,3.3,0.242,0.0004,50.0,0.0187,12.9,1200.0,309.6,120.0,84.0,207.0,C,K3,0,24.0,1200.0
A000441308,13.0,3.0,2.8,0.14,0.0001,10.0,0.0016,1.4,1300.0,182.0,120.0,78.0,207.0,C,K3,0,130.0,1300.0
A000441310,28.0,9.0,1.0,1.0,0.0003,,,,720.0,720.0,120.0,24.0,205.0,C,EURO,0,,720.0
A000441313,24.5,11.9,3.0,0.73,0.0009,,,,648.0,473.04,120.0,81.0,207.0,C,K3,0,,648.0
A000441314,24.5,11.8,3.0,0.76,0.0009,,,,648.0,492.48,120.0,81.0,207.0,C,K3,0,,648.0
A000441316,25.0,12.0,3.0,0.77,0.0009,15.0,0.0198,11.8,300.0,236.0,120.0,72.5,207.0,C,EURO,0,20.0,300.0
A000441318,24.2,11.1,3.0,0.79,0.0008,,,,756.0,597.24,120.0,81.0,207.0,C,EURO,0,,756.0
A000441320,24.0,11.0,3.0,0.8,0.0008,,,,735.0,588.0,120.0,81.0,207.0,C,K3,0,,735.0
A000442400,46.7,13.2,14.4,8.09,0.0089,,,,60.0,485.4,120.0,72.0,207.0,C,EURO,0,,60.0
A000450970,25.1,6.7,2.6,0.52,0.0004,5.0,0.0047,2.6,560.0,291.2,120.0,77.0,207.0,C,K3,0,112.0,560.0
A000450972,20.2,2.0,1.8,0.2,0.0001,,,,3600.0,720.0,120.0,32.4,207.0,C,K3,0,,3600.0
A000450976,40.2,2.4,0.06,0.19,0.0,120.0,0.0156,22.8,2880.0,547.2,120.0,75.0,203.0,C,EURO,0,24.0,2880.0
A000450980,18.1,2.5,2.4,0.08,0.0001,,,,6528.0,522.24,120.0,81.6,207.0,C,K3,0,,6528.0
A000450983,21.7,2.6,1.0,0.2,0.0001,,,,3600.0,720.0,120.0,24.0,203.0,C,K3,0,,3600.0
A000450985,14.0,2.5,2.2,0.21,0.0001,,,,3428.0,719.88,120.0,30.8,207.0,C,K3,0,,3428.0
A000450992,24.0,10.0,3.0,0.72,0.0007,18.0,0.0183,13.38,432.0,321.12,120.0,82.2,207.0,C,K3,0,24.0,432.0
A000450993,24.0,10.5,2.8,0.78,0.0007,25.0,0.0211,19.05,500.0,381.0,120.0,75.0,207.0,C,K3,0,20.0,500.0
A000450994,24.0,10.01,2.5,0.81,0.0006,10.0,0.009,8.1,630.0,510.3,120.0,77.0,207.0,C,K3,0,63.0,630.0
A000450995,23.8,10.2,2.6,0.85,0.0006,10.0,0.0087,8.5,630.0,535.5,120.0,77.0,207.0,C,K3,0,63.0,630.0
A000450996,24.0,10.5,2.5,0.91,0.0006,5.0,0.005,4.55,560.0,509.6,120.0,80.5,207.0,C,K3,0,112.0,560.0
A000450997,24.0,10.5,2.5,0.91,0.0006,5.0,0.005,4.55,560.0,509.62,120.0,80.5,207.0,C,K3,0,112.0,560.0
A000450998,24.0,10.5,4.0,0.82,0.001,18.0,0.0194,15.94,360.0,318.8,120.0,72.5,207.0,C,K3,0,20.0,360.0
A000450999,23.9,10.5,2.5,0.96,0.0006,10.0,0.0083,9.6,630.0,604.8,120.0,73.5,207.0,C,K3,0,63.0,630.0
A000451004,129.0,12.0,4.2,1.91,0.0065,,,,120.0,229.2,120.0,84.0,203.0,C,CONS,0,,120.0
A000451007,22.0,1.7,0.06,0.1,0.0,90.0,0.0152,9.0,4320.0,432.0,120.0,75.0,203.0,C,K3,0,48.0,4320.0
A000451008,22.0,2.0,0.06,0.12,0.0,,,,6000.0,720.0,120.0,1.8,203.0,C,K3,0,,6000.0
A000451009,22.0,2.5,0.05,0.14,0.0,,,,5142.0,719.88,120.0,1.65,203.0,C,K3,0,,5142.0
A000451010,22.0,2.5,1.0,0.14,0.0001,,,,3680.0,515.2,120.0,23.0,203.0,C,K3,0,,3680.0
A000451011,15.0,1.2,0.09,0.07,0.0,128.0,0.0152,8.96,6144.0,430.08,120.0,75.0,203.0,C,K3,0,48.0,6144.0
A000451012,15.3,2.0,1.0,0.08,0.0,,,,9000.0,720.0,120.0,33.0,203.0,C,K3,0,,9000.0
A000451013,15.5,2.5,0.07,0.1,0.0,,,,7200.0,720.0,120.0,2.31,203.0,C,K3,0,,7200.0
A000451017,129.0,12.0,4.2,1.91,0.0065,,,,120.0,229.2,130.0,84.0,203.0,C,CONS,0,,120.0
A000451020,129.0,12.0,4.2,1.91,0.0065,,,,120.0,229.2,130.0,84.0,203.0,C,CONS,0,,120.0
A000451021,129.0,12.0,4.2,1.91,0.0065,,,,120.0,229.2,130.0,84.0,203.0,C,CONS,0,,120.0
A000451027,43.0,13.0,7.0,0.74,0.0039,,,,132.0,97.68,120.0,77.0,207.0,C,EURO,0,,132.0
A000451029,129.0,12.0,4.2,1.91,0.0065,,,,120.0,229.2,130.0,84.0,203.0,C,CONS,0,,120.0
A000451030,129.0,12.0,4.2,1.91,0.0065,,,,120.0,229.2,130.0,84.0,203.0,C,CONS,0,,120.0
A000451032,24.4,2.5,0.05,0.1,0.0,,,,7200.0,720.0,120.0,2.85,207.0,C,K3,0,,7200.0
A000451034,195.0,8.0,0.06,0.07,0.0001,50.0,0.0082,3.5,3600.0,252.0,120.0,72.0,207.0,C,K3,0,72.0,3600.0
A000451038,24.4,2.5,0.03,0.09,0.0,100.0,0.0152,9.0,4800.0,432.0,120.0,75.0,207.0,C,K3,0,48.0,4800.0
A000451039,18.0,2.5,0.04,0.08,0.0,420.0,0.0152,33.6,8820.0,705.6,120.0,37.5,207.0,C,K3,0,21.0,8820.0
A000451047,13.7,2.6,2.5,0.24,0.0001,,,,3000.0,720.0,120.0,32.5,207.0,C,K3,0,,3000.0
A000451052,21.0,2.5,3.0,0.29,0.0002,20.0,0.0187,5.95,500.0,119.0,120.0,70.0,207.0,C,K3,0,25.0,500.0
A000451053,11.2,3.6,0.08,0.16,0.0,10.0,0.0018,1.6,3300.0,660.0,120.0,77.0,207.0,C,K3,0,330.0,3300.0
A000451054,11.8,5.6,1.8,0.19,0.0001,,,,3789.0,719.19,120.0,50.4,207.0,C,K3,0,,3789.0
A000451055,14.0,2.5,2.0,0.2,0.0001,10.0,0.0018,2.0,3300.0,660.0,120.0,77.0,207.0,C,K3,0,330.0,3300.0
A000453937,16.0,15.0,3.0,0.21,0.0007,,,,1080.0,228.0,120.0,65.6,203.0,C,EURO,1,,1080.0
A000453938,19.0,17.0,6.0,0.31,0.0019,,,,408.0,128.0,120.0,95.6,203.0,C,EURO,1,,408.0
A000453939,19.0,17.0,5.0,0.38,0.0016,,,,384.0,147.0,120.0,65.6,203.0,C,EURO,1,,384.0
A000454274,32.0,4.0,7.0,1.42,0.0009,15.0,0.0149,21.3,495.0,720.0,120.0,82.0,203.0,C,EURO,0,33.0,495.0
A000454275,48.0,10.6,4.3,1.75,0.0022,10.0,0.029,18.07,240.0,434.16,120.0,96.0,203.0,C,EURO,0,24.0,240.0
A000454276,36.0,7.0,5.0,2.3,0.0013,10.0,0.0153,23.0,310.0,720.0,120.0,78.0,203.0,C,EURO,0,31.0,310.0
A000454277,48.0,10.0,5.0,2.0,0.0024,10.0,0.03,21.0,240.0,505.0,120.0,100.0,203.0,C,EURO,0,24.0,240.0
A000454278,49.5,3.7,2.7,1.0,0.0005,10.0,0.0218,10.0,420.0,420.0,120.0,81.0,203.0,C,,0,42.0,420.0
A000454280,49.5,3.7,2.7,1.0,0.0005,10.0,0.0218,10.0,420.0,420.0,120.0,81.0,203.0,C,EURO,0,42.0,420.0
A000454282,8.0,2.0,1.0,0.03,0.0,40.0,0.0019,1.32,12800.0,432.0,120.0,80.0,203.0,C,K3,0,320.0,12800.0
A000454284,8.0,2.0,1.0,0.026,0.0,30.0,0.0019,0.79,9600.0,252.8,120.0,80.0,203.0,C,K3,0,320.0,9600.0
A000454288,8.0,2.0,1.0,0.012,0.0,50.0,0.0019,0.62,16000.0,198.4,120.0,80.0,203.0,C,K3,0,320.0,16000.0
A000454289,8.0,2.0,1.0,0.024,0.0,50.0,0.0019,1.12,16000.0,384.0,120.0,80.0,203.0,C,K3,0,320.0,16000.0
A000454290,8.0,2.0,1.0,0.004,0.0,50.0,0.0019,0.2,16000.0,64.0,120.0,80.0,203.0,C,K3,0,320.0,16000.0
A000454291,8.0,2.0,1.0,0.006,0.0,50.0,0.0019,0.303,16000.0,96.96,120.0,80.0,203.0,C,K3,0,320.0,16000.0
A000454292,8.0,2.0,1.0,0.04,0.0,50.0,0.0019,2.02,16000.0,646.0,120.0,80.0,203.0,C,K3,0,320.0,16000.0
A000454293,8.0,2.0,1.0,0.057,0.0,50.0,0.0019,2.895,12400.0,717.96,120.0,64.0,203.0,C,K3,0,248.0,12400.0
A000455432,24.5,20.0,19.5,3.28,0.0096,,,,90.0,297.2,120.0,114.0,203.0,C,EURO,0,,90.0
A000455433,24.5,20.0,19.5,3.26,0.0096,,,,90.0,262.0,120.0,115.6,203.0,C,EURO,1,,90.0
A000455434,24.5,20.0,20.0,3.29,0.0098,,,,90.0,381.64,120.0,114.0,203.0,C,EURO,0,,90.0
A000455435,32.5,22.0,22.0,4.91,0.0157,,,,50.0,245.5,120.0,112.4,203.0,C,EURO,0,,50.0
A000455436,36.0,27.0,27.0,6.54,0.0262,,,,32.0,211.0,120.0,105.6,203.0,C,EURO,1,,32.0
A000455437,39.0,36.5,42.0,13.37,0.0598,,,,12.0,165.0,120.0,84.0,203.0,C,EURO,0,,12.0
A000455438,44.5,37.5,23.5,8.83,0.0392,,,,20.0,176.6,120.0,84.0,203.0,C,EURO,1,,20.0
A000455439,32.0,23.5,22.0,4.63,0.0165,,,,50.0,233.5,120.0,110.6,203.0,C,EURO,1,,50.0
A000455440,28.0,36.5,29.0,6.76,0.0296,,,,32.0,218.0,120.0,115.6,203.0,C,EURO,1,,32.0
A000455441,44.0,38.0,22.5,7.7,0.0376,,,,20.0,156.0,120.0,92.0,203.0,C,EURO,0,,20.0
A000455445,22.0,33.0,23.0,4.56,0.0167,,,,50.0,232.0,120.0,115.0,203.0,C,EURO,1,,50.0
A000455446,27.5,36.0,27.0,6.97,0.0267,,,,32.0,225.0,120.0,108.6,203.0,C,EURO,1,,32.0
A000455447,36.5,40.0,40.5,13.51,0.0591,,,,18.0,164.12,120.0,122.0,203.0,C,EURO,1,,18.0
A000455448,44.5,38.0,23.5,8.67,0.0397,,,,20.0,175.41,120.0,110.6,203.0,C,EURO,1,,20.0
A000455933,13.0,11.0,7.0,0.22,0.001,30.0,0.0404,6.8,720.0,163.2,120.0,111.0,203.0,C,EURO,0,24.0,720.0
A000455934,13.0,11.0,7.0,0.26,0.001,,,,819.0,214.0,120.0,95.6,203.0,C,EURO,0,,819.0
A000455935,10.0,6.0,3.0,0.07,0.0002,,,,6500.0,457.0,120.0,95.6,203.0,C,EURO,1,,6500.0
A000455936,10.0,6.0,3.0,0.1,0.0002,,,,4500.0,452.0,120.0,95.6,203.0,C,EURO,1,,4500.0
A000455937,22.0,20.0,5.0,0.74,0.0022,5.0,0.0106,4.0,300.0,720.0,120.0,80.0,203.0,C,EURO,0,60.0,300.0
A000455938,22.0,20.0,5.0,0.74,0.0022,5.0,0.0106,4.0,300.0,240.0,120.0,80.0,203.0,C,EURO,0,60.0,300.0
A000455939,22.0,20.0,5.0,0.74,0.0022,5.0,0.0106,4.0,300.0,240.0,120.0,80.0,203.0,C,EURO,0,60.0,300.0
A000455940,22.0,20.0,5.0,0.74,0.0022,5.0,0.0106,4.0,300.0,240.0,120.0,80.0,203.0,C,EURO,0,60.0,300.0
A000455941,22.0,20.0,5.0,0.74,0.0022,5.0,0.0106,4.0,300.0,240.0,120.0,80.0,203.0,C,EURO,0,60.0,300.0
A000455942,22.0,20.0,5.0,0.74,0.0022,5.0,0.0106,4.0,300.0,240.0,120.0,80.0,203.0,C,EURO,0,60.0,300.0
A000455943,22.0,20.0,5.0,0.74,0.0022,5.0,0.0106,4.0,300.0,240.0,120.0,80.0,203.0,C,EURO,0,60.0,300.0
A000455944,22.0,20.0,5.0,0.74,0.0022,5.0,0.0106,4.0,300.0,240.0,120.0,80.0,203.0,C,EURO,0,60.0,300.0
A000455945,20.0,18.0,5.0,0.74,0.0018,5.0,0.0106,4.0,300.0,240.0,120.0,80.0,203.0,C,EURO,0,60.0,300.0
A000456656,53.1,3.0,1.1,0.46,0.0002,,,,1565.0,719.9,120.0,34.1,207.0,C,EURO,0,,1565.0
A000458075,7.0,2.0,0.5,0.02,0.0,,,,12000.0,265.0,120.0,110.0,203.0,C,K3,0,,12000.0
A000458456,207.0,17.0,7.0,1.0,0.0246,,,,44.0,44.0,207.0,77.0,205.0,C,CONS,0,,44.0
A000460014,20.0,12.0,2.0,0.2,0.0005,10.0,0.0113,3.0,680.0,200.0,120.0,88.0,203.0,C,EURO,0,68.0,680.0
A000460494,38.0,41.5,1.0,0.5,0.0016,,,,260.0,132.0,120.0,95.6,10.0,C,EURO,0,,260.0
A000460497,94.0,94.0,1.0,0.5,0.0088,,,,70.0,27.0,120.0,95.6,10.0,C,EURO,0,,70.0
A000460498,94.0,92.0,2.0,0.5,0.0173,,,,70.0,57.0,120.0,95.6,10.0,C,EURO,0,,70.0
A000460499,109.5,2.0,100.0,0.8,0.0219,,,,60.0,47.0,120.0,95.6,10.0,C,EURO,0,,60.0
A000460500,40.0,37.0,1.0,0.5,0.0015,,,,280.0,142.0,120.0,95.6,10.0,C,EURO,0,,280.0
A000460503,28.0,33.0,1.0,0.5,0.0009,,,,320.0,172.0,120.0,95.6,10.0,C,EURO,0,,320.0
A000460506,23.0,36.5,1.0,0.5,0.0008,,,,350.0,127.0,120.0,95.6,10.0,C,EURO,0,,350.0
A000460507,29.0,36.5,1.0,0.5,0.0011,,,,220.0,112.0,120.0,95.6,10.0,C,EURO,0,,220.0
A000460508,22.5,38.0,1.0,0.5,0.0009,,,,500.0,252.0,120.0,95.6,10.0,C,EURO,0,,500.0
A000460509,35.0,56.0,1.0,0.5,0.002,,,,270.0,137.0,120.0,95.6,10.0,C,EURO,0,,270.0
A000460510,39.6,44.0,1.0,0.5,0.0017,,,,180.0,92.0,120.0,95.6,10.0,C,EURO,0,,180.0
A000460511,39.8,44.6,1.0,0.5,0.0018,,,,180.0,92.0,120.0,95.6,10.0,C,EURO,0,,180.0
A000460512,77.3,75.0,1.0,0.5,0.0058,,,,80.0,42.0,120.0,95.6,10.0,C,EURO,0,,80.0
A000460513,81.0,59.0,1.0,0.5,0.0048,,,,110.0,47.0,120.0,95.6,10.0,C,EURO,0,,110.0
A000460514,45.0,54.5,1.0,0.5,0.0025,,,,180.0,92.0,120.0,95.6,10.0,C,EURO,0,,180.0
A000460515,59.5,80.0,1.0,0.5,0.0048,,,,120.0,62.0,120.0,95.6,10.0,C,EURO,0,,120.0
A000460516,54.0,63.0,1.0,0.5,0.0034,,,,180.0,97.0,120.0,95.6,10.0,C,EURO,0,,180.0
A000460517,26.0,44.0,1.0,0.5,0.0011,,,,310.0,157.0,120.0,95.6,10.0,C,EURO,0,,310.0
A000460518,33.0,54.0,1.0,0.5,0.0018,,,,180.0,92.0,120.0,95.6,10.0,C,EURO,0,,180.0
A000460519,44.0,27.0,1.0,0.5,0.0012,,,,180.0,92.0,120.0,95.6,10.0,C,EURO,0,,180.0
A000460521,54.5,44.5,1.0,0.5,0.0024,,,,180.0,97.0,120.0,95.6,10.0,C,EURO,0,,180.0
A000460522,44.5,27.0,1.0,0.5,0.0012,,,,180.0,92.0,120.0,95.6,10.0,C,EURO,0,,180.0
A000460524,44.0,54.0,1.0,0.5,0.0024,,,,180.0,92.0,120.0,95.6,10.0,C,EURO,0,,180.0
A000460525,54.0,63.0,1.0,0.5,0.0034,,,,180.0,92.0,120.0,95.6,10.0,C,EURO,0,,180.0
A000460526,55.0,64.0,1.0,0.5,0.0035,,,,180.0,92.0,120.0,95.6,10.0,C,EURO,0,,180.0
A000460528,44.4,54.2,1.0,0.5,0.0024,,,,180.0,92.0,120.0,95.6,10.0,C,EURO,0,,180.0
A000460529,54.3,63.0,1.0,0.51,0.0034,,,,180.0,92.0,120.0,95.6,10.0,C,EURO,0,,180.0
A000460530,77.6,74.0,1.0,0.5,0.0057,,,,80.0,42.0,120.0,95.6,10.0,C,EURO,0,,80.0
A000460532,83.0,42.0,1.0,0.5,0.0035,,,,96.0,48.0,120.0,20.0,10.0,C,EURO,0,,96.0
A000460533,34.5,54.5,1.0,0.5,0.0019,,,,200.0,102.0,120.0,95.6,10.0,C,EURO,0,,200.0
A000460534,835.0,42.0,1.0,0.5,0.0351,,,,160.0,82.0,120.0,95.6,10.0,C,EURO,0,,160.0
A000460536,81.0,37.0,1.0,0.55,0.003,,,,85.0,46.75,120.0,20.0,10.0,C,EURO,0,,85.0
A000460538,40.6,72.5,1.0,0.5,0.0029,,,,150.0,67.0,120.0,95.6,10.0,C,EURO,0,,150.0
A000460827,11.6,9.8,1.8,0.08,0.0002,,,,2400.0,217.0,120.0,70.0,203.0,C,K3,0,,2400.0
A000460919,16.0,12.5,15.0,0.43,0.003,,,,300.0,128.42,120.0,105.6,203.0,C,EURO,0,,300.0
A000460920,16.0,12.5,12.0,0.43,0.0024,,,,126.0,128.45,120.0,95.6,203.0,C,EURO,0,,126.0
A000460921,16.0,12.5,11.5,0.5,0.0023,6.0,0.0158,3.5,216.0,126.0,120.0,84.0,203.0,C,EURO,0,36.0,216.0
A000460922,13.0,12.0,16.0,0.51,0.0025,6.0,0.0192,3.48,270.0,174.5,120.0,110.6,203.0,C,EURO,1,45.0,270.0
A000460923,6.0,11.0,14.0,0.21,0.0009,12.0,0.0181,3.07,648.0,167.7,120.0,117.0,203.0,C,EURO,0,54.0,648.0
A000460924,20.0,11.0,6.0,0.4,0.0013,15.0,0.0411,6.71,360.0,174.46,120.0,104.0,203.0,C,EURO,0,24.0,360.0
A000460974,36.0,29.1,16.0,7.01,0.0168,,,,48.0,336.48,120.0,96.0,203.0,C,EURO,0,,48.0
A000460975,36.0,29.8,16.1,6.99,0.0173,,,,48.0,336.0,120.0,96.6,203.0,C,EURO,0,,48.0
A000460977,41.5,34.0,16.0,9.16,0.0226,,,,30.0,274.0,120.0,97.0,203.0,C,EURO,0,,30.0
A000460978,41.0,34.0,32.5,16.35,0.0453,,,,15.0,247.2,120.0,102.0,203.0,C,EURO,0,,15.0
A000461042,8.7,4.4,2.5,0.04,0.0001,,,,8800.0,385.0,120.0,95.6,203.0,C,EURO,1,,8800.0
A000461043,8.7,4.3,2.4,0.05,0.0001,210.0,0.0397,9.75,3780.0,175.5,120.0,93.0,203.0,C,EURO,1,18.0,3780.0
A000461044,14.0,7.5,6.0,0.18,0.0006,90.0,0.0716,17.45,1080.0,209.4,120.0,94.2,203.0,C,EURO,1,12.0,1080.0
A000461045,11.0,4.2,2.7,0.05,0.0001,,,,7000.0,352.0,120.0,95.6,203.0,C,EURO,1,,7000.0
A000461046,14.2,6.7,2.9,0.15,0.0003,,,,2800.0,422.0,120.0,95.6,203.0,C,EURO,1,,2800.0
A000461047,26.0,25.5,7.0,1.6,0.0046,5.0,0.0292,8.755,120.0,210.12,120.0,118.0,203.0,C,EURO,1,24.0,120.0
A000461048,26.0,26.0,6.7,1.61,0.0045,5.0,0.0302,8.798,120.0,211.522,120.0,90.0,203.0,C,EURO,1,24.0,120.0
A000461049,13.2,11.6,3.5,0.24,0.0005,36.0,0.0261,8.64,900.0,216.0,120.0,80.0,203.0,C,EURO,1,25.0,900.0
A000461050,13.0,8.5,8.0,0.24,0.0009,,,,891.0,215.84,120.0,95.6,203.0,C,EURO,1,,891.0
A000461051,11.5,6.7,4.1,0.15,0.0003,24.0,0.0282,5.688,480.0,113.76,120.0,81.5,203.0,C,EURO,1,20.0,480.0
A000461052,15.0,13.4,4.5,0.25,0.0009,80.0,0.1091,25.0,480.0,150.0,120.0,102.0,203.0,C,EURO,1,6.0,480.0
A000461053,10.0,4.4,2.5,0.5,0.0001,200.0,0.0306,9.6,4800.0,230.4,120.0,99.2,203.0,C,EURO,1,24.0,4800.0
A000461054,24.0,26.0,11.0,1.7,0.0069,,,,84.0,203.5,120.0,89.0,203.0,C,EURO,1,,84.0
A000461055,26.4,24.0,11.0,1.7,0.007,12.0,0.0959,20.4,72.0,122.4,120.0,85.5,203.0,C,EURO,1,6.0,72.0
A000461056,31.4,27.8,13.0,3.21,0.0113,10.0,0.0798,32.5,60.0,325.0,120.0,105.0,203.0,C,EURO,1,6.0,60.0
A000461971,78.0,78.0,1.0,0.5,0.0061,,,,95.0,97.0,120.0,95.6,10.0,C,EURO,0,,95.0
A000461972,55.0,44.0,1.0,0.5,0.0024,,,,180.0,87.0,120.0,95.6,10.0,C,EURO,0,,180.0
A000461973,62.5,6.7,1.0,0.1,0.0004,,,,500.0,52.0,120.0,95.6,10.0,C,EURO,0,,500.0
A000461974,53.0,36.0,1.5,0.5,0.0029,,,,210.0,107.0,120.0,95.6,10.0,C,EURO,0,,210.0
A000461976,84.0,44.0,1.0,0.5,0.0037,,,,140.0,67.0,120.0,95.6,10.0,C,EURO,0,,140.0
A000461981,54.0,45.0,1.0,0.5,0.0024,,,,180.0,57.0,120.0,95.6,10.0,C,EURO,0,,180.0
A000461982,46.0,72.0,1.0,0.5,0.0033,,,,180.0,92.0,120.0,95.6,10.0,C,EURO,0,,180.0
A000461984,46.0,72.0,1.0,0.5,0.0033,,,,180.0,92.0,120.0,95.6,10.0,C,EURO,0,,180.0
A000461988,73.0,69.0,1.0,0.7,0.005,,,,80.0,52.0,120.0,95.6,10.0,C,EURO,0,,80.0
A000461990,29.5,31.0,1.0,0.5,0.0009,,,,240.0,122.0,120.0,95.6,10.0,C,EURO,0,,240.0
A000461991,53.5,58.0,1.0,0.5,0.0031,,,,180.0,92.0,120.0,95.6,10.0,C,EURO,0,,180.0
A000461992,60.0,32.0,1.0,0.5,0.0019,,,,160.0,82.0,120.0,95.6,10.0,C,EURO,0,,160.0
A000461993,80.0,82.0,1.0,0.5,0.0066,,,,110.0,57.0,120.0,95.6,10.0,C,EURO,0,,110.0
A000461995,69.0,60.0,1.0,0.5,0.0041,,,,90.0,67.0,120.0,95.6,10.0,C,EURO,0,,90.0
A000462142,19.0,20.0,8.0,0.5,0.003,,,,240.0,120.0,120.0,80.0,210.0,C,EURO,0,,240.0
A000462143,19.0,20.0,9.0,0.5,0.0034,,,,160.0,82.0,120.0,95.6,210.0,C,EURO,0,,160.0
A000462157,9.0,6.0,3.0,0.3,0.0002,40.0,0.0109,12.94,1800.0,582.3,120.0,80.0,203.0,C,EURO,0,45.0,1800.0
A000462158,9.0,6.0,3.0,0.22,0.0002,40.0,0.009,8.8,3200.0,704.0,120.0,75.0,203.0,C,EURO,0,80.0,3200.0
A000462201,8.5,4.0,2.5,0.21,0.0001,10.0,0.0075,2.1,850.0,178.5,120.0,97.5,203.0,C,EURO,0,85.0,850.0
A000462634,20.0,8.0,3.0,0.1,0.0005,,,,1860.0,188.0,120.0,110.6,203.0,C,EURO,0,,1860.0
A000462635,20.0,14.0,8.0,0.5,0.0022,12.0,0.0529,6.7,192.0,160.8,120.0,100.8,203.0,C,EURO,0,16.0,192.0
A000463089,27.8,9.6,4.3,1.1,0.0011,,,,600.0,660.0,120.0,65.0,205.0,C,K3,0,,600.0
A000463437,16.0,15.0,4.0,0.41,0.001,,,,805.0,332.05,120.0,95.6,203.0,C,EURO,0,,805.0
A000463438,22.0,16.0,3.0,0.39,0.0011,,,,775.0,304.25,120.0,95.6,203.0,C,EURO,0,,775.0
A000463439,22.0,16.0,3.0,0.16,0.0011,,,,775.0,126.0,120.0,95.6,203.0,C,EURO,0,,775.0
A000463440,20.0,13.0,4.0,0.47,0.001,,,,828.0,477.0,120.0,95.6,203.0,C,EURO,0,,828.0
A000463441,26.0,14.0,5.0,0.99,0.0018,,,,380.0,378.2,120.0,95.6,203.0,C,EURO,0,,380.0
A000463442,37.0,9.0,3.0,0.65,0.001,,,,730.0,477.0,120.0,95.6,203.0,C,EURO,0,,730.0
A000463443,39.0,13.0,4.0,1.2,0.002,,,,395.0,477.0,120.0,95.6,203.0,C,EURO,0,,395.0
A000463689,22.0,15.0,10.0,0.1,0.0033,,,,200.0,20.0,120.0,80.0,102.0,C,K3,0,,200.0
A000464185,39.0,18.0,10.5,1.69,0.0074,,,,108.0,184.52,120.0,95.6,205.0,C,EURO,0,,108.0
A000464458,28.0,7.0,5.0,1.1,0.001,,,,400.0,465.0,120.0,110.0,203.0,C,K3,0,,400.0
A000464460,25.0,3.0,0.5,0.15,0.0,,,,3000.0,475.0,120.0,110.0,205.0,C,K3,0,,3000.0
A000492531,83.0,79.0,1.0,0.5,0.0066,,,,50.0,27.0,120.0,95.6,10.0,C,EURO,0,,50.0
A000492532,75.4,66.9,1.0,0.88,0.005,,,,100.0,92.0,120.0,95.6,10.0,C,EURO,0,,100.0
A000492909,27.5,18.0,4.4,0.76,0.0022,36.0,0.0877,27.49,144.0,111.76,120.0,58.0,203.0,C,EURO,1,4.0,144.0
A000493031,16.2,12.2,5.3,0.29,0.001,6.0,0.0105,2.14,384.0,138.0,120.0,80.0,203.0,C,EURO,1,64.0,384.0
A000493350,8.0,4.0,2.0,0.2,0.0001,40.0,0.0065,8.32,3000.0,624.0,120.0,67.5,203.0,C,EURO,0,75.0,3000.0
A000493351,9.0,5.0,3.0,0.3,0.0001,40.0,0.0091,9.3,2400.0,558.0,120.0,67.5,203.0,C,EURO,0,60.0,2400.0
A000493352,8.5,4.5,2.5,0.2,0.0001,40.0,0.0065,8.36,3000.0,627.0,120.0,67.5,203.0,C,EURO,0,75.0,3000.0
A000493353,8.5,4.5,2.5,0.2,0.0001,40.0,0.0065,8.41,3000.0,630.75,120.0,67.5,203.0,C,EURO,0,75.0,3000.0
A000493354,8.6,9.0,3.0,0.46,0.0002,,,,1300.0,623.0,120.0,70.0,203.0,C,EURO,0,,1300.0
A000493356,12.5,7.0,4.0,0.8,0.0004,4.0,0.0017,3.25,884.0,718.25,120.0,45.0,203.0,C,EURO,0,221.0,884.0
A000493357,15.5,6.5,4.0,1.0,0.0004,,,,720.0,720.0,120.0,36.0,203.0,C,K3,0,,720.0
A000493358,18.0,6.6,4.0,1.2,0.0005,,,,600.0,720.0,120.0,36.0,203.0,C,K3,0,,600.0
A000493359,19.0,7.1,9.0,2.43,0.0012,,,,296.0,719.28,120.0,45.0,203.0,C,K3,0,,296.0
A000493360,19.0,14.0,10.0,4.85,0.0027,,,,148.0,717.8,120.0,45.0,203.0,C,EURO,0,,148.0
A000493361,19.0,14.0,9.0,4.85,0.0024,,,,148.0,720.0,120.0,45.0,203.0,C,EURO,0,,148.0
A000493362,33.0,21.0,20.0,19.74,0.0139,,,,36.0,710.64,120.0,80.0,203.0,C,EURO,0,,36.0
A000493364,8.0,4.0,2.0,0.2,0.0001,40.0,0.0065,8.3,3000.0,622.5,120.0,67.5,203.0,C,EURO,0,75.0,3000.0
A000493365,8.5,4.5,2.5,0.2,0.0001,40.0,0.0065,8.1,3000.0,621.75,120.0,67.5,203.0,C,EURO,0,75.0,3000.0
A000493366,8.4,4.6,2.5,0.2,0.0001,40.0,0.0065,8.3,3000.0,622.5,120.0,67.5,203.0,C,EURO,0,75.0,3000.0
A000493367,8.5,4.5,2.5,0.18,0.0001,40.0,0.0065,8.29,3000.0,621.75,120.0,67.5,203.0,C,EURO,0,75.0,3000.0
A000493368,8.4,4.5,2.5,0.18,0.0001,40.0,0.0079,8.4,3000.0,630.0,120.0,67.5,203.0,C,EURO,0,75.0,3000.0
A000493369,8.5,4.5,2.5,0.19,0.0001,40.0,0.0065,8.29,3000.0,621.75,120.0,67.5,203.0,C,EURO,0,75.0,3000.0
A000493370,8.7,4.2,2.5,0.25,0.0001,40.0,0.0066,10.42,2400.0,625.2,120.0,55.2,203.0,C,EURO,0,60.0,2400.0
A000493371,8.0,4.0,2.0,0.22,0.0001,40.0,0.0065,8.36,3000.0,627.0,120.0,67.5,203.0,C,EURO,0,75.0,3000.0
A000493372,8.0,4.0,2.0,0.2,0.0001,40.0,0.0065,8.3,3000.0,622.5,120.0,67.5,203.0,C,EURO,0,75.0,3000.0
A000493373,8.5,4.5,2.5,0.19,0.0001,40.0,0.0065,8.31,3000.0,623.25,120.0,67.5,203.0,C,EURO,0,75.0,3000.0
A000493374,8.5,4.5,2.5,0.21,0.0001,40.0,0.0065,8.3,3000.0,622.5,120.0,67.5,203.0,C,EURO,0,75.0,3000.0
A000493375,8.5,4.5,2.5,0.21,0.0001,40.0,0.0065,8.34,3000.0,625.5,120.0,67.5,203.0,C,EURO,0,75.0,3000.0
A000493442,26.8,9.8,5.6,1.49,0.0015,10.0,0.0185,15.3,300.0,459.0,120.0,65.0,203.0,C,EURO,0,30.0,300.0
A000493443,26.8,9.8,5.6,1.49,0.0015,10.0,0.0185,15.3,300.0,459.0,120.0,65.0,203.0,C,EURO,0,30.0,300.0
A000493444,26.8,9.8,5.6,1.49,0.0015,10.0,0.0185,15.3,300.0,459.0,120.0,65.0,203.0,C,EURO,0,30.0,300.0
A000493445,26.5,9.6,5.8,1.49,0.0015,10.0,0.02,15.5,300.0,465.0,120.0,65.0,203.0,C,EURO,0,30.0,300.0
A000493446,26.5,9.6,5.8,1.49,0.0015,10.0,0.0196,15.3,300.0,459.0,120.0,65.0,203.0,C,EURO,0,30.0,300.0
A000493447,26.0,9.6,6.0,1.4,0.0015,10.0,0.0196,15.3,300.0,459.0,120.0,68.0,203.0,C,EURO,0,30.0,300.0
A000493806,19.5,11.0,10.5,0.99,0.0023,6.0,0.0181,5.94,240.0,239.6,120.0,95.6,203.0,C,EURO,1,40.0,240.0
A000493807,19.5,11.0,10.4,0.99,0.0022,6.0,0.0181,5.94,240.0,239.6,120.0,95.6,203.0,C,EURO,1,40.0,240.0
A000493848,17.5,5.4,5.4,0.18,0.0005,,,,1176.0,211.68,120.0,75.6,201.0,C,EURO,1,,1176.0
A000494164,7.0,58.5,0.2,0.3,0.0001,,,,1500.0,477.0,120.0,95.6,10.0,C,EURO,0,,1500.0
A000497303,7.0,3.0,0.1,0.01,0.0,5950.0,0.021,11.0,20000.0,52.0,120.0,85.6,210.0,C,EURO,0,3.3613,20000.0
A000497454,7.0,3.0,1.0,0.01,0.0,2000.0,0.0202,11.4,48000.0,273.6,120.0,72.0,203.0,C,K3,0,24.0,48000.0
A000497458,7.0,3.0,1.0,0.01,0.0,1000.0,0.0202,8.6,24000.0,206.4,120.0,72.0,203.0,C,K3,0,24.0,24000.0
A000497495,39.0,18.0,10.5,1.65,0.0074,,,,108.0,312.87,120.0,110.0,205.0,C,K3,0,,108.0
A000497677,26.0,10.0,3.0,0.34,0.0008,10.0,0.0116,3.6,520.0,187.2,120.0,90.0,207.0,C,EURO,0,52.0,520.0
A000497678,26.0,10.0,3.0,0.34,0.0008,10.0,0.0116,3.6,520.0,187.2,120.0,90.0,207.0,C,EURO,0,52.0,520.0
A000497679,24.8,10.4,3.8,0.48,0.001,5.0,0.0082,2.66,360.0,191.6,120.0,72.0,207.0,C,EURO,0,72.0,360.0
A000497694,22.0,7.0,2.0,0.31,0.0003,20.0,0.0091,6.5,1280.0,416.0,120.0,76.0,207.0,C,EURO,0,64.0,1280.0
A000497695,22.0,7.0,2.0,0.31,0.0003,20.0,0.0091,6.5,1280.0,416.0,120.0,76.0,207.0,C,EURO,0,64.0,1280.0
A000497696,26.0,10.0,3.0,0.34,0.0008,5.0,0.0116,1.7,360.0,102.0,120.0,90.0,207.0,C,EURO,0,72.0,360.0
A000497697,26.0,10.0,3.0,0.34,0.0008,10.0,0.0116,3.6,520.0,187.2,120.0,90.0,207.0,C,EURO,0,52.0,520.0
A000497698,26.0,10.0,3.0,0.34,0.0008,10.0,0.0116,3.6,400.0,144.0,120.0,90.0,207.0,C,EURO,0,40.0,400.0
A000497981,20.0,6.5,2.0,0.05,0.0003,30.0,0.0147,1.8,1800.0,108.0,120.0,102.0,203.0,C,EURO,0,60.0,1800.0
A000497982,20.0,6.5,2.0,0.05,0.0003,30.0,0.0147,1.8,1800.0,108.0,120.0,102.0,203.0,C,EURO,0,60.0,1800.0
A000497983,9.0,4.5,3.0,0.11,0.0001,30.0,0.0047,3.6,3600.0,432.0,120.0,70.0,203.0,C,EURO,1,120.0,3600.0
A000498166,9.5,9.5,9.5,0.13,0.0009,12.0,0.0146,2.21,960.0,176.8,120.0,125.0,203.0,C,EURO,0,80.0,960.0
A000498167,9.5,9.5,9.5,0.14,0.0009,12.0,0.014,2.21,288.0,53.04,120.0,72.0,203.0,C,EURO,0,24.0,288.0
A000498169,6.0,6.5,5.5,0.01,0.0002,50.0,0.0426,6.6,1000.0,132.0,120.0,107.5,210.0,C,EURO,0,20.0,1000.0
A000498685,17.2,10.0,1.2,0.3,0.0002,16.0,0.0132,5.42,768.0,260.16,120.0,80.0,203.0,C,EURO,0,48.0,768.0
A000498686,17.2,10.0,1.2,0.3,0.0002,16.0,0.0132,5.42,768.0,260.16,120.0,80.0,203.0,C,EURO,0,48.0,768.0
A000498687,16.0,10.0,1.2,0.3,0.0002,16.0,0.0132,5.42,768.0,260.16,120.0,80.0,203.0,C,EURO,0,48.0,768.0
A000498688,17.2,10.0,1.2,0.3,0.0002,16.0,0.0132,5.42,768.0,261.0,120.0,80.0,203.0,C,EURO,0,48.0,768.0
A000498689,17.0,10.0,2.0,0.3,0.0003,16.0,0.0132,5.3,768.0,261.0,120.0,80.0,203.0,C,EURO,0,48.0,768.0
A000498690,16.0,10.0,1.2,0.3,0.0002,16.0,0.0132,5.3,768.0,261.0,120.0,80.0,203.0,C,EURO,0,48.0,768.0
A000498691,16.0,10.0,1.2,0.3,0.0002,16.0,0.0132,5.42,768.0,261.0,120.0,80.0,203.0,C,EURO,0,48.0,768.0
A000498692,17.0,10.0,1.2,0.3,0.0002,16.0,0.0132,5.42,768.0,261.0,120.0,80.0,203.0,C,EURO,0,48.0,768.0
A000498693,17.0,10.0,1.2,0.3,0.0002,16.0,0.0132,5.3,768.0,261.0,120.0,80.0,203.0,C,EURO,0,48.0,768.0
A000498694,21.0,10.0,1.3,0.39,0.0003,16.0,0.0162,6.98,768.0,335.04,120.0,98.0,203.0,C,EURO,0,48.0,768.0
A000498695,17.0,10.0,1.0,0.3,0.0002,16.0,0.013,5.4,768.0,261.0,120.0,80.0,203.0,C,EURO,0,48.0,768.0
A000498696,17.0,10.0,1.0,0.3,0.0002,16.0,0.013,5.2,768.0,261.0,120.0,80.0,203.0,C,EURO,0,48.0,768.0
A000498697,17.0,10.0,1.2,0.3,0.0002,16.0,0.0132,5.2,768.0,261.0,120.0,80.0,203.0,C,EURO,0,48.0,768.0
A000498698,17.0,10.0,1.2,0.3,0.0002,16.0,0.013,5.1,768.0,261.0,120.0,80.0,203.0,C,EURO,0,48.0,768.0
A000498699,17.0,10.0,1.2,0.3,0.0002,16.0,0.0132,5.4,768.0,261.0,120.0,80.0,203.0,C,EURO,0,48.0,768.0
A000498700,17.0,10.0,1.2,0.3,0.0002,16.0,0.0132,5.3,768.0,261.0,120.0,80.0,203.0,C,EURO,0,48.0,768.0
A000498701,17.0,10.0,1.2,0.3,0.0002,16.0,0.0132,5.3,768.0,261.0,120.0,80.0,203.0,C,EURO,0,48.0,768.0
A000498702,17.2,10.0,1.2,0.3,0.0002,16.0,0.0132,5.4,768.0,261.0,120.0,80.0,203.0,C,EURO,0,48.0,768.0
A000498703,17.0,10.0,1.2,0.3,0.0002,16.0,0.0132,5.4,768.0,261.0,120.0,80.0,203.0,C,EURO,0,48.0,768.0
A000498704,17.0,10.0,2.0,0.3,0.0003,16.0,0.0132,5.2,768.0,261.0,120.0,80.0,203.0,C,EURO,0,48.0,768.0
A000498705,17.2,10.0,2.0,0.3,0.0003,16.0,0.0132,5.32,768.0,261.0,120.0,80.0,203.0,C,EURO,0,48.0,768.0
A000498706,21.0,10.0,1.3,0.39,0.0003,16.0,0.0162,6.98,768.0,335.04,120.0,98.0,203.0,C,EURO,0,48.0,768.0
A000498713,3.0,1.5,0.5,0.01,0.0,,,,10000.0,125.0,120.0,80.0,210.0,C,K3,0,,10000.0
A000498714,3.0,1.5,0.5,0.01,0.0,,,,10000.0,125.0,120.0,80.0,210.0,C,K3,0,,10000.0
A000498715,3.0,1.5,0.5,0.01,0.0,,,,10000.0,125.0,120.0,70.0,210.0,C,K3,0,,10000.0
A000498716,3.0,1.5,0.5,0.01,0.0,,,,10000.0,125.0,120.0,80.0,210.0,C,K3,0,,10000.0
A000498717,3.0,1.5,0.5,0.01,0.0,,,,10000.0,125.0,120.0,80.0,210.0,C,K3,0,,10000.0
A000498718,3.0,1.5,0.5,0.01,0.0,,,,10000.0,125.0,120.0,80.0,203.0,C,K3,0,,10000.0
A000498719,3.0,1.5,0.5,0.01,0.0,,,,10000.0,125.0,120.0,80.0,210.0,C,K3,0,,10000.0
A000498720,3.0,1.5,0.5,0.01,0.0,,,,10000.0,125.0,120.0,70.0,210.0,C,K3,0,,10000.0
A000498721,3.0,1.5,0.5,0.01,0.0,,,,10000.0,125.0,120.0,80.0,210.0,C,K3,0,,10000.0
A000498722,3.0,1.5,0.5,0.01,0.0,,,,10000.0,125.0,120.0,80.0,210.0,C,K3,0,,10000.0
A000498723,3.0,1.5,0.5,0.01,0.0,,,,10000.0,125.0,120.0,80.0,210.0,C,K3,0,,10000.0
A000498724,3.0,1.5,0.5,0.01,0.0,,,,10000.0,125.0,120.0,80.0,210.0,C,K3,0,,10000.0
A000498725,3.0,1.5,0.5,0.01,0.0,,,,10000.0,125.0,120.0,80.0,210.0,C,K3,0,,10000.0
A000498726,3.0,1.5,0.5,0.01,0.0,,,,10000.0,125.0,120.0,80.0,210.0,C,K3,0,,10000.0
A000498727,3.0,1.5,0.5,0.01,0.0,,,,10000.0,125.0,120.0,80.0,210.0,C,K3,0,,10000.0
A000498728,3.0,1.5,0.5,0.01,0.0,,,,10000.0,125.0,120.0,80.0,210.0,C,K3,0,,10000.0
A000498729,3.0,1.5,0.5,0.01,0.0,,,,10000.0,125.0,120.0,80.0,210.0,C,K3,0,,10000.0
A000498730,3.0,1.5,0.5,0.01,0.0,,,,10000.0,125.0,120.0,110.0,203.0,C,K3,0,,10000.0
A000498731,3.0,1.5,0.5,0.01,0.0,,,,10000.0,125.0,120.0,110.0,210.0,C,K3,0,,10000.0
A000498732,3.0,1.5,0.5,0.01,0.0,,,,10000.0,125.0,120.0,110.0,210.0,C,K3,0,,10000.0
A000498737,39.0,18.0,10.0,3.0,0.007,,,,120.0,120.0,120.0,80.0,205.0,C,EURO,0,,120.0
A000498759,17.2,10.0,1.2,0.3,0.0002,16.0,0.0132,5.42,768.0,261.0,120.0,80.0,203.0,C,EURO,0,48.0,768.0
A000498760,17.5,1.0,1.2,0.3,0.0,16.0,0.013,5.3,768.0,261.0,120.0,80.0,203.0,C,EURO,0,48.0,768.0
A000498761,17.2,10.0,1.2,0.3,0.0002,16.0,0.0132,5.63,768.0,270.0,120.0,80.0,203.0,C,EURO,0,48.0,768.0
A000498762,17.2,10.0,1.2,0.3,0.0002,16.0,0.0132,5.2,768.0,260.0,120.0,80.0,203.0,C,EURO,0,48.0,768.0
A000498763,17.2,10.0,1.2,0.3,0.0002,16.0,0.0132,5.42,768.0,261.0,120.0,80.0,203.0,C,EURO,0,48.0,768.0
A000498764,17.2,10.0,1.2,0.3,0.0002,16.0,0.0132,5.42,768.0,261.0,120.0,80.0,203.0,C,EURO,0,48.0,768.0
A000498765,17.2,10.0,1.2,0.3,0.0002,16.0,0.013,5.2,768.0,261.0,120.0,80.0,203.0,C,EURO,0,48.0,768.0
A000498766,17.2,10.0,1.2,0.3,0.0002,16.0,0.0132,5.42,768.0,261.0,120.0,80.0,203.0,C,EURO,0,48.0,768.0
A000498767,17.2,10.0,1.2,0.3,0.0002,,,,768.0,261.0,120.0,80.0,203.0,C,EURO,0,,768.0
A000498768,21.0,10.0,1.3,0.39,0.0003,16.0,0.0162,6.98,768.0,335.04,120.0,98.0,203.0,C,EURO,0,48.0,768.0
A000498769,17.2,10.0,1.2,0.3,0.0002,16.0,0.0132,5.42,768.0,261.0,120.0,80.0,203.0,C,EURO,0,48.0,768.0
A000498770,17.2,10.0,1.2,0.3,0.0002,16.0,0.013,5.42,768.0,261.0,120.0,80.0,203.0,C,EURO,0,48.0,768.0
A000498771,17.2,10.0,1.2,0.3,0.0002,16.0,0.0132,5.42,768.0,261.0,120.0,80.0,203.0,C,EURO,0,48.0,768.0
A000498772,17.2,10.0,1.2,0.3,0.0002,16.0,0.0132,5.42,768.0,261.0,120.0,80.0,203.0,C,EURO,0,48.0,768.0
A000498773,10.0,1.5,0.3,0.3,0.0,16.0,0.013,5.32,768.0,261.0,120.0,80.0,203.0,C,EURO,0,48.0,768.0
A000498774,17.2,10.0,2.3,0.3,0.0004,16.0,0.0132,5.42,768.0,261.0,120.0,80.0,203.0,C,EURO,0,48.0,768.0
A000498775,17.0,10.0,1.2,0.3,0.0002,16.0,0.0132,5.42,768.0,261.0,120.0,80.0,203.0,C,EURO,0,48.0,768.0
A000498776,7.0,10.0,1.0,0.3,0.0001,16.0,0.0132,5.42,768.0,261.0,120.0,80.0,203.0,C,EURO,0,48.0,768.0
A000498777,16.0,10.0,1.2,0.3,0.0002,16.0,0.0131,5.42,768.0,261.0,120.0,80.0,203.0,C,EURO,0,48.0,768.0
A000498778,17.2,10.0,1.2,0.3,0.0002,16.0,0.0132,5.42,768.0,261.0,120.0,80.0,203.0,C,EURO,0,48.0,768.0
A000498779,16.0,10.0,1.2,0.3,0.0002,16.0,0.0132,5.42,768.0,261.0,120.0,80.0,203.0,C,EURO,0,48.0,768.0
A000498780,17.2,10.0,1.2,0.3,0.0002,16.0,0.013,5.42,768.0,261.0,120.0,80.0,203.0,C,EURO,0,48.0,768.0
A000498784,17.2,10.0,1.2,0.3,0.0002,16.0,0.0132,5.42,768.0,261.0,120.0,80.0,203.0,C,EURO,0,48.0,768.0
A000498785,17.2,10.0,1.0,0.3,0.0002,16.0,0.0132,5.42,768.0,261.0,120.0,80.0,203.0,C,EURO,0,48.0,768.0
A000499152,19.0,13.0,2.0,0.32,0.0005,10.0,0.0083,3.47,800.0,256.0,120.0,76.0,203.0,C,EURO,0,80.0,800.0
A000499153,19.0,13.0,2.0,0.32,0.0005,10.0,0.0083,3.47,800.0,256.0,120.0,76.0,203.0,C,EURO,0,80.0,800.0
A000499154,19.0,13.0,2.0,0.32,0.0005,10.0,0.0083,3.47,800.0,256.0,120.0,76.0,203.0,C,EURO,0,80.0,800.0
A000499155,19.0,13.0,2.0,0.32,0.0005,10.0,0.0083,3.47,800.0,256.0,120.0,76.0,203.0,C,EURO,0,80.0,800.0
A000499156,19.0,13.0,2.0,0.32,0.0005,10.0,0.0083,3.47,800.0,256.0,120.0,76.0,203.0,C,EURO,0,80.0,800.0
A000499157,19.0,13.0,2.0,0.32,0.0005,10.0,0.0083,3.47,800.0,256.0,120.0,76.0,203.0,C,EURO,0,80.0,800.0
A000499158,19.0,13.0,2.0,0.32,0.0005,10.0,0.0083,3.47,800.0,256.0,120.0,76.0,203.0,C,EURO,0,80.0,800.0
A000499159,19.0,13.0,2.0,0.32,0.0005,10.0,0.0083,3.47,800.0,256.0,120.0,76.0,203.0,C,EURO,0,80.0,800.0
A000499160,19.0,13.0,2.0,0.32,0.0005,10.0,0.0054,3.47,800.0,256.0,120.0,76.0,203.0,C,EURO,0,80.0,800.0
A000499161,19.0,13.0,2.0,0.32,0.0005,10.0,0.0083,3.47,800.0,256.0,120.0,76.0,203.0,C,EURO,0,80.0,800.0
A000505871,23.0,23.0,5.0,0.49,0.0026,10.0,0.0321,4.9,320.0,156.8,120.0,104.0,203.0,C,EURO,0,32.0,320.0
A000505872,23.2,23.2,5.0,0.5,0.0027,10.0,0.0311,5.43,320.0,160.0,120.0,104.0,203.0,C,EURO,0,32.0,320.0
A000505873,23.2,23.2,5.0,0.5,0.0027,10.0,0.0313,5.43,120.0,65.16,120.0,76.5,203.0,C,EURO,0,12.0,120.0
A000505874,23.2,23.2,5.0,0.5,0.0027,10.0,0.0311,5.43,120.0,65.16,120.0,76.5,203.0,C,EURO,0,12.0,120.0
A000505875,23.2,23.2,5.0,0.5,0.0027,10.0,0.0311,5.43,320.0,165.0,120.0,104.0,203.0,C,EURO,0,32.0,320.0
A000505876,23.2,23.2,5.0,0.5,0.0027,10.0,0.0311,5.43,320.0,165.0,120.0,104.0,203.0,C,EURO,0,32.0,320.0
A000505877,23.2,23.2,5.0,0.5,0.0027,10.0,0.0311,5.43,120.0,65.16,120.0,76.5,203.0,C,EURO,0,12.0,120.0
A000505878,23.2,23.2,5.0,0.5,0.0027,10.0,0.0311,5.43,120.0,65.16,120.0,76.5,203.0,C,EURO,0,12.0,120.0
A000505879,23.2,23.2,5.0,0.5,0.0027,10.0,0.0311,5.43,120.0,65.16,120.0,76.5,203.0,C,EURO,0,12.0,120.0
A000505880,23.2,23.2,5.0,0.5,0.0027,10.0,0.0311,5.43,120.0,65.16,120.0,76.5,203.0,C,EURO,0,12.0,120.0
A000505881,23.2,23.2,5.0,0.5,0.0027,10.0,0.0311,5.43,120.0,65.16,120.0,76.5,203.0,C,EURO,0,12.0,120.0
A000505882,23.2,23.2,5.0,0.5,0.0027,10.0,0.0311,5.43,120.0,65.16,120.0,76.5,203.0,C,EURO,0,12.0,120.0
A000505883,23.2,23.2,5.0,0.5,0.0027,10.0,0.0311,5.43,120.0,65.16,120.0,76.5,203.0,C,EURO,0,12.0,120.0
A000505884,23.2,23.2,5.0,0.5,0.0027,10.0,0.0311,5.43,120.0,65.16,120.0,76.5,203.0,C,EURO,0,12.0,120.0
A000505885,23.2,23.2,5.0,0.5,0.0027,10.0,0.0311,5.43,120.0,65.16,120.0,76.5,203.0,C,EURO,0,12.0,120.0
A000505886,23.2,23.2,5.0,0.5,0.0027,10.0,0.0311,5.43,120.0,65.16,120.0,76.5,203.0,C,EURO,0,12.0,120.0
A000505887,23.2,23.2,5.0,0.5,0.0027,10.0,0.0311,5.43,120.0,65.16,120.0,76.5,203.0,C,EURO,0,12.0,120.0
A000505888,23.2,23.2,5.0,0.5,0.0027,10.0,0.0311,5.43,120.0,65.16,120.0,76.5,203.0,C,EURO,0,12.0,120.0
A000505889,23.2,23.2,5.0,0.5,0.0027,10.0,0.0311,5.43,120.0,65.16,120.0,76.5,203.0,C,EURO,0,12.0,120.0
A000505890,23.2,23.2,5.0,0.5,0.0027,10.0,0.0311,5.43,120.0,65.16,120.0,76.5,203.0,C,EURO,0,12.0,120.0
A000505891,23.2,23.2,5.0,0.5,0.0027,10.0,0.0311,5.43,120.0,65.16,120.0,76.5,203.0,C,EURO,0,12.0,120.0
A000505892,23.2,23.2,5.0,0.5,0.0027,10.0,0.0311,5.43,120.0,65.16,120.0,76.5,203.0,C,EURO,0,12.0,120.0
A000510202,6.0,9.0,3.0,0.21,0.0002,40.0,0.012,15.1,1880.0,712.0,120.0,90.0,207.0,C,EURO,0,47.0,1880.0
A000510204,9.0,6.0,3.0,0.2,0.0002,40.0,0.012,15.1,1880.0,710.0,120.0,90.0,207.0,C,EURO,0,47.0,1880.0
A000510206,9.0,5.2,2.6,0.33,0.0001,,,,2181.0,719.73,120.0,31.2,207.0,C,K3,0,,2181.0
A000510207,10.0,6.0,3.0,0.35,0.0002,,,,2050.0,717.5,120.0,42.0,207.0,C,K3,0,,2050.0
A000510212,9.0,6.0,3.0,0.21,0.0002,40.0,0.012,15.1,1880.0,710.0,120.0,90.0,207.0,C,EURO,0,47.0,1880.0
A000510213,9.0,5.5,2.6,0.33,0.0001,,,,2181.0,720.0,120.0,32.0,207.0,C,K3,0,,2181.0
A000510214,9.0,6.0,3.0,0.2,0.0002,40.0,0.012,15.1,1880.0,710.0,120.0,90.0,207.0,C,EURO,0,47.0,1880.0
A000510218,9.0,5.5,2.6,0.33,0.0001,,,,2181.0,719.73,120.0,31.2,207.0,C,K3,0,,2181.0
A000510219,9.0,6.0,3.0,0.2,0.0002,40.0,0.012,15.1,1880.0,709.7,120.0,90.0,207.0,C,EURO,0,47.0,1880.0
A000510227,9.0,6.0,3.0,0.21,0.0002,40.0,0.012,15.1,1880.0,709.7,120.0,90.0,207.0,C,EURO,0,47.0,1880.0
A000510228,10.5,5.8,2.8,0.36,0.0002,,,,2000.0,720.0,120.0,50.0,207.0,C,K3,0,,2000.0
A000510229,9.0,6.0,3.0,0.22,0.0002,40.0,0.012,15.1,1880.0,709.7,120.0,90.0,207.0,C,EURO,0,47.0,1880.0
A000510230,9.0,6.0,3.0,0.2,0.0002,40.0,0.012,15.1,1880.0,709.7,120.0,90.0,207.0,C,EURO,0,47.0,1880.0
A000510233,9.0,6.0,3.0,0.2,0.0002,40.0,0.012,15.1,1880.0,709.7,120.0,90.0,207.0,C,EURO,0,47.0,1880.0
A000510234,9.0,6.0,3.0,0.2,0.0002,40.0,0.012,15.1,1880.0,710.0,120.0,90.0,207.0,C,EURO,0,47.0,1880.0
A000510235,9.0,6.0,3.0,0.2,0.0002,40.0,0.012,15.1,1880.0,709.7,120.0,90.0,207.0,C,EURO,0,47.0,1880.0
A000510236,9.0,6.0,3.0,0.2,0.0002,40.0,0.012,15.1,1880.0,710.0,120.0,90.0,207.0,C,EURO,0,47.0,1880.0
A000510414,38.0,26.5,23.5,13.0,0.0237,,,,36.0,468.0,120.0,94.0,207.0,C,EURO,0,,36.0
A000510415,43.0,32.5,22.0,18.0,0.0307,,,,16.0,288.0,120.0,88.0,207.0,C,EURO,0,,16.0
A000510416,42.5,31.8,27.2,18.5,0.0368,,,,12.0,222.0,120.0,81.6,207.0,C,EURO,0,,12.0
A000510417,50.0,40.0,22.5,25.0,0.045,,,,12.0,300.0,120.0,90.0,207.0,C,EURO,0,,12.0
A000510418,50.0,40.0,27.0,26.0,0.054,,,,12.0,312.0,120.0,81.0,207.0,C,EURO,0,,12.0
A000510419,52.0,47.0,31.0,34.5,0.0758,,,,6.0,207.0,120.0,93.0,207.0,C,EURO,0,,6.0
A000510420,39.0,26.5,23.0,13.0,0.0238,,,,27.0,351.0,120.0,69.0,207.0,C,EURO,1,,27.0
A000510421,43.0,32.0,23.0,18.0,0.0316,,,,12.0,216.0,120.0,69.0,207.0,C,EURO,1,,12.0
A000510422,42.5,31.8,27.2,18.5,0.0368,,,,12.0,222.0,120.0,81.6,207.0,C,EURO,1,,12.0
A000510423,50.0,41.5,23.0,25.0,0.0477,,,,6.0,150.0,120.0,69.0,207.0,C,EURO,1,,6.0
A000510424,50.0,40.0,26.0,26.0,0.052,,,,12.0,312.0,120.0,78.0,207.0,C,EURO,1,,12.0
A000510516,8.7,4.2,2.6,0.14,0.0001,,,,5000.0,700.0,120.0,54.6,207.0,C,K3,0,,5000.0
A000510517,8.6,3.9,2.5,0.2,0.0001,40.0,0.012,10.0,1880.0,470.0,120.0,80.0,207.0,C,EURO,0,47.0,1880.0
A000510518,9.0,4.0,3.0,0.16,0.0001,40.0,0.012,7.4,1880.0,320.0,120.0,80.0,207.0,C,EURO,0,47.0,1880.0
A000510519,9.0,6.0,3.0,0.2,0.0002,40.0,0.012,8.4,1880.0,394.8,120.0,80.0,207.0,C,EURO,0,47.0,1880.0
A000510520,8.6,3.9,2.2,0.2,0.0001,40.0,0.012,8.2,1880.0,360.0,120.0,80.0,207.0,C,EURO,0,47.0,1880.0
A000510521,9.0,6.0,3.0,0.2,0.0002,40.0,0.012,10.0,1880.0,470.0,120.0,80.0,207.0,C,EURO,0,47.0,1880.0
A000510522,8.5,4.0,2.5,0.26,0.0001,,,,2700.0,702.0,120.0,22.5,207.0,C,K3,0,,2700.0
A000510523,9.0,6.0,3.0,0.2,0.0002,40.0,0.012,10.0,1880.0,470.0,120.0,80.0,207.0,C,EURO,0,47.0,1880.0
A000510525,9.0,6.0,3.0,0.2,0.0002,40.0,0.012,10.0,1880.0,470.0,120.0,80.0,207.0,C,EURO,0,47.0,1880.0
A000510574,9.0,5.8,2.9,0.28,0.0002,,,,2535.0,709.8,120.0,43.5,207.0,C,EURO,0,,2535.0
A000510577,9.0,5.5,2.6,0.31,0.0001,40.0,0.012,15.1,1880.0,709.7,120.0,90.0,207.0,C,EURO,0,47.0,1880.0
A000510578,9.0,6.0,3.0,0.2,0.0002,40.0,0.012,15.1,1880.0,709.7,120.0,90.0,207.0,C,EURO,0,47.0,1880.0
A000510579,9.0,6.0,3.0,0.28,0.0002,40.0,0.012,15.1,1880.0,709.7,120.0,90.0,207.0,C,EURO,0,47.0,1880.0
A000510583,9.0,6.0,3.0,0.33,0.0002,40.0,0.0112,15.0,1880.0,712.0,120.0,90.0,207.0,C,EURO,0,47.0,1880.0
A000510584,9.0,6.0,3.0,0.33,0.0002,40.0,0.0112,15.1,1880.0,712.0,120.0,90.0,207.0,C,EURO,0,47.0,1880.0
A000510585,9.0,6.0,3.0,0.23,0.0002,40.0,0.0112,15.1,1880.0,712.2,120.0,90.0,207.0,C,EURO,0,47.0,1880.0
A000510586,9.0,6.0,3.0,0.33,0.0002,40.0,0.0112,15.0,1880.0,710.0,120.0,90.0,207.0,C,EURO,0,47.0,1880.0
A000510590,9.0,6.0,3.0,0.2,0.0002,40.0,0.012,15.1,1880.0,710.0,120.0,90.0,207.0,C,EURO,0,47.0,1880.0
A000510599,9.0,6.0,3.0,0.2,0.0002,40.0,0.012,15.1,1880.0,709.7,120.0,90.0,207.0,C,EURO,0,47.0,1880.0
A000510600,9.0,6.0,3.0,0.33,0.0002,40.0,0.0112,15.0,1880.0,709.47,120.0,90.0,207.0,C,EURO,0,47.0,1880.0
A000510604,10.5,5.6,2.9,0.34,0.0002,40.0,0.0121,13.6,1080.0,367.2,120.0,73.2,207.0,C,EURO,0,27.0,1080.0
A000510605,9.0,6.0,3.0,0.2,0.0002,40.0,0.012,15.1,1880.0,710.0,120.0,90.0,207.0,C,EURO,0,47.0,1880.0
A000510606,10.5,5.6,2.9,0.34,0.0002,40.0,0.0121,13.6,1080.0,367.2,120.0,73.2,207.0,C,EURO,0,27.0,1080.0
A000510607,9.0,6.0,2.0,0.2,0.0001,40.0,0.012,15.1,1880.0,710.0,120.0,90.0,207.0,C,EURO,0,47.0,1880.0
A000510608,10.0,6.0,3.0,0.36,0.0002,40.0,0.0116,14.4,1800.0,648.0,120.0,75.0,207.0,C,EURO,0,45.0,1800.0
A000510951,59.1,42.0,0.5,0.5,0.0012,,,,80.0,40.0,120.0,80.0,10.0,C,EURO,0,,80.0
A000512665,17.0,10.5,3.0,0.32,0.0005,16.0,0.0131,5.2,768.0,245.76,120.0,84.0,203.0,C,EURO,0,48.0,768.0
A000512666,17.0,10.5,3.0,0.23,0.0005,16.0,0.0131,3.68,768.0,176.64,120.0,84.0,203.0,C,EURO,0,48.0,768.0
A000512667,17.0,10.5,3.0,0.33,0.0005,16.0,0.0131,5.29,768.0,253.92,120.0,84.0,203.0,C,EURO,0,48.0,768.0
A000512668,17.0,10.5,3.0,0.27,0.0005,16.0,0.0131,4.32,768.0,207.36,120.0,84.0,203.0,C,EURO,0,48.0,768.0
A000512669,17.0,10.5,3.0,0.33,0.0005,16.0,0.0131,5.28,768.0,253.44,120.0,84.0,203.0,C,EURO,0,48.0,768.0
A000512670,17.0,10.5,3.0,0.27,0.0005,16.0,0.0131,4.32,768.0,207.36,120.0,84.0,203.0,C,EURO,0,48.0,768.0
A000512671,17.0,10.5,3.0,0.34,0.0005,16.0,0.0131,5.6,768.0,269.28,120.0,84.0,203.0,C,EURO,0,48.0,768.0
A000512672,17.0,10.5,3.0,0.34,0.0005,16.0,0.0131,5.6,768.0,268.8,120.0,84.0,203.0,C,EURO,0,48.0,768.0
A000512673,17.0,10.5,3.0,0.35,0.0005,16.0,0.0131,5.76,768.0,276.48,120.0,84.0,203.0,C,EURO,0,48.0,768.0
A000512674,17.0,10.5,3.0,0.33,0.0005,16.0,0.0131,5.44,768.0,261.12,120.0,84.0,203.0,C,EURO,0,48.0,768.0
A000512675,17.0,10.5,3.0,0.34,0.0005,16.0,0.0131,5.44,768.0,261.12,120.0,84.0,203.0,C,EURO,0,48.0,768.0
A000512676,21.5,10.5,1.2,0.37,0.0003,16.0,0.0154,6.52,576.0,235.08,120.0,74.4,203.0,C,EURO,0,36.0,576.0
A000512677,17.0,10.5,3.0,0.34,0.0005,16.0,0.0131,5.584,768.0,268.032,120.0,84.0,203.0,C,EURO,0,48.0,768.0
A000512678,17.0,10.5,3.0,0.31,0.0005,16.0,0.0131,4.96,768.0,238.08,120.0,84.0,203.0,C,EURO,0,48.0,768.0
A000512679,17.0,10.5,3.0,0.33,0.0005,16.0,0.0131,5.25,768.0,253.44,120.0,84.0,203.0,C,EURO,0,48.0,768.0
A000512680,17.0,10.5,3.0,0.36,0.0005,16.0,0.0131,5.792,768.0,278.016,120.0,84.0,203.0,C,EURO,0,48.0,768.0
A000512681,17.0,10.5,3.0,0.35,0.0005,16.0,0.0131,5.6,768.0,268.8,120.0,84.0,203.0,C,EURO,0,48.0,768.0
A000512682,17.0,10.5,3.0,0.34,0.0005,16.0,0.0131,5.44,768.0,261.12,120.0,84.0,203.0,C,EURO,0,48.0,768.0
A000512683,17.0,10.5,3.0,0.34,0.0005,16.0,0.0131,5.44,768.0,261.12,120.0,84.0,203.0,C,EURO,0,48.0,768.0
A000512684,17.0,10.5,3.0,0.36,0.0005,16.0,0.0131,5.76,768.0,276.48,120.0,84.0,203.0,C,EURO,0,48.0,768.0
A000514417,17.0,10.5,3.0,0.32,0.0005,16.0,0.0131,5.13,768.0,246.24,120.0,84.0,203.0,C,EURO,0,48.0,768.0
A000514418,17.0,10.5,3.0,0.33,0.0005,16.0,0.0131,5.28,768.0,253.44,120.0,84.0,203.0,C,EURO,0,48.0,768.0
A000514778,1.0,1.0,1.0,0.02,0.0,100.0,0.0033,2.0,19600.0,392.0,120.0,77.0,203.0,C,K3,0,196.0,19600.0
A000514779,0.05,0.05,0.05,0.002,0.0,500.0,0.0032,1.3,120000.0,312.0,120.0,80.0,203.0,C,K3,0,240.0,120000.0
A000514780,13.0,4.0,1.0,0.04,0.0001,100.0,0.0115,4.6,4800.0,220.8,120.0,84.0,203.0,C,K3,0,48.0,4800.0
A000514781,14.0,4.0,1.0,0.09,0.0001,100.0,0.0168,9.41,3600.0,338.76,120.0,76.0,203.0,C,K3,0,36.0,3600.0
A000514782,13.0,4.0,1.0,0.06,0.0001,100.0,0.015,6.2,3600.0,223.2,120.0,76.0,203.0,C,K3,0,36.0,3600.0
A000514783,14.0,1.0,3.0,0.05,0.0,100.0,0.0173,5.94,4500.0,267.3,120.0,95.0,203.0,C,K3,0,45.0,4500.0
A000514784,13.0,4.0,1.0,0.0594,0.0001,100.0,0.0173,5.94,4500.0,267.3,120.0,95.0,203.0,C,K3,0,45.0,4500.0
A000514785,9.1,2.0,1.0,0.015,0.0,100.0,0.0096,1.5,6000.0,90.0,120.0,80.0,203.0,C,K3,0,60.0,6000.0
A000514786,8.5,1.0,1.0,0.012,0.0,100.0,0.0088,1.2,7200.0,86.4,120.0,90.0,203.0,C,K3,0,72.0,7200.0
A000514787,1.0,1.0,1.0,0.0056,0.0,100.0,0.006,0.56,12000.0,67.2,120.0,75.0,203.0,C,K3,0,120.0,12000.0
A000514788,14.0,5.0,1.0,0.13,0.0001,100.0,0.0122,13.0,4500.0,585.0,120.0,69.0,203.0,C,K3,0,45.0,4500.0
A000516135,10.6,6.2,2.3,0.02,0.0002,,,,4620.0,92.4,120.0,80.5,207.0,C,K3,0,,4620.0
A000520350,10.0,10.0,8.0,0.2,0.0008,,,,960.0,192.0,120.0,80.0,203.0,C,EURO,0,,960.0
A000520402,30.0,30.0,1.0,0.5,0.0009,20.0,0.0385,10.0,80.0,40.0,120.0,80.0,10.0,C,EURO,0,4.0,80.0
A000520403,60.0,42.0,1.0,0.5,0.0025,20.0,0.1425,5.0,80.0,25.0,120.0,76.0,10.0,C,EURO,0,4.0,80.0
A000520404,55.0,35.0,1.0,0.5,0.0019,20.0,0.038,10.0,80.0,45.0,120.0,80.0,10.0,C,EURO,0,4.0,80.0
A000520405,40.0,20.0,0.5,0.5,0.0004,20.0,0.0385,10.0,80.0,45.0,120.0,80.0,10.0,C,EURO,0,4.0,80.0
A000521787,25.0,10.0,3.0,1.0,0.0008,,,,720.0,720.0,120.0,69.0,207.0,C,EURO,0,,720.0
A000521788,25.0,10.0,3.0,1.0,0.0008,,,,720.0,720.0,120.0,69.0,207.0,C,EURO,0,,720.0
A000521789,25.0,10.0,3.0,1.0,0.0008,,,,720.0,720.0,120.0,69.0,207.0,C,EURO,0,,720.0
A000521790,25.0,10.0,3.0,1.0,0.0008,,,,720.0,720.0,120.0,69.0,207.0,C,EURO,0,,720.0
A000521791,25.0,10.0,3.0,1.0,0.0008,,,,720.0,720.0,120.0,69.0,207.0,C,EURO,0,,720.0
A000521852,11.0,8.0,2.0,0.07,0.0002,36.0,0.0095,2.98,2016.0,167.4,120.0,90.0,207.0,C,EURO,0,56.0,2016.0
A000521853,15.0,10.0,2.0,0.1,0.0003,36.0,0.0125,4.25,1728.0,249.6,120.0,84.0,207.0,C,EURO,0,48.0,1728.0
A000521854,11.0,8.0,2.0,0.07,0.0002,36.0,0.0095,2.98,2016.0,167.4,120.0,88.0,207.0,C,EURO,0,56.0,2016.0
A000521855,14.5,10.2,3.5,0.28,0.0005,24.0,0.0111,6.78,1080.0,305.1,120.0,72.5,207.0,C,EURO,0,45.0,1080.0
A000521856,11.0,8.0,2.0,0.078,0.0002,36.0,0.0085,2.55,2592.0,183.6,120.0,90.0,207.0,C,EURO,0,72.0,2592.0
A000521857,11.0,8.0,2.0,0.07,0.0002,36.0,0.0085,2.55,2592.0,183.6,120.0,90.0,207.0,C,EURO,0,72.0,2592.0
A000521858,11.0,8.0,2.0,0.07,0.0002,36.0,0.0085,2.55,2592.0,183.6,120.0,90.0,207.0,C,EURO,0,72.0,2592.0
A000521859,11.0,8.0,2.0,0.07,0.0002,36.0,0.0085,2.55,2592.0,183.6,120.0,90.0,207.0,C,EURO,0,72.0,2592.0
A000521860,18.0,10.0,3.0,0.2,0.0005,36.0,0.0161,7.21,1728.0,346.08,120.0,92.0,207.0,C,EURO,0,48.0,1728.0
A000521861,11.0,8.0,2.0,0.07,0.0002,36.0,0.0085,2.55,2592.0,183.6,120.0,90.0,207.0,C,EURO,0,72.0,2592.0
A000521862,24.0,10.0,3.0,0.57,0.0007,24.0,0.0193,13.68,864.0,492.48,120.0,84.0,207.0,C,EURO,0,36.0,864.0
A000521863,8.0,11.0,2.0,0.07,0.0002,36.0,0.0085,2.55,2592.0,192.6,120.0,90.0,207.0,C,,0,72.0,2592.0
A000521864,15.0,11.0,2.0,0.17,0.0003,36.0,0.0111,6.54,2160.0,392.4,120.0,84.0,207.0,C,EURO,0,60.0,2160.0
A000521865,11.0,8.0,2.0,0.07,0.0002,36.0,0.0085,2.55,2592.0,183.6,120.0,90.0,207.0,C,EURO,0,72.0,2592.0
A000521866,11.0,10.0,3.0,0.1,0.0003,36.0,0.0148,4.62,1728.0,207.36,120.0,96.8,207.0,C,EURO,0,48.0,1728.0
A000521867,17.0,12.0,2.5,0.2,0.0005,36.0,0.0184,7.2,1728.0,345.6,120.0,92.0,207.0,C,EURO,0,48.0,1728.0
A000521868,19.0,9.7,3.5,0.34,0.0006,36.0,0.0184,7.2,1728.0,345.6,120.0,92.0,207.0,C,EURO,0,48.0,1728.0
A000521869,12.0,7.0,4.0,1.11,0.0003,6.0,0.0029,6.77,600.0,678.0,120.0,25.0,207.0,C,EURO,0,100.0,600.0
A000521870,12.0,11.0,10.0,2.4,0.0013,6.0,0.0087,14.4,300.0,720.0,120.0,66.0,207.0,C,EURO,0,50.0,300.0
A000521874,25.0,8.0,2.8,0.55,0.0006,30.0,0.0203,16.5,480.0,264.0,120.0,71.2,207.0,C,EURO,0,16.0,480.0
A000521875,25.0,10.0,2.8,0.63,0.0007,25.0,0.0152,15.75,600.0,378.0,120.0,88.8,207.0,C,,0,24.0,600.0
A000521876,25.0,10.0,2.8,0.63,0.0007,25.0,0.0152,15.75,600.0,378.0,120.0,88.8,207.0,C,EURO,0,24.0,600.0
A000521877,25.0,10.0,2.8,0.63,0.0007,25.0,0.0152,15.785,600.0,378.0,120.0,88.8,207.0,C,EURO,0,24.0,600.0
A000521878,25.0,10.0,2.8,0.63,0.0007,25.0,0.0152,15.6,600.0,379.0,120.0,88.8,207.0,C,EURO,0,24.0,600.0
A000521879,25.2,10.0,2.9,0.69,0.0007,25.0,0.0211,17.25,600.0,414.0,120.0,87.2,207.0,C,EURO,0,24.0,600.0
A000521880,25.0,10.0,2.8,0.63,0.0007,25.0,0.0152,15.0,600.0,378.0,120.0,88.8,207.0,C,EURO,0,24.0,600.0
A000521881,22.8,8.5,9.8,1.12,0.0019,25.0,0.0298,28.35,450.0,510.3,120.0,73.2,207.0,C,EURO,0,18.0,450.0
A000521882,22.8,8.5,9.8,1.12,0.0019,25.0,0.0298,28.35,450.0,510.3,120.0,73.2,207.0,C,EURO,0,18.0,450.0
A000521883,10.0,8.58,9.8,1.1,0.0008,25.0,0.0298,29.0,450.0,511.0,120.0,74.0,207.0,C,EURO,0,18.0,450.0
A000521884,22.8,8.5,9.8,1.1,0.0019,25.0,0.0298,29.0,450.0,511.0,120.0,73.0,207.0,C,EURO,0,18.0,450.0
A000521885,22.8,8.5,9.8,1.12,0.0019,25.0,0.0298,28.35,450.0,510.3,120.0,73.2,207.0,C,EURO,0,18.0,450.0
A000521886,24.0,8.0,2.0,0.71,0.0004,12.0,0.0075,8.6,864.0,620.0,120.0,81.0,207.0,C,EURO,0,72.0,864.0
A000521887,24.2,8.5,2.2,0.71,0.0005,12.0,0.0071,8.6,864.0,620.0,120.0,81.0,207.0,C,EURO,0,72.0,864.0
A000521888,24.0,8.0,2.0,0.71,0.0004,12.0,0.0075,8.6,864.0,620.0,120.0,81.0,207.0,C,EURO,0,72.0,864.0
A000521889,24.0,8.0,2.0,0.7,0.0004,12.0,0.0075,8.6,864.0,620.0,120.0,81.0,207.0,C,EURO,0,72.0,864.0
A000521890,24.0,8.0,2.0,0.7,0.0004,12.0,0.0075,8.6,864.0,620.0,120.0,81.0,207.0,C,EURO,0,72.0,864.0
A000521891,24.2,8.5,2.2,0.7,0.0005,12.0,0.0073,8.6,864.0,620.0,120.0,80.5,207.0,C,EURO,0,72.0,864.0
A000521892,25.0,11.0,2.0,0.9,0.0006,,,,480.0,432.0,120.0,40.0,207.0,C,EURO,0,,480.0
A000521893,24.2,8.5,2.2,0.71,0.0005,12.0,0.0075,8.6,864.0,619.2,120.0,80.4,207.0,C,EURO,0,72.0,864.0
A000521894,20.0,5.8,4.1,0.37,0.0005,25.0,0.0152,9.84,600.0,236.16,120.0,88.8,207.0,C,EURO,0,24.0,600.0
A000521895,25.2,5.9,3.0,0.56,0.0004,25.0,0.0152,14.0,900.0,504.0,120.0,88.9,207.0,C,EURO,0,36.0,900.0
A000521919,18.0,12.0,12.0,3.0,0.0026,,,,240.0,720.0,120.0,84.0,207.0,C,EURO,0,,240.0
A000521921,18.0,12.0,12.0,3.0,0.0026,,,,240.0,720.0,120.0,84.0,207.0,C,EURO,0,,240.0
A000521922,18.0,12.0,12.0,33.0,0.0026,,,,240.0,720.0,120.0,84.0,207.0,C,EURO,0,,240.0
A000521924,18.0,12.0,12.0,3.0,0.0026,,,,240.0,720.0,120.0,84.0,207.0,C,EURO,0,,240.0
A000522202,27.1,18.9,4.0,0.25,0.002,20.0,0.0297,5.5,540.0,148.5,120.0,87.3,207.0,C,EURO,0,27.0,540.0
A000522203,22.0,17.0,6.0,1.01,0.0022,5.0,0.0165,5.05,150.0,151.5,120.0,90.0,207.0,C,EURO,0,30.0,150.0
A000522204,22.0,16.8,16.0,1.03,0.0059,5.0,0.018,5.19,120.0,124.56,120.0,76.0,207.0,C,EURO,0,24.0,120.0
A000522205,10.0,10.0,1.5,0.24,0.0001,36.0,0.0123,13.62,1728.0,653.76,120.0,74.0,207.0,C,EURO,0,48.0,1728.0
A000522206,10.0,10.0,2.0,0.15,0.0002,100.0,0.0103,15.0,4500.0,675.0,120.0,54.0,207.0,C,EURO,0,45.0,4500.0
A000522207,22.0,16.8,6.0,1.03,0.0022,5.0,0.018,5.19,120.0,124.56,120.0,76.0,207.0,C,EURO,0,24.0,120.0
A000522208,7.0,2.0,5.0,0.15,0.0001,10.0,0.0,1.59,4500.0,720.0,120.0,80.0,207.0,C,EURO,0,450.0,4500.0
A000522209,10.0,10.0,1.5,0.169,0.0001,10.0,0.0002,1.69,4500.0,760.5,120.0,85.5,207.0,C,EURO,0,450.0,4500.0
A000524505,26.0,4.5,5.5,0.39,0.0006,,,,1020.0,397.8,120.0,83.0,207.0,C,K3,0,,1020.0
A000525816,26.0,10.0,3.0,0.34,0.0008,10.0,0.0116,3.6,520.0,187.2,120.0,90.0,207.0,C,EURO,0,52.0,520.0
A000525818,26.0,10.0,3.0,0.34,0.0008,10.0,0.0116,3.6,520.0,187.2,120.0,90.0,207.0,C,EURO,0,52.0,520.0
A000525819,26.0,10.0,3.0,0.36,0.0008,10.0,0.0116,3.6,520.0,187.2,120.0,90.0,207.0,C,EURO,0,52.0,520.0
A000525821,26.0,10.0,3.0,0.34,0.0008,5.0,0.0116,1.7,240.0,102.0,120.0,90.0,207.0,C,EURO,0,48.0,240.0
A000525822,26.0,10.0,3.0,0.34,0.0008,10.0,0.0116,3.6,400.0,144.0,120.0,90.0,207.0,C,EURO,0,40.0,400.0
A000525824,26.0,10.0,3.0,0.34,0.0008,10.0,0.0116,3.6,400.0,144.0,120.0,90.0,207.0,C,EURO,0,40.0,400.0
A000525825,18.0,13.0,8.0,0.96,0.0019,5.0,0.0137,5.2,300.0,312.0,120.0,81.0,207.0,C,EURO,0,60.0,300.0
A000525826,18.0,13.0,8.0,0.93,0.0019,5.0,0.0137,5.2,300.0,312.0,120.0,81.0,207.0,C,EURO,0,60.0,300.0
A000525827,18.0,13.0,8.0,0.93,0.0019,5.0,0.0139,5.2,240.0,249.6,120.0,81.0,207.0,C,EURO,0,48.0,240.0
A000525828,18.0,13.0,8.0,0.96,0.0019,5.0,0.0137,5.2,240.0,249.6,120.0,81.0,207.0,C,EURO,0,48.0,240.0
A000525831,18.0,13.0,8.0,0.96,0.0019,5.0,0.0137,5.2,240.0,250.0,120.0,81.0,207.0,C,EURO,0,48.0,240.0
A000525833,18.0,13.0,8.0,0.96,0.0019,5.0,0.0137,5.2,240.0,250.0,120.0,81.0,207.0,C,EURO,0,48.0,240.0
A000525834,13.0,18.0,8.0,0.96,0.0019,5.0,0.0137,5.2,240.0,250.0,120.0,81.0,207.0,C,EURO,0,48.0,240.0
A000525835,14.0,14.0,8.5,0.85,0.0017,5.0,0.0106,4.3,315.0,271.0,120.0,85.4,207.0,C,EURO,0,63.0,315.0
A000525836,14.0,14.0,8.5,0.85,0.0017,5.0,0.0106,4.3,315.0,270.9,120.0,85.4,207.0,C,EURO,0,63.0,315.0
A000525838,14.0,14.0,8.5,0.85,0.0017,5.0,0.0106,4.3,315.0,270.9,120.0,85.4,207.0,C,EURO,0,63.0,315.0
A000525839,20.0,15.0,8.0,0.93,0.0024,6.0,0.0134,6.0,294.0,294.0,120.0,86.0,207.0,C,EURO,0,49.0,294.0
A000525840,20.0,15.0,8.0,0.93,0.0024,6.0,0.0066,6.0,294.0,294.0,120.0,85.4,207.0,C,EURO,0,49.0,294.0
A000525841,20.0,15.0,8.0,0.93,0.0024,6.0,0.0134,6.0,294.0,294.0,120.0,85.4,207.0,C,EURO,0,49.0,294.0
A000525842,20.0,15.0,8.0,0.93,0.0024,6.0,0.0134,6.0,294.0,294.0,120.0,86.0,207.0,C,EURO,0,49.0,294.0
A000525844,14.0,14.0,8.5,0.85,0.0017,5.0,0.0106,4.3,315.0,270.9,120.0,85.4,207.0,C,EURO,0,63.0,315.0
A000525845,14.0,14.0,8.5,0.85,0.0017,5.0,0.0106,4.3,315.0,270.9,120.0,85.4,207.0,C,EURO,0,63.0,315.0
A000525847,22.0,7.5,4.6,0.42,0.0008,10.0,0.0104,4.3,720.0,309.6,120.0,92.8,207.0,C,EURO,0,72.0,720.0
A000525848,22.0,7.5,4.6,0.42,0.0008,10.0,0.0104,4.3,720.0,309.6,12.0,92.8,207.0,C,EURO,0,72.0,720.0
P000030454-001-023,20.5,16.5,6.0,0.98,0.002,10.0,0.0269,9.8,240.0,237.2,120.0,85.6,201.0,A,EURO,1,24.0,240.0
P000030463-001-022,16.5,20.5,6.0,1.0,0.002,10.0,0.0263,10.6,340.0,347.1,120.0,108.6,201.0,A,EURO,1,34.0,340.0
P000038776-001-003,24.5,17.5,4.5,0.6,0.0019,10.0,0.0179,6.0,240.0,146.0,120.0,95.6,207.0,C,EURO,1,24.0,240.0
P000047557-010-512,8.0,4.0,2.5,0.23,0.0001,,,,3130.0,719.9,120.0,27.5,207.0,C,EURO,0,,3130.0
P000047582-350-100,29.0,13.0,2.0,0.4,0.0008,5.0,0.0072,2.0,600.0,242.0,120.0,120.6,203.0,C,EURO,0,120.0,600.0
P000047582-350-200,17.5,8.0,2.0,0.32,0.0003,20.0,0.0078,7.0,1320.0,464.0,120.0,95.6,203.0,A,EURO,0,66.0,1320.0
P000047584-350-200,17.5,8.0,2.0,0.33,0.0003,20.0,0.008,6.6,1400.0,487.0,120.0,110.0,203.0,B,K3,0,70.0,1400.0
P000047601-350-100,29.5,13.5,3.0,0.48,0.0012,,,,540.0,259.2,120.0,81.0,203.0,C,EURO,0,,540.0
P000047601-350-200,17.5,8.0,2.0,0.39,0.0003,20.0,0.0079,8.0,1680.0,690.0,120.0,84.0,203.0,A,EURO,0,84.0,1680.0
P000047616-350-100,29.0,13.0,3.0,0.5,0.0011,5.0,0.0072,5.0,625.0,525.0,120.0,95.6,203.0,C,EURO,0,125.0,625.0
P000047616-350-200,17.0,9.0,2.0,0.4,0.0003,20.0,0.0078,8.0,840.0,361.0,120.0,100.0,203.0,B,EURO,0,42.0,840.0
P000047617-010-512,13.5,3.5,3.5,0.38,0.0002,,,,2373.0,904.0,120.0,95.6,207.0,C,K3,0,,2373.0
P000047637-350-100,29.0,13.0,7.5,0.5,0.0028,5.0,0.0073,2.8,600.0,338.0,120.0,95.6,203.0,B,EURO,0,120.0,600.0
P000047637-350-200,17.0,8.0,2.0,0.4,0.0003,20.0,0.008,8.0,960.0,409.0,120.0,110.0,203.0,B,EURO,0,48.0,960.0
P000074244-001-004,24.5,17.0,4.5,0.6,0.0019,10.0,0.0189,6.0,200.0,122.0,120.0,111.6,207.0,C,EURO,1,20.0,200.0
P000235854-001-001,26.5,8.0,2.5,0.8,0.0005,25.0,0.0142,20.0,400.0,477.0,120.0,95.6,207.0,C,K3,0,16.0,400.0
P000235854-001-002,2.5,26.0,9.5,0.8,0.0006,25.0,0.0134,20.0,600.0,402.0,120.0,65.6,207.0,C,EURO,0,24.0,600.0
P000235854-001-003,26.0,9.0,2.0,0.86,0.0005,10.0,0.0112,8.6,9999.0,9999.0,9999.0,9999.0,207.0,B,EURO,0,999.9,9999.0
P000235854-001-004,27.0,8.5,2.5,0.78,0.0006,25.0,0.0155,19.5,800.0,624.0,120.0,88.0,205.0,C,EURO,0,32.0,800.0
P000235854-001-005,26.0,9.0,2.0,0.84,0.0005,20.0,0.0147,16.8,9999.0,9999.0,9999.0,9999.0,205.0,C,K3,0,499.95,9999.0
P000235854-001-006,26.0,9.0,2.5,0.8,0.0006,20.0,0.0104,16.5,480.0,398.0,120.0,65.6,207.0,B,EURO,0,24.0,480.0
P000236004-001-001,19.0,9.5,2.5,0.46,0.0005,50.0,0.0185,23.0,1600.0,393.0,120.0,110.0,207.0,A,EURO,0,32.0,1600.0
P000236005-001-001,19.0,8.0,2.0,0.48,0.0003,50.0,0.019,12.5,1200.0,325.0,120.0,80.0,207.0,B,K3,0,24.0,1200.0
P000236027-001-001,23.5,10.0,2.5,0.712,0.0006,,,,9999.0,9999.0,9999.0,9999.0,207.0,C,K3,0,,9999.0
P000236027-001-002,21.0,9.5,3.0,0.63,0.0006,20.0,0.0137,12.6,480.0,304.0,120.0,65.6,207.0,C,EURO,0,24.0,480.0
P000236027-001-003,20.0,10.0,3.0,0.63,0.0006,,,,700.0,466.0,120.0,90.0,207.0,C,K3,0,,700.0
P000236027-001-004,19.0,10.0,2.0,0.65,0.0004,,,,9999.0,9999.0,9999.0,9999.0,205.0,C,K3,0,,9999.0
P000236027-001-005,19.0,12.0,2.5,0.72,0.0006,25.0,0.0112,18.0,9999.0,9999.0,9999.0,9999.0,205.0,C,K3,0,399.96,9999.0
P000236065-001-001,7.5,2.3,1.0,0.01,0.0,,,,9999.0,9999.0,9999.0,9999.0,207.0,C,K1,0,,9999.0
P000236128-001-001,26.5,9.0,2.5,0.49,0.0006,25.0,0.0135,12.0,900.0,434.0,120.0,95.6,207.0,A,EURO,0,36.0,900.0
P000236128-001-002,2.0,24.0,9.0,0.45,0.0004,25.0,0.0105,12.05,1350.0,648.0,120.0,75.6,207.0,B,EURO,0,54.0,1350.0
P000236128-001-004,24.0,8.0,2.0,0.49,0.0004,20.0,0.0144,9.8,800.0,392.0,120.0,85.0,205.0,C,EURO,0,40.0,800.0
P000236128-001-005,26.0,8.0,2.5,0.5,0.0005,25.0,0.0136,10.0,900.0,385.0,120.0,80.0,207.0,C,K3,0,36.0,900.0
P000236128-001-006,26.5,9.0,2.5,0.49,0.0006,7.0,0.0162,3.43,140.0,70.0,120.0,65.6,207.0,C,EURO,0,20.0,140.0
P000236128-001-008,26.5,9.0,2.5,0.5,0.0006,,,,9999.0,999.0,120.0,100.0,205.0,C,K3,0,,9999.0
P000236150-001-005,9.0,8.0,3.0,0.41,0.0002,40.0,0.0218,16.4,960.0,395.0,120.0,95.6,207.0,C,EURO,0,24.0,960.0
P000236150-001-006,8.0,8.0,4.5,0.4,0.0003,40.0,0.0352,16.0,640.0,279.0,120.0,100.0,207.0,C,K3,0,16.0,640.0
P000236150-001-007,14.0,8.0,2.0,0.5,0.0002,25.0,0.024,12.7,9999.0,9999.0,9999.0,9999.0,207.0,C,K3,0,399.96,9999.0
P000236150-001-008,14.0,8.0,3.0,2.77,0.0003,5.0,0.0233,13.85,90.0,252.0,12.0,65.6,207.0,C,EURO,0,18.0,90.0
P000236150-001-009,12.0,8.0,3.0,0.47,0.0003,5.0,0.0021,2.35,100.0,49.0,120.0,95.6,207.0,C,EURO,0,20.0,100.0
P000236150-001-011,12.0,8.5,3.0,0.47,0.0003,50.0,0.0189,24.0,1000.0,477.0,120.0,95.6,207.0,C,EURO,0,20.0,1000.0
P000236150-001-013,11.0,8.0,3.0,2.44,0.0003,40.0,0.0228,12.2,720.0,222.0,120.0,65.6,205.0,C,EURO,0,18.0,720.0
P000236150-001-014,8.0,5.0,12.8,0.46,0.0005,20.0,0.0232,9.2,980.0,442.0,120.0,135.6,207.0,C,EURO,0,49.0,980.0
P000236150-001-015,10.0,8.0,3.0,0.43,0.0002,30.0,0.0228,12.5,480.0,202.0,120.0,95.6,207.0,C,EURO,0,16.0,480.0
P000236150-001-016,12.0,8.0,3.0,0.43,0.0003,40.0,0.0218,17.2,720.0,334.6,120.0,120.0,207.0,C,K3,0,18.0,720.0
P000236150-001-017,12.5,9.0,3.0,0.43,0.0003,,,,1000.0,432.0,120.0,95.6,207.0,C,EURO,0,,1000.0
P000236150-001-018,10.0,8.0,3.0,0.43,0.0002,5.0,0.0017,2.3,2160.0,930.0,120.0,95.6,207.0,C,EURO,0,432.0,2160.0
P000236181-001-001,11.0,7.5,6.0,0.55,0.0005,25.0,0.0137,8.8,1000.0,354.0,120.0,95.6,207.0,C,EURO,0,40.0,1000.0
P000236181-002-001,11.0,7.0,6.0,0.77,0.0005,16.0,0.014,12.32,9999.0,999.0,120.0,100.0,207.0,C,K3,0,624.9375,9999.0
P000236181-002-002,11.0,7.0,6.0,0.77,0.0005,,,,363.0,277.0,120.0,95.6,207.0,C,K3,0,,363.0
P000236243-001-001,30.0,8.0,2.5,0.9,0.0006,25.0,0.0261,15.0,600.0,362.0,120.0,85.6,207.0,C,EURO,0,24.0,600.0
P000236243-001-002,31.0,8.5,2.5,0.9,0.0007,25.0,0.0252,15.0,500.0,325.0,120.0,100.0,207.0,B,K3,0,20.0,500.0
P000236243-001-003,30.0,9.0,2.5,0.9,0.0007,25.0,0.0323,25.0,400.0,400.0,120.0,80.0,207.0,B,EURO,0,16.0,400.0
P000236243-001-004,31.0,9.5,2.5,0.9,0.0007,25.0,0.028,23.0,500.0,462.0,120.0,85.6,207.0,B,EURO,0,20.0,500.0
P000236243-001-005,30.5,10.0,2.5,0.95,0.0008,25.0,0.0178,23.75,500.0,500.0,120.0,80.0,207.0,C,K3,0,20.0,500.0
P000236243-001-006,30.0,10.0,2.5,0.99,0.0008,25.0,0.0265,24.75,450.0,447.0,120.0,95.6,207.0,C,EURO,0,18.0,450.0
P000236243-001-008,31.0,8.0,2.5,0.82,0.0006,25.0,0.0252,21.0,1000.0,835.0,120.0,180.0,207.0,C,K3,0,40.0,1000.0
P000236243-001-009,31.0,2.5,8.5,0.87,0.0007,25.0,0.0261,21.75,500.0,460.0,120.0,100.0,207.0,B,K3,0,20.0,500.0
P000236243-001-010,30.5,9.0,2.5,0.89,0.0007,25.0,0.0261,22.25,500.0,470.0,120.0,92.0,207.0,B,K3,0,20.0,500.0
P000236243-001-011,30.5,9.5,2.5,0.92,0.0007,,,,500.0,485.0,120.0,90.0,207.0,C,K3,0,,500.0
P000236243-001-013,31.0,11.0,2.5,0.98,0.0009,25.0,0.0273,24.5,500.0,452.0,120.0,65.6,207.0,C,EURO,0,20.0,500.0
P000236243-001-014,10.0,30.0,2.0,0.863,0.0006,,,,720.0,621.36,120.0,60.0,207.0,C,EURO,0,,720.0
P000236243-002-008,31.0,10.0,2.5,0.82,0.0008,25.0,0.0325,20.5,400.0,330.0,120.0,85.6,205.0,C,EURO,0,16.0,400.0
P000236278-001-001,2.5,23.5,10.0,0.4,0.0006,25.0,0.0151,12.5,750.0,377.0,120.0,65.6,207.0,B,EURO,0,30.0,750.0
P000236278-002-001,24.0,10.0,3.0,0.5,0.0007,25.0,0.0154,13.0,700.0,364.0,120.0,77.0,207.0,B,EURO,0,28.0,700.0
P000236278-003-001,24.0,9.5,2.5,0.47,0.0006,25.0,0.0134,11.75,1000.0,495.0,120.0,110.0,207.0,C,K3,0,40.0,1000.0
P000236278-004-001,9.5,23.5,2.5,0.5,0.0006,25.0,0.0146,12.5,1325.0,673.6,120.0,99.6,207.0,C,EURO,0,53.0,1325.0
P000236292-001-001,2.5,26.5,9.0,0.5,0.0006,25.0,0.0132,13.0,1500.0,742.0,120.0,135.6,207.0,A,EURO,0,60.0,1500.0
P000236292-001-003,26.0,9.0,2.3,0.49,0.0005,,,,1400.0,727.0,120.0,95.6,205.0,C,EURO,0,,1400.0
P000236292-001-004,26.3,9.0,2.5,0.51,0.0006,,,,1000.0,512.0,120.0,95.6,205.0,C,EURO,0,,1000.0
P000236293-001-001,26.0,9.0,2.5,0.51,0.0006,25.0,0.0137,12.75,750.0,384.0,120.0,95.6,207.0,A,EURO,0,30.0,750.0
P000236293-001-002,2.0,23.5,8.5,0.48,0.0004,25.0,0.0105,12.28,3600.0,1720.0,120.0,165.6,207.0,C,EURO,0,144.0,3600.0
P000236293-001-004,24.0,7.5,2.2,0.4815,0.0004,,,,1500.0,723.0,120.0,66.0,205.0,C,EURO,0,,1500.0
P000236305-001-001,26.5,9.0,2.0,0.5,0.0005,25.0,0.0137,12.5,750.0,377.0,120.0,95.6,207.0,B,EURO,0,30.0,750.0
P000236305-001-004,26.0,8.5,2.0,0.5,0.0004,25.0,0.0136,12.5,1350.0,675.0,120.0,90.0,207.0,B,EURO,0,54.0,1350.0
P000236305-001-005,26.0,9.0,2.5,0.5,0.0006,25.0,0.01,7.5,1500.0,452.0,120.0,105.6,207.0,B,EURO,0,60.0,1500.0
P000236305-001-008,26.0,9.0,2.0,0.52,0.0005,25.0,0.0134,13.0,600.0,314.0,120.0,65.6,207.0,C,EURO,0,24.0,600.0
P000236305-001-009,2.5,25.0,8.0,0.5,0.0005,25.0,0.0112,13.0,2000.0,1032.0,120.0,85.6,207.0,C,EURO,0,80.0,2000.0
P000236305-001-011,26.5,9.0,2.5,0.5,0.0006,25.0,0.014,12.5,950.0,500.0,120.0,150.0,205.0,C,K3,0,38.0,950.0
P000236306-001-001,2.5,26.5,8.5,0.51,0.0006,25.0,0.0151,13.0,2400.0,1216.0,120.0,165.6,207.0,A,EURO,0,96.0,2400.0
P000236306-001-002,26.0,8.0,2.0,0.46,0.0004,25.0,0.0105,11.5,750.0,347.0,120.0,95.6,207.0,C,EURO,0,30.0,750.0
P000236306-001-005,2.5,23.5,9.5,0.56,0.0006,25.0,0.0168,8.5,1350.0,477.0,120.0,108.0,207.0,A,EURO,0,54.0,1350.0
P000236306-001-006,26.0,8.0,2.0,0.47,0.0004,25.0,0.0105,12.36,1450.0,716.88,120.0,72.0,207.0,B,EURO,0,58.0,1450.0
P000236306-001-007,26.0,9.5,2.0,0.5,0.0005,25.0,0.0116,10.2,1125.0,461.0,120.0,95.6,207.0,C,EURO,0,45.0,1125.0
P000236306-001-008,2.5,23.5,9.5,0.56,0.0006,25.0,0.0168,14.25,800.0,458.0,120.0,135.6,207.0,C,EURO,0,32.0,800.0
P000236306-001-010,26.0,9.0,2.0,0.52,0.0005,25.0,0.0132,13.0,600.0,314.0,120.0,65.6,207.0,B,EURO,0,24.0,600.0
P000236306-001-011,26.0,8.5,2.3,0.5,0.0005,25.0,0.0108,12.5,1200.0,600.0,120.0,80.0,205.0,C,EURO,0,48.0,1200.0
P000236306-001-013,26.5,8.5,2.5,0.51,0.0006,25.0,0.0138,12.75,500.0,280.0,120.0,110.0,205.0,C,K3,0,20.0,500.0
P000236306-001-015,26.5,9.0,2.0,0.5,0.0005,14.0,0.0129,7.0,588.0,294.0,120.0,80.5,207.0,C,EURO,0,42.0,588.0
P000236326-002-001,10.5,5.0,1.5,0.28,0.0001,100.0,0.0101,28.0,8000.0,490.6,120.0,120.0,203.0,C,K3,0,80.0,8000.0
P000236331-003-001,1.5,11.5,5.5,0.281,0.0001,64.0,0.0113,18.31,3072.0,893.0,120.0,100.0,203.0,C,EURO,0,48.0,3072.0
P000236333-002-001,1.5,11.5,5.5,0.281,0.0001,100.0,0.0113,28.5,1600.0,452.0,120.0,95.6,203.0,C,EURO,0,16.0,1600.0
P000236335-002-001,10.5,5.5,1.5,0.28,0.0001,100.0,0.0109,28.0,1600.0,450.0,120.0,75.6,203.0,C,EURO,0,16.0,1600.0
P000236336-001-001,26.5,8.5,2.5,0.46,0.0006,10.0,0.0135,11.5,400.0,460.0,120.0,85.6,207.0,B,K3,0,40.0,400.0
P000236336-001-004,2.5,26.5,8.5,0.46,0.0006,25.0,0.0141,11.7,1000.0,493.0,120.0,180.0,207.0,B,K3,0,40.0,1000.0
P000236336-001-005,2.2,26.0,7.2,0.42,0.0004,25.0,0.0105,10.25,1500.0,600.0,120.0,85.6,207.0,C,EURO,0,60.0,1500.0
P000236342-001-001,2.5,26.0,9.0,0.45,0.0006,25.0,0.0148,12.0,975.0,493.0,120.0,100.0,207.0,B,K3,0,39.0,975.0
P000236342-001-002,27.0,9.0,3.0,0.5,0.0007,,,,864.0,432.0,120.0,81.0,205.0,C,EURO,0,,864.0
P000236344-001-001,26.0,8.0,2.0,0.5,0.0004,25.0,0.0137,15.0,800.0,480.0,120.0,80.0,207.0,C,EURO,0,32.0,800.0
P000236344-001-002,26.5,8.5,2.5,0.5,0.0006,25.0,0.0137,12.5,500.0,275.0,120.0,100.0,207.0,C,K3,0,20.0,500.0
P000236347-001-001,26.5,8.5,2.5,0.48,0.0006,25.0,0.0133,12.0,800.0,384.0,120.0,80.0,207.0,B,EURO,0,32.0,800.0
P000236347-001-002,26.5,8.5,2.0,0.5,0.0005,15.0,0.0105,8.0,9999.0,9999.0,120.0,150.0,205.0,C,K2,0,666.6,9999.0
P000236347-001-004,26.5,8.5,2.5,0.5,0.0006,25.0,0.0141,12.5,800.0,400.0,120.0,84.0,207.0,B,EURO,0,32.0,800.0
P000236351-001-001,14.0,6.5,2.5,0.18,0.0002,60.0,0.025,10.8,1440.0,284.0,120.0,100.0,207.0,C,K3,0,24.0,1440.0
P000236351-005-001,2.0,14.0,9.0,0.25,0.0003,90.0,0.0245,23.0,1800.0,485.0,120.0,90.0,207.0,C,K3,0,20.0,1800.0
P000236363-001-001,20.5,7.5,29.0,0.37,0.0045,50.0,0.0233,18.5,1500.0,555.0,120.0,95.0,207.0,A,EURO,0,30.0,1500.0
P000236363-001-003,20.0,7.0,2.0,0.38,0.0003,50.0,0.0223,19.0,1000.0,382.0,120.0,95.6,207.0,C,EURO,0,20.0,1000.0
P000236363-002-001,2.0,20.0,9.5,0.4,0.0004,50.0,0.033,20.0,1000.0,425.0,120.0,100.0,207.0,B,K3,0,20.0,1000.0
P000236363-004-001,21.0,9.0,3.0,0.35,0.0006,,,,9999.0,9999.0,9999.0,9999.0,205.0,C,K3,0,,9999.0
P000236363-010-001,20.5,7.5,2.0,0.37,0.0003,,,,1100.0,432.0,120.0,110.0,207.0,C,K3,0,,1100.0
P000236363-020-001,20.5,7.5,2.0,0.38,0.0003,,,,1200.0,481.0,120.0,110.0,207.0,C,EURO,0,,1200.0
P000236375-001-001,3.0,27.0,7.0,0.5,0.0006,25.0,0.0144,13.0,750.0,415.0,120.0,80.0,205.0,C,K3,0,30.0,750.0
P000236375-001-002,8.0,26.5,2.5,0.49,0.0005,,,,1125.0,551.25,120.0,62.5,207.0,C,EURO,0,,1125.0
P000236375-001-003,26.5,9.0,2.5,0.6,0.0006,25.0,0.0144,15.0,800.0,480.0,120.0,84.0,207.0,C,EURO,0,32.0,800.0
P000236375-001-004,8.0,26.5,2.5,0.63,0.0005,,,,500.0,477.0,120.0,785.6,207.0,C,K3,0,,500.0
P000236520-001-001,17.0,5.2,0.5,1.93,0.0,,,,100.0,218.0,120.0,110.0,207.0,C,K3,0,,100.0
P000236520-003-001,18.0,8.0,5.0,0.03,0.0007,50.0,0.0009,1.91,18800.0,718.16,120.0,39.0,205.0,C,K3,0,376.0,18800.0
P000236520-004-001,17.5,3.5,0.12,0.03,0.0,500.0,0.0106,10.0,999999.0,9999.0,120.0,120.0,207.0,C,K3,0,1999.998,999999.0
P000236520-005-001,17.0,4.0,0.5,0.04,0.0,500.0,0.0104,18.0,18000.0,648.0,120.0,45.0,207.0,B,EURO,0,36.0,18000.0
P000236521-001-001,5.0,17.5,0.1,0.04,0.0,,,,9999.0,9999.0,9999.0,9999.0,207.0,C,K3,0,,9999.0
P000236521-001-002,5.0,17.5,0.1,0.04,0.0,,,,9999.0,9999.0,9999.0,9999.0,207.0,C,K3,0,,9999.0
P000236521-001-004,17.5,5.0,0.01,0.03,0.0,500.0,0.0105,15.0,9999.0,9999.0,9999.0,9999.0,205.0,C,K3,0,19.998,9999.0
P000236521-002-001,5.0,17.5,0.1,0.04,0.0,,,,9999.0,9999.0,9999.0,9999.0,205.0,C,K1,0,,9999.0
P000236521-002-002,5.0,17.5,0.1,0.03,0.0,,,,9999.0,9999.0,9999.0,9999.0,205.0,C,K1,0,,9999.0
P000236521-002-003,17.5,5.0,0.2,0.04,0.0,200.0,0.0091,8.0,12000.0,480.0,120.0,70.0,205.0,C,K3,0,60.0,12000.0
P000236521-002-004,17.0,5.0,0.01,0.03,0.0,500.0,0.0106,15.0,9999.0,9999.0,9999.0,9999.0,207.0,C,K3,0,19.998,9999.0
P000236522-001-001,17.5,5.0,0.01,0.04,0.0,500.0,0.0107,20.0,11000.0,465.0,120.0,90.0,207.0,B,K3,0,22.0,11000.0
P000236522-001-004,17.5,5.0,0.1,0.03,0.0,400.0,0.0116,14.48,20000.0,724.0,120.0,73.5,207.0,C,EURO,0,50.0,20000.0
P000236523-001-001,22.0,3.5,0.1,0.01,0.0,200.0,0.0039,6.8,28000.0,944.0,120.0,135.6,207.0,C,EURO,0,140.0,28000.0
P000236526-001-001,4.5,13.5,0.2,0.02,0.0,500.0,0.0106,11.212,24000.0,538.176,120.0,78.4,207.0,C,EURO,0,48.0,24000.0
P000236533-001-001,11.5,2.0,0.2,0.03,0.0,,,,9999.0,9999.0,9999.0,9999.0,207.0,C,K3,0,,9999.0
P000236535-001-001,23.0,8.0,0.4,0.0525,0.0001,,,,9999.0,9999.0,9999.0,9999.0,207.0,C,K1,0,,9999.0
P000236535-002-001,23.0,8.0,0.4,0.0525,0.0001,,,,9100.0,477.0,120.0,95.6,207.0,C,EURO,0,,9100.0
P000236538-002-001,17.0,4.0,0.2,0.04,0.0,,,,9999.0,9999.0,9999.0,9999.0,207.0,C,K3,0,,9999.0
P000236540-001-001,2.0,2.0,0.2,0.06,0.0,,,,9999.0,9999.0,9999.0,9999.0,207.0,C,K3,0,,9999.0
P000236544-001-001,31.0,9.5,2.5,0.63,0.0007,,,,100.0,65.0,120.0,95.6,205.0,C,EURO,0,,100.0
P000236544-001-002,1.5,0.5,0.3,1.06,0.0,,,,100.0,108.0,120.0,95.6,205.0,C,EURO,0,,100.0
P000236544-001-003,30.0,10.0,3.0,0.9,0.0009,,,,792.0,727.0,120.0,100.0,207.0,C,K3,0,,792.0
P000236544-001-004,31.0,8.0,2.5,0.84,0.0006,,,,9999.0,9999.0,9999.0,9999.0,207.0,C,K3,0,,9999.0
P000236544-001-005,1.7,0.6,0.4,1.1,0.0,,,,100.0,112.0,120.0,95.6,205.0,C,EURO,0,,100.0
P000236559-001-001,15.0,7.5,3.0,0.28,0.0003,,,,1650.0,487.0,120.0,110.0,207.0,B,K3,0,,1650.0
P000236559-001-002,15.0,8.0,1.5,0.28,0.0002,30.0,0.0107,8.4,1080.0,327.0,120.0,80.0,207.0,B,K3,0,36.0,1080.0
P000236559-001-003,14.5,8.0,2.5,0.35,0.0003,30.0,0.0104,10.5,1320.0,487.0,120.0,120.0,207.0,B,K3,0,44.0,1320.0
P000236559-001-004,15.0,9.0,2.5,0.31,0.0003,30.0,0.0105,9.3,1200.0,397.0,120.0,80.0,207.0,C,K3,0,40.0,1200.0
P000236568-001-002,26.5,7.0,3.0,0.48,0.0006,,,,9999.0,9999.0,9999.0,9999.0,207.0,C,K3,0,,9999.0
P000236582-001-001,26.5,8.5,2.5,0.66,0.0006,25.0,0.0133,16.5,700.0,487.0,120.0,90.0,207.0,B,K3,0,28.0,700.0
P000236582-001-002,2.5,26.5,8.5,0.7,0.0006,25.0,0.0138,17.5,650.0,480.0,120.0,100.0,207.0,B,K3,0,26.0,650.0
P000236582-001-003,26.0,9.0,2.5,0.71,0.0006,25.0,0.0151,17.75,600.0,451.0,120.0,80.0,207.0,B,K3,0,24.0,600.0
P000236582-001-004,26.0,9.0,2.0,0.72,0.0005,25.0,0.0138,18.0,650.0,493.0,120.0,120.0,207.0,B,K3,0,26.0,650.0
P000236582-001-005,26.5,10.0,2.5,0.77,0.0007,25.0,0.0155,19.25,600.0,487.0,120.0,100.0,207.0,B,K3,0,24.0,600.0
P000236582-001-006,26.5,10.5,2.5,0.83,0.0007,25.0,0.0261,20.75,550.0,481.5,120.0,90.0,207.0,B,K3,0,22.0,550.0
P000236582-001-007,26.5,8.5,2.5,0.5,0.0006,25.0,0.0142,12.5,875.0,462.5,120.0,100.0,207.0,B,K3,0,35.0,875.0
P000236582-001-008,26.5,9.0,2.5,0.68,0.0006,25.0,0.0148,17.0,600.0,433.0,120.0,100.0,207.0,B,K3,0,24.0,600.0
P000236582-001-009,2.5,26.5,9.0,0.72,0.0006,24.0,0.027,17.28,576.0,439.72,120.0,180.0,207.0,B,K3,0,24.0,576.0
P000236582-001-010,26.0,9.0,2.0,0.73,0.0005,25.0,0.0136,18.25,500.0,390.0,120.0,80.0,207.0,B,K3,0,20.0,500.0
P000236582-001-011,27.0,10.0,25.0,0.4,0.0068,25.0,0.0154,10.0,800.0,322.0,120.0,95.6,207.0,B,EURO,0,32.0,800.0
P000236582-001-012,26.0,10.5,3.0,0.8,0.0008,25.0,0.0256,20.0,800.0,617.0,120.0,85.6,207.0,C,EURO,0,32.0,800.0
P000236582-001-013,26.5,8.5,2.5,0.65,0.0006,25.0,0.0135,16.25,1500.0,392.0,120.0,95.6,207.0,C,EURO,0,60.0,1500.0
P000236582-001-014,26.5,8.5,2.5,0.68,0.0006,25.0,0.0144,17.0,999999.0,9999.0,120.0,120.0,207.0,C,K3,0,39999.96,999999.0
P000236582-001-015,26.5,9.0,2.5,0.71,0.0006,25.0,0.0137,17.75,500.0,352.0,120.0,65.6,207.0,C,EURO,0,20.0,500.0
P000236582-001-016,26.0,10.0,2.0,0.7,0.0005,,,,20.0,29.0,120.0,110.0,205.0,C,K3,0,,20.0
P000236582-001-017,2.5,26.0,10.0,0.77,0.0006,25.0,0.0147,19.25,900.0,708.0,120.0,180.0,205.0,C,K3,0,36.0,900.0
P000236582-001-018,15.0,12.0,6.0,0.42,0.0011,20.0,0.0239,8.4,1000.0,999.0,120.0,150.0,205.0,C,K3,0,50.0,1000.0
P000236582-001-019,26.5,8.5,2.5,0.65,0.0006,25.0,0.0132,16.25,650.0,473.0,120.0,110.0,207.0,C,K3,0,26.0,650.0
P000236582-001-020,35.0,6.5,2.5,0.7,0.0006,25.0,0.0132,17.5,650.0,480.0,120.0,150.0,207.0,B,K3,0,26.0,650.0
P000236582-001-021,26.5,8.5,2.5,0.7,0.0006,25.0,0.0142,17.7,650.0,467.0,120.0,110.0,207.0,C,K3,0,26.0,650.0
P000236582-001-022,26.0,9.0,2.2,0.65,0.0005,,,,9999.0,9999.0,9999.0,9999.0,205.0,C,K3,0,,9999.0
P000236582-001-023,26.0,10.0,2.5,0.76,0.0006,25.0,0.014,19.0,800.0,608.0,120.0,80.0,205.0,C,EURO,0,32.0,800.0
P000236582-001-024,25.5,10.0,2.5,0.82,0.0006,25.0,0.0284,20.0,600.0,477.0,120.0,85.6,205.0,C,EURO,0,24.0,600.0
P000236582-001-025,26.5,9.0,2.5,0.65,0.0006,,,,20.0,38.0,120.0,110.0,207.0,C,EURO,0,,20.0
P000236582-001-026,26.5,9.0,2.5,0.69,0.0006,,,,660.0,480.4,120.0,100.0,207.0,C,K3,0,,660.0
P000236582-001-027,26.0,9.0,2.0,0.71,0.0005,25.0,0.0112,17.75,9999.0,9999.0,120.0,100.0,207.0,C,K3,0,399.96,9999.0
P000236582-001-028,26.5,8.5,2.5,0.65,0.0006,25.0,0.0132,16.25,700.0,480.0,120.0,80.0,207.0,B,K3,0,28.0,700.0
P000236582-001-029,26.5,9.0,2.5,0.7,0.0006,,,,640.0,473.0,120.0,100.0,207.0,B,K3,0,,640.0
P000236582-001-030,26.5,9.0,2.0,0.7,0.0005,25.0,0.0139,17.5,9999.0,9999.0,120.0,150.0,207.0,C,K3,0,399.96,9999.0
P000236582-002-001,26.5,8.5,2.5,0.6,0.0006,25.0,0.0151,15.0,600.0,362.0,120.0,65.6,207.0,C,EURO,0,24.0,600.0
P000236582-002-002,26.5,9.0,2.5,0.66,0.0006,25.0,0.014,16.5,750.0,472.0,120.0,65.6,207.0,C,EURO,0,30.0,750.0
P000236582-002-003,26.5,8.5,2.5,0.7,0.0006,25.0,0.0144,17.5,9999.0,999.0,120.0,100.0,207.0,C,K3,0,399.96,9999.0
P000236582-002-004,27.0,9.0,1.0,0.7,0.0002,,,,9999.0,9999.0,9999.0,9999.0,207.0,C,K3,0,,9999.0
P000236582-002-005,26.5,9.0,2.5,0.65,0.0006,25.0,0.0137,16.25,999999.0,9999.0,120.0,120.0,207.0,C,EURO,0,39999.96,999999.0
P000236582-002-006,10.0,23.5,2.5,0.65,0.0006,,,,730.0,499.5,120.0,110.0,207.0,C,K3,0,,730.0
P000236582-003-001,8.5,26.5,2.5,0.66,0.0006,4.0,0.0146,2.88,728.0,477.0,120.0,95.6,205.0,C,EURO,0,182.0,728.0
P000236582-003-002,26.5,9.0,2.0,0.68,0.0005,25.0,0.014,17.0,650.0,467.0,120.0,110.0,207.0,C,K3,0,26.0,650.0
P000236582-003-003,26.5,9.0,2.3,0.7,0.0005,,,,9999.0,9999.0,9999.0,9999.0,207.0,C,K3,0,,9999.0
P000236582-003-004,26.0,8.5,0.7,0.68,0.0002,,,,20.0,527.0,120.0,95.6,207.0,C,EURO,0,,20.0
P000236582-003-005,26.5,8.5,2.5,0.65,0.0006,25.0,0.0137,16.25,600.0,382.0,120.0,65.6,207.0,C,EURO,0,24.0,600.0
P000236582-003-006,27.0,8.0,2.0,0.7,0.0004,20.0,0.018,15.0,600.0,452.0,120.0,95.6,207.0,C,EURO,0,30.0,600.0
P000236600-001-001,31.0,8.0,3.0,0.6,0.0007,25.0,0.0261,15.0,600.0,375.0,120.0,110.0,207.0,B,K3,0,24.0,600.0
P000236600-001-002,31.0,8.5,3.0,0.7,0.0008,25.0,0.0261,17.5,500.0,350.0,120.0,90.0,207.0,A,EURO,0,20.0,500.0
P000236600-001-003,31.0,8.5,3.0,0.72,0.0008,25.0,0.0258,18.0,9999.0,999.0,120.0,100.0,207.0,B,K3,0,399.96,9999.0
P000236600-001-004,31.0,9.0,3.0,0.74,0.0008,25.0,0.0267,18.5,400.0,325.0,120.0,100.0,207.0,B,K3,0,16.0,400.0
P000236600-001-005,31.0,9.5,3.0,0.79,0.0009,,,,580.0,483.2,120.0,100.0,207.0,B,K3,0,,580.0
P000236600-001-006,30.0,11.0,3.0,0.85,0.001,,,,540.0,484.0,120.0,100.0,207.0,C,K3,0,,540.0
P000236600-001-007,31.5,8.0,3.0,0.65,0.0008,25.0,0.0268,16.25,600.0,452.0,120.0,95.6,207.0,B,EURO,0,24.0,600.0
P000236600-001-008,31.0,8.0,2.5,0.68,0.0006,25.0,0.0281,17.0,600.0,433.0,120.0,110.0,207.0,B,K3,0,24.0,600.0
P000236600-001-009,31.0,9.0,3.0,0.72,0.0008,,,,858.0,609.0,120.0,85.6,207.0,B,EURO,0,,858.0
P000236600-001-010,30.0,9.0,3.0,0.8,0.0008,50.0,0.0247,20.0,1000.0,999.0,120.0,150.0,207.0,B,K3,0,20.0,1000.0
P000236600-001-011,30.0,10.0,2.0,0.8,0.0006,25.0,0.0165,20.0,575.0,485.0,120.0,100.0,207.0,B,K3,0,23.0,575.0
P000236600-001-012,30.5,10.5,2.5,0.83,0.0008,25.0,0.0245,20.75,550.0,481.5,120.0,100.0,207.0,C,K3,0,22.0,550.0
P000236600-002-001,31.0,7.0,3.0,0.66,0.0007,,,,810.0,536.0,120.0,95.6,205.0,C,EURO,0,,810.0
P000236600-002-002,30.0,10.0,2.5,0.656,0.0008,,,,9999.0,9999.0,9999.0,9999.0,205.0,C,K1,0,,9999.0
P000236608-001-001,6.0,27.0,2.5,0.5,0.0004,25.0,0.0151,13.0,900.0,493.0,120.0,100.0,207.0,A,K3,0,36.0,900.0
P000236608-001-003,27.5,6.0,2.5,0.55,0.0004,20.0,0.0143,11.0,400.0,245.0,120.0,80.0,207.0,B,EURO,0,20.0,400.0
P000236608-001-004,27.0,5.5,2.5,0.47,0.0004,20.0,0.0168,9.5,800.0,405.0,120.0,100.0,207.0,A,K3,0,40.0,800.0
P000236608-001-005,35.0,6.0,2.5,0.51,0.0005,25.0,0.0151,12.8,900.0,485.8,120.0,100.0,207.0,B,K3,0,36.0,900.0
P000236608-001-006,27.0,6.0,2.5,0.5,0.0004,25.0,0.0151,12.5,500.0,275.0,120.0,80.0,207.0,B,K3,0,20.0,500.0
P000236608-002-001,27.0,6.0,2.5,0.54,0.0004,25.0,0.0136,13.5,999999.0,9999.0,120.0,120.0,207.0,C,K3,0,39999.96,999999.0
P000236608-002-003,27.0,6.0,2.5,0.6,0.0004,25.0,0.0134,15.0,9999.0,9999.0,120.0,150.0,207.0,C,K3,0,399.96,9999.0
P000236608-002-004,27.0,5.5,2.5,0.53,0.0004,25.0,0.0147,13.25,1000.0,500.0,120.0,120.0,207.0,C,K3,0,40.0,1000.0
P000236608-002-005,27.0,6.0,3.0,0.25,0.0005,,,,1000.0,252.0,120.0,95.6,205.0,C,EURO,0,,1000.0
P000236649-001-001,13.0,8.0,3.0,0.39,0.0003,60.0,0.0176,15.6,1920.0,477.0,120.0,95.6,207.0,C,EURO,0,32.0,1920.0
P000236649-001-002,3.5,10.0,10.0,0.4,0.0004,5.0,0.0019,2.13,840.0,359.0,120.0,85.6,207.0,C,EURO,0,168.0,840.0
P000236664-001-003,15.0,12.0,2.5,0.72,0.0004,20.0,0.0223,14.4,9999.0,9999.0,120.0,150.0,207.0,C,K3,0,499.95,9999.0
P000236664-001-004,13.0,12.0,2.5,0.42,0.0004,20.0,0.0245,8.4,480.0,226.0,120.0,110.0,207.0,C,K3,0,24.0,480.0
P000236664-001-005,14.0,12.0,4.0,0.7,0.0007,30.0,0.0355,21.76,720.0,522.24,120.0,107.6,207.0,C,EURO,0,24.0,720.0
P000236664-001-006,15.0,11.0,4.0,0.69,0.0007,,,,1000.0,692.0,120.0,95.6,207.0,C,EURO,0,,1000.0
P000236664-001-007,14.0,12.0,7.0,0.7,0.0012,40.0,0.0262,18.0,720.0,326.0,120.0,95.6,207.0,B,EURO,0,18.0,720.0
P000236664-001-008,15.0,12.0,5.0,0.55,0.0009,,,,100.0,57.0,120.0,95.6,207.0,C,EURO,0,,100.0
P000236664-001-009,15.5,10.0,5.5,0.7,0.0009,20.0,0.0278,14.0,320.0,226.0,120.0,95.6,207.0,C,EURO,0,16.0,320.0
P000236664-001-010,15.0,10.0,5.0,0.65,0.0008,20.0,0.0327,13.0,240.0,158.0,120.0,65.6,207.0,C,EURO,0,12.0,240.0
P000236664-001-011,14.0,13.0,2.5,0.75,0.0005,15.0,0.0228,10.0,1000.0,999.0,120.0,150.0,207.0,C,K3,0,66.6667,1000.0
P000236664-001-012,14.0,13.0,2.5,0.75,0.0005,7.0,0.008,3.0,420.0,182.0,120.0,65.6,207.0,C,EURO,0,60.0,420.0
P000236760-001-001,6.0,3.0,0.01,0.01,0.0,25.0,0.0001,0.25,47500.0,500.0,120.0,90.0,207.0,C,K2,0,1900.0,47500.0
P000236761-001-001,6.0,3.0,0.01,0.01,0.0,400.0,0.0038,5.0,30000.0,400.0,120.0,90.0,207.0,C,K3,0,75.0,30000.0
P000237146-001-001,4.0,7.0,7.0,10.3,0.0002,49.0,0.0139,15.0,2940.0,915.0,120.0,100.0,207.0,C,K3,0,60.0,2940.0
P000237147-001-001,6.5,6.5,3.5,0.2,0.0001,47.0,0.0152,10.0,1974.0,450.0,120.0,110.0,207.0,B,K3,0,42.0,1974.0
P000237148-001-001,6.5,6.5,3.5,0.26,0.0001,49.0,0.0143,13.2,1700.0,467.0,120.0,110.0,207.0,C,K3,0,34.6939,1700.0
P000237149-001-001,6.5,3.5,6.5,0.28,0.0001,49.0,0.0144,13.72,2940.0,838.3,120.0,180.0,207.0,C,K3,0,60.0,2940.0
P000237151-001-001,6.5,6.5,3.5,0.29,0.0001,,,,9999.0,9999.0,9999.0,9999.0,205.0,C,K1,0,,9999.0
P000237467-001-001,17.0,0.1,4.0,0.01,0.0,300.0,0.0049,5.0,9600.0,162.0,120.0,85.6,203.0,A,EURO,0,32.0,9600.0
P000237467-003-001,17.0,5.0,0.1,0.05,0.0,100.0,0.0009,5.0,72000.0,3615.0,120.0,150.0,205.0,C,K3,0,720.0,72000.0
P000237467-004-001,17.5,7.5,4.5,0.05,0.0006,300.0,0.0059,14.23,9000.0,428.0,120.0,65.6,203.0,B,EURO,0,30.0,9000.0
P000237467-006-001,4.0,17.0,0.1,0.05,0.0,,,,9999.0,9999.0,9999.0,9999.0,203.0,C,K1,0,,9999.0
P000237467-007-001,17.0,5.0,0.01,0.03,0.0,50.0,0.0007,1.5,15800.0,499.0,120.0,110.0,205.0,C,K3,0,316.0,15800.0
P000237467-008-001,4.0,17.0,0.1,0.04,0.0,,,,9999.0,9999.0,9999.0,9999.0,203.0,C,K3,0,,9999.0
P000237467-009-001,0.2,5.0,17.0,0.05,0.0,,,,9999.0,9999.0,9999.0,9999.0,203.0,C,K1,0,,9999.0
P000237467-010-001,17.0,3.2,0.01,0.03,0.0,,,,22500.0,677.0,120.0,95.6,205.0,C,EURO,0,,22500.0
P000237468-001-001,17.0,2.5,0.3,0.06,0.0,300.0,0.0063,18.0,9999.0,9999.0,9999.0,9999.0,203.0,C,K3,0,33.33,9999.0
P000237469-001-001,4.0,17.0,0.1,0.04,0.0,,,,9999.0,9999.0,9999.0,9999.0,203.0,C,K1,0,,9999.0
P000237469-002-001,17.0,4.8,0.1,0.05,0.0,300.0,0.0059,14.32,21600.0,1045.0,120.0,180.0,205.0,C,K3,0,72.0,21600.0
P000238085-001-001,18.0,17.5,2.0,0.33,0.0006,20.0,0.021,7.7,840.0,269.0,120.0,135.6,203.0,B,EURO,0,42.0,840.0
P000238086-001-001,20.0,16.5,7.5,0.63,0.0025,20.0,0.0523,13.3,160.0,98.0,120.0,85.6,203.0,C,EURO,0,8.0,160.0
P000238087-001-001,2.7,17.5,17.5,0.38,0.0008,20.0,0.0204,7.2,960.0,368.0,120.0,115.6,203.0,B,EURO,0,48.0,960.0
P000238088-001-001,17.5,3.0,17.0,0.38,0.0009,20.0,0.021,9.0,800.0,352.0,120.0,85.6,203.0,C,EURO,0,40.0,800.0
P000238096-001-001,16.0,18.0,6.0,0.38,0.0017,50.0,0.022,19.0,1600.0,610.0,120.0,95.6,203.0,C,EURO,0,32.0,1600.0
P000238097-001-001,6.0,6.0,0.99,0.43,0.0,20.0,0.021,8.6,900.0,379.0,120.0,85.6,203.0,C,EURO,0,45.0,900.0
P000238098-001-001,11.0,5.0,5.0,0.32,0.0003,40.0,0.0374,9.0,640.0,136.0,120.0,85.6,203.0,C,EURO,0,16.0,640.0
P000238099-001-001,6.0,6.0,0.99,0.09,0.0,100.0,0.022,10.48,3600.0,332.0,120.0,85.6,203.0,B,EURO,0,36.0,3600.0
P000238100-001-001,5.0,5.0,2.0,0.1,0.0,100.0,0.0197,10.0,3800.0,477.0,120.0,95.6,203.0,A,EURO,0,38.0,3800.0
P000238101-001-001,5.5,5.5,1.0,0.09,0.0,100.0,0.019,9.0,2800.0,277.0,120.0,100.0,203.0,A,EURO,0,28.0,2800.0
P000238101-001-100,5.0,5.0,2.0,0.1,0.0,20.0,0.0034,2.1,4000.0,420.0,120.0,85.0,203.0,C,EURO,0,200.0,4000.0
P000238102-001-001,12.0,9.5,3.0,0.2,0.0003,20.0,0.0036,4.0,1900.0,380.0,120.0,85.6,203.0,A,EURO,0,95.0,1900.0
P000238103-001-001,5.5,5.5,4.0,0.22,0.0001,50.0,0.0206,11.0,1200.0,264.0,120.0,78.0,203.0,B,EURO,0,24.0,1200.0
P000238104-001-001,5.0,5.0,5.5,0.5,0.0001,50.0,0.0205,10.0,1500.0,302.0,120.0,115.6,203.0,B,EURO,0,30.0,1500.0
P000238105-001-001,15.5,6.0,13.0,0.33,0.0012,50.0,0.0211,6.6,1500.0,200.0,120.0,95.6,203.0,C,EURO,0,30.0,1500.0
P000238106-001-001,15.0,15.0,2.0,0.5,0.0004,20.0,0.015,9.0,960.0,477.0,120.0,95.6,203.0,C,EURO,0,48.0,960.0
P000238108-001-001,14.5,14.0,3.0,0.35,0.0006,20.0,0.0241,7.0,800.0,280.0,120.0,102.5,203.0,C,EURO,0,40.0,800.0
P000238109-001-001,14.0,14.0,7.0,0.46,0.0014,20.0,0.0234,7.2,800.0,288.0,120.0,80.0,203.0,C,EURO,0,40.0,800.0
P000238110-001-001,16.0,14.0,6.5,0.4,0.0015,20.0,0.0233,8.0,800.0,320.0,120.0,105.0,203.0,C,EURO,0,40.0,800.0
P000238111-001-001,16.5,15.0,7.0,0.45,0.0017,20.0,0.0096,4.5,720.0,146.0,120.0,105.6,203.0,B,EURO,0,36.0,720.0
P000238112-001-001,22.0,6.0,4.0,0.43,0.0005,10.0,0.0202,4.3,300.0,131.0,120.0,95.6,203.0,C,EURO,0,30.0,300.0
P000238113-001-001,17.0,14.5,6.5,0.42,0.0016,20.0,0.0184,9.25,800.0,372.0,120.0,100.6,203.0,C,EURO,0,40.0,800.0
P000238115-001-001,7.0,3.0,1.0,0.08,0.0,100.0,0.0203,9.0,4500.0,475.0,120.0,120.0,203.0,B,EURO,0,45.0,4500.0
P000238116-001-001,7.0,3.0,1.0,0.09,0.0,100.0,0.0226,9.0,2400.0,241.0,120.0,110.0,203.0,C,K3,0,24.0,2400.0
P000238118-001-001,20.0,16.0,6.0,0.64,0.0019,20.0,0.057,16.0,360.0,279.0,120.0,165.6,205.0,C,EURO,0,18.0,360.0
P000238126-001-001,25.5,16.2,7.5,0.79,0.0031,20.0,0.074,15.9,180.0,134.0,120.0,135.6,203.0,C,EURO,0,9.0,180.0
P000238134-001-001,20.0,16.0,7.5,0.68,0.0024,20.0,0.0552,13.6,400.0,274.0,120.0,95.6,205.0,C,EURO,0,20.0,400.0
P000238149-001-001,12.5,5.0,5.0,0.43,0.0003,40.0,0.0192,17.2,960.0,410.0,120.0,95.6,203.0,C,EURO,0,24.0,960.0
P000238150-001-001,13.5,5.0,5.0,0.22,0.0003,80.0,0.0405,17.6,1920.0,354.0,120.0,95.6,203.0,B,EURO,0,24.0,1920.0
P000238152-001-001,15.0,4.5,4.5,0.23,0.0003,80.0,0.0394,18.4,2400.0,554.0,120.0,95.6,203.0,A,EURO,0,30.0,2400.0
P000238159-001-001,6.0,6.0,0.99,0.22,0.0,40.0,0.04,10.0,640.0,132.0,120.0,85.6,203.0,B,EURO,0,16.0,640.0
P000238160-001-001,50.0,8.0,5.5,0.54,0.0022,15.0,0.0351,8.1,300.0,164.0,120.0,95.6,203.0,C,EURO,0,20.0,300.0
P000238161-001-001,35.0,9.0,4.0,0.38,0.0013,15.0,0.0176,5.7,480.0,184.0,120.0,95.6,203.0,C,EURO,0,32.0,480.0
P000238162-001-001,53.0,8.0,3.0,0.57,0.0013,15.0,0.0243,8.55,720.0,407.0,120.0,75.6,203.0,C,EURO,0,48.0,720.0
P000238163-001-001,35.0,9.0,4.0,0.46,0.0013,15.0,0.0236,6.9,360.0,167.0,120.0,95.6,203.0,C,EURO,0,24.0,360.0
P000238164-001-001,34.0,13.0,6.0,0.5,0.0027,15.0,0.04,6.5,240.0,96.0,120.0,85.6,203.0,C,EURO,0,16.0,240.0
P000238165-001-001,53.5,11.5,3.5,0.61,0.0022,15.0,0.0417,9.15,210.0,128.1,120.0,143.5,207.0,C,EURO,0,14.0,210.0
P000238166-001-001,5.0,5.0,3.0,0.05,0.0001,100.0,0.0188,15.0,3000.0,452.0,120.0,95.6,203.0,C,EURO,0,30.0,3000.0
P000238167-001-001,15.0,3.0,3.0,0.18,0.0001,50.0,0.0211,9.0,999999.0,9999.0,120.0,120.0,203.0,C,K3,0,19999.98,999999.0
P000238168-001-001,18.0,3.0,3.0,0.25,0.0002,40.0,0.021,10.0,1280.0,322.0,120.0,85.6,203.0,C,EURO,0,32.0,1280.0
P000238169-001-001,17.0,7.0,3.0,0.2,0.0004,50.0,0.0221,10.0,1000.0,202.0,120.0,95.6,203.0,C,EURO,0,20.0,1000.0
P000238170-001-001,18.0,7.0,3.5,0.3,0.0004,40.0,0.0217,13.0,1000.0,277.0,120.0,95.6,203.0,C,EURO,0,25.0,1000.0
P000238171-001-001,18.0,8.0,4.0,0.18,0.0006,50.0,0.0206,9.5,1200.0,228.0,120.0,80.0,203.0,C,EURO,0,24.0,1200.0
P000238172-001-001,18.0,27.5,17.5,5.36,0.0087,40.0,0.0212,11.0,1200.0,432.0,120.0,135.6,203.0,C,EURO,0,30.0,1200.0
P000238173-001-001,22.0,17.5,8.5,2.1,0.0033,10.0,0.0191,21.0,300.0,630.0,120.0,92.5,203.0,C,EURO,0,30.0,300.0
P000238174-001-001,13.5,7.0,5.0,0.27,0.0005,40.0,0.0216,10.8,960.0,259.2,120.0,80.0,203.0,C,EURO,0,24.0,960.0
P000238178-001-001,20.0,10.0,2.5,0.3,0.0005,40.0,0.0217,12.0,2240.0,664.0,120.0,135.6,203.0,C,EURO,0,56.0,2240.0
P000238181-001-001,9.0,8.0,2.0,0.17,0.0001,50.0,0.0203,8.5,9999.0,9999.0,9999.0,9999.0,203.0,C,K3,0,199.98,9999.0
P000238183-001-001,6.5,1.0,6.5,0.05,0.0,100.0,0.0113,5.0,5400.0,285.0,120.0,100.0,203.0,B,K3,0,54.0,5400.0
P000238184-001-001,12.0,4.0,1.5,0.05,0.0001,100.0,0.0195,5.0,2400.0,145.0,120.0,100.0,203.0,B,K3,0,24.0,2400.0
P000238185-001-001,11.5,5.0,1.5,0.07,0.0001,100.0,0.0171,7.0,3600.0,338.0,120.0,95.6,203.0,C,EURO,0,36.0,3600.0
P000238186-001-001,18.0,6.0,2.0,0.19,0.0002,100.0,0.0408,19.0,1200.0,228.0,120.0,98.0,203.0,C,EURO,0,12.0,1200.0
P000238187-001-001,3.0,17.0,17.0,0.5,0.0009,10.0,0.0083,5.0,1200.0,592.0,120.0,135.6,203.0,C,EURO,0,120.0,1200.0
P000238188-001-001,2.55,2.45,2.4,0.05,0.0,100.0,0.036,5.4,2400.0,154.6,120.0,110.0,203.0,C,K3,0,24.0,2400.0
P000238189-001-001,12.0,8.0,2.0,0.06,0.0002,200.0,0.0298,12.0,4000.0,232.0,120.0,85.6,203.0,B,EURO,0,20.0,4000.0
P000238191-001-001,3.2,3.2,3.2,0.15,0.0,100.0,0.012,15.91,4500.0,715.95,120.0,78.0,203.0,A,EURO,0,45.0,4500.0
P000238192-001-001,8.0,5.0,2.0,0.042,0.0001,200.0,0.0228,8.4,5400.0,226.8,120.0,96.0,203.0,B,EURO,0,27.0,5400.0
P000238193-001-001,4.0,3.5,3.5,0.06,0.0,100.0,0.0111,6.0,4800.0,288.0,120.0,84.0,203.0,C,EURO,0,48.0,4800.0
P000238194-001-001,4.5,3.0,3.0,0.08,0.0,100.0,0.0196,8.0,2400.0,217.0,120.0,110.0,203.0,C,K3,0,24.0,2400.0
P000238195-001-001,12.0,8.0,3.0,0.08,0.0003,100.0,0.0115,8.0,5600.0,473.0,120.0,100.0,203.0,C,K3,0,56.0,5600.0
P000238196-001-001,12.0,9.0,2.5,0.14,0.0003,100.0,0.0211,14.0,4900.0,678.0,120.0,135.6,203.0,C,EURO,0,49.0,4900.0
P000238197-001-001,3.5,3.0,3.0,0.15,0.0,10.0,0.0009,1.5,3160.0,500.0,120.0,90.0,203.0,C,K3,0,316.0,3160.0
P000238198-001-001,20.0,3.0,3.0,0.37,0.0002,50.0,0.0031,3.8,4000.0,481.0,120.0,110.0,203.0,C,K3,0,80.0,4000.0
P000238200-001-001,6.0,4.0,6.0,0.2,0.0001,100.0,0.0203,21.0,2400.0,500.0,120.0,100.0,203.0,C,EURO,0,24.0,2400.0
P000238201-001-001,6.0,6.0,4.0,0.2,0.0001,100.0,0.0211,20.0,2400.0,477.0,120.0,85.6,203.0,C,EURO,0,24.0,2400.0
P000238203-001-001,27.0,16.5,7.5,1.35,0.0033,10.0,0.0382,13.5,200.0,272.0,120.0,95.6,203.0,C,EURO,0,20.0,200.0
P000238204-001-001,26.0,16.0,7.5,1.76,0.0031,10.0,0.0335,12.0,120.0,136.0,120.0,85.6,203.0,C,EURO,0,12.0,120.0
P000238205-001-001,26.0,17.0,8.0,1.34,0.0035,10.0,0.0362,14.0,180.0,233.0,120.0,135.6,203.0,C,EURO,0,18.0,180.0
P000238206-001-001,18.0,15.5,5.5,0.87,0.0015,100.0,0.0068,6.5,7000.0,457.0,120.0,95.6,203.0,C,EURO,0,70.0,7000.0
P000238210-001-001,6.0,6.0,0.99,0.37,0.0,20.0,0.0211,7.4,800.0,298.0,120.0,92.6,203.0,A,EURO,0,40.0,800.0
P000238211-001-001,14.0,16.0,5.0,0.37,0.0011,20.0,0.0215,8.2,960.0,264.0,120.0,120.6,203.0,B,EURO,0,48.0,960.0
P000238211-101-001,18.0,18.0,1.0,1.0,0.0003,,,,720.0,720.0,120.0,30.0,203.0,C,EURO,0,,720.0
P000238212-001-001,6.0,6.0,0.99,0.4,0.0,20.0,0.0211,8.7,800.0,367.0,120.0,95.6,203.0,A,EURO,0,40.0,800.0
P000238215-001-001,10.0,3.0,4.0,0.37,0.0001,20.0,0.0181,7.4,480.0,179.0,120.0,95.6,203.0,C,EURO,0,24.0,480.0
P000238216-001-001,13.5,13.5,4.0,0.38,0.0007,20.0,0.0207,7.6,640.0,245.0,120.0,85.6,203.0,C,EURO,0,32.0,640.0
P000238219-001-001,16.0,15.0,5.0,0.43,0.0012,20.0,0.0215,5.0,800.0,200.0,120.0,95.6,203.0,C,EURO,0,40.0,800.0
P000238220-001-001,16.0,15.0,5.0,0.46,0.0012,20.0,0.0216,9.2,800.0,382.0,120.0,105.6,203.0,C,EURO,0,40.0,800.0
P000238221-001-001,5.0,5.0,2.0,0.09,0.0,100.0,0.0205,9.0,2400.0,477.0,120.0,95.6,203.0,B,EURO,0,24.0,2400.0
P000238222-001-001,5.0,5.0,1.5,0.1,0.0,100.0,0.0216,10.0,2400.0,265.0,120.0,110.0,203.0,C,K3,0,24.0,2400.0
P000238238-001-001,3.5,1.0,5.0,0.02,0.0,,,,9999.0,9999.0,9999.0,9999.0,203.0,C,K1,0,,9999.0
P000238239-001-001,5.0,3.0,1.5,0.02,0.0,20.0,0.0009,0.4,400.0,33.0,120.0,110.0,203.0,C,K2,0,20.0,400.0
P000238240-001-001,5.0,3.0,1.0,0.02,0.0,20.0,0.0009,0.4,15960.0,344.2,120.0,120.0,203.0,C,K3,0,798.0,15960.0
P000238241-001-001,7.5,2.0,1.0,0.03,0.0,20.0,0.0009,0.8,999999.0,9999.0,120.0,120.0,203.0,C,K3,0,49999.95,999999.0
P000238242-001-001,7.5,3.6,0.05,0.029,0.0,200.0,0.0118,8.0,6400.0,258.0,120.0,85.6,203.0,C,EURO,0,32.0,6400.0
P000238243-001-001,0.02,4.5,7.5,0.04,0.0,,,,9999.0,9999.0,9999.0,9999.0,203.0,C,EURO,0,,9999.0
P000238244-001-001,7.5,4.5,3.0,0.03,0.0001,200.0,0.0134,6.0,6000.0,182.0,120.0,95.6,203.0,C,EURO,0,30.0,6000.0
P000238245-001-001,7.5,4.0,0.01,0.03,0.0,10.0,0.0001,10.0,10000.0,999.0,120.0,150.0,203.0,C,K3,0,1000.0,10000.0
P000238246-001-001,4.0,7.5,1.0,0.03,0.0,,,,9999.0,9999.0,9999.0,9999.0,203.0,C,K3,0,,9999.0
P000238247-001-001,4.0,7.5,1.0,0.03,0.0,,,,9999.0,9999.0,9999.0,9999.0,203.0,C,K1,0,,9999.0
P000238248-001-001,4.0,7.5,1.0,0.03,0.0,,,,9999.0,9999.0,9999.0,9999.0,203.0,C,K1,0,,9999.0
P000238249-001-001,4.0,7.5,1.0,0.03,0.0,,,,9999.0,9999.0,9999.0,9999.0,203.0,C,K1,0,,9999.0
P000238250-001-001,4.0,7.5,1.0,0.03,0.0,,,,9999.0,9999.0,9999.0,9999.0,203.0,C,K1,0,,9999.0
P000242513-001-001,12.0,0.5,0.5,0.03,0.0,50.0,0.0024,11.0,2000.0,477.0,120.0,105.6,203.0,C,EURO,0,40.0,2000.0
P000242524-001-001,107.0,4.0,1.5,0.48,0.0006,,,,950.0,458.0,120.0,95.6,205.0,C,EURO,0,,950.0
P000242542-001-001,1.5,10.0,1.0,0.05,0.0,,,,1000.0,75.0,120.0,110.0,203.0,C,K3,0,,1000.0
P000242604-001-001,14.0,0.8,0.8,0.06,0.0,250.0,0.0196,15.0,7500.0,475.0,120.0,110.0,203.0,C,K3,0,30.0,7500.0
P000242605-001-001,12.0,0.8,0.8,0.06,0.0,250.0,0.0198,15.0,7750.0,499.0,120.0,110.0,203.0,C,K3,0,31.0,7750.0
P000242683-001-001,21.0,18.0,2.0,0.56,0.0008,20.0,0.0101,5.0,1900.0,477.0,120.0,95.6,203.0,C,EURO,0,95.0,1900.0
P000242684-001-001,28.5,8.5,1.5,0.2,0.0004,40.0,0.0159,5.0,960.0,120.0,120.0,76.0,203.0,B,EURO,0,24.0,960.0
P000242685-001-001,120.0,15.0,7.0,1.3,0.0126,,,,100.0,132.0,120.0,95.6,203.0,C,EURO,0,,100.0
P000242686-001-001,135.0,8.5,4.5,0.6,0.0052,25.0,0.0371,15.5,1350.0,802.0,120.0,85.6,203.0,C,XLONGPALLET,0,54.0,1350.0
P000242687-001-001,109.0,8.5,4.5,1.4,0.0042,10.0,0.0506,14.5,150.0,477.0,120.0,105.6,203.0,C,EURO,0,15.0,150.0
P000242691-001-001,1.5,1.5,0.7,0.001,0.0,,,,1000.0,26.0,120.0,110.0,203.0,C,K1,0,,1000.0
P000242692-001-001,1.5,1.5,0.7,0.001,0.0,,,,9999.0,9999.0,9999.0,9999.0,203.0,C,K3,0,,9999.0
P000242693-001-001,1.5,1.5,0.7,0.001,0.0,,,,9999.0,9999.0,9999.0,9999.0,203.0,C,EURO,0,,9999.0
P000242694-001-001,1.5,1.5,0.7,0.001,0.0,,,,9999.0,9999.0,9999.0,9999.0,203.0,C,K1,0,,9999.0
P000242695-001-001,1.6,1.6,0.3,2.7,0.0,,,,9999.0,9999.0,9999.0,9999.0,203.0,C,K3,0,,9999.0
P000242696-001-001,1.0,1.0,0.2,0.01,0.0,2000.0,0.0016,20.5,9999.0,999.0,120.0,100.0,203.0,C,K1,0,4.9995,9999.0
P000242697-001-001,1.5,1.5,0.7,0.001,0.0,,,,9999.0,9999.0,9999.0,9999.0,203.0,C,K3,0,,9999.0
P000242698-001-001,1.2,1.2,0.3,0.01,0.0,,,,9999.0,9999.0,9999.0,9999.0,203.0,C,K3,0,,9999.0
P000242739-001-001,10.0,8.5,3.5,0.21,0.0003,10.0,0.0033,2.6,1500.0,397.0,120.0,105.6,203.0,C,EURO,0,150.0,1500.0
P000242740-001-001,15.0,10.0,4.0,2.06,0.0006,50.0,0.0204,10.57,2450.0,5039.0,120.0,135.6,203.0,C,EURO,0,49.0,2450.0
P000242741-001-001,10.0,7.5,5.0,0.23,0.0004,42.0,0.0208,9.66,504.0,427.0,120.0,95.6,203.0,C,EURO,0,12.0,504.0
P000242744-001-001,8.0,6.0,5.0,0.2,0.0002,50.0,0.0205,10.0,1200.0,240.0,120.0,76.0,203.0,C,EURO,0,24.0,1200.0
P000242751-001-001,2.5,6.5,8.5,0.1,0.0001,100.0,0.0208,10.0,1200.0,112.0,120.0,85.6,203.0,C,EURO,0,12.0,1200.0
P000242752-001-001,5.0,5.0,1.0,0.07,0.0,100.0,0.019,7.0,9999.0,9999.0,9999.0,9999.0,203.0,C,K3,0,99.99,9999.0
P000242772-001-001,16.5,9.5,6.0,0.3,0.0009,20.0,0.0239,5.7,2000.0,188.0,120.0,98.1,203.0,C,EURO,0,100.0,2000.0
P000242780-001-001,2.0,12.0,17.5,0.3,0.0004,10.0,0.0075,3.1,1000.0,252.0,120.0,85.6,203.0,C,EURO,0,100.0,1000.0
P000242781-001-001,2.5,12.0,17.5,0.24,0.0005,10.0,0.0074,2.65,610.0,142.0,120.0,65.6,203.0,C,EURO,0,61.0,610.0
P000242782-001-001,2.0,13.0,18.0,0.24,0.0005,10.0,0.0077,2.63,1000.0,265.0,120.0,95.6,203.0,C,EURO,0,100.0,1000.0
P000242831-001-001,11.5,5.0,1.5,0.28,0.0001,100.0,0.0113,28.0,2000.0,562.0,120.0,95.6,203.0,C,EURO,0,20.0,2000.0
P000242832-001-001,10.5,5.0,1.5,0.28,0.0001,100.0,0.0113,28.0,4000.0,1122.0,120.0,95.6,203.0,C,EURO,0,40.0,4000.0
P000242838-001-001,8.0,5.0,1.0,0.16,0.0,100.0,0.0059,16.0,2400.0,386.0,120.0,65.6,203.0,C,EURO,0,24.0,2400.0
P000242839-001-001,9.0,1.0,5.0,0.17,0.0,100.0,0.0065,18.0,10800.0,1828.0,120.0,85.6,203.0,C,EURO,0,108.0,10800.0
P000242840-001-001,4.5,8.5,1.0,0.17,0.0,100.0,0.0077,17.0,2700.0,477.0,120.0,105.6,203.0,C,EURO,0,27.0,2700.0
P000242841-001-001,3.0,8.0,5.0,0.17,0.0001,100.0,0.0065,18.0,10800.0,1828.0,120.0,85.6,203.0,C,EURO,0,108.0,10800.0
P000242842-001-001,8.5,4.0,1.0,0.2,0.0,100.0,0.0065,20.0,2400.0,477.0,120.0,95.6,203.0,C,EURO,0,24.0,2400.0
P000242843-001-001,4.5,9.0,1.0,0.2,0.0,100.0,0.0076,20.0,2300.0,462.0,120.0,85.6,203.0,C,EURO,0,23.0,2300.0
P000242845-001-001,8.0,4.5,1.5,0.08,0.0001,100.0,0.0079,8.0,3000.0,252.0,120.0,95.6,203.0,C,EURO,0,30.0,3000.0
P000242846-001-001,8.5,5.0,1.5,0.8,0.0001,100.0,0.0084,8.0,5000.0,402.0,120.0,75.6,203.0,C,EURO,0,50.0,5000.0
P000242847-001-001,8.0,4.5,1.5,0.08,0.0001,100.0,0.0078,8.0,4000.0,327.0,120.0,65.6,203.0,C,EURO,0,40.0,4000.0
P000242848-001-001,8.5,5.0,1.5,0.08,0.0001,100.0,0.008,8.0,5500.0,442.0,120.0,85.6,203.0,C,EURO,0,55.0,5500.0
P000242870-001-001,24.0,19.5,6.0,0.74,0.0028,10.0,0.0107,7.4,320.0,238.0,120.0,95.6,203.0,C,EURO,0,32.0,320.0
P000242871-001-001,24.5,20.0,5.0,0.75,0.0024,16.0,0.0469,12.0,256.0,194.0,120.0,95.6,203.0,C,EURO,0,16.0,256.0
P000242877-001-001,24.0,19.5,6.0,0.74,0.0028,,,,240.0,172.8,120.0,72.0,203.0,C,EURO,0,,240.0
P000242880-001-001,24.0,19.0,6.5,0.74,0.003,16.0,0.049,11.9,384.0,276.0,120.0,135.6,205.0,C,EURO,0,24.0,384.0
P000242881-001-001,25.0,20.0,6.0,0.74,0.003,16.0,0.048,12.0,288.0,205.0,120.0,135.6,203.0,C,EURO,0,18.0,288.0
P000242887-001-001,3.5,35.5,3.0,0.59,0.0004,,,,9999.0,9999.0,9999.0,9999.0,207.0,B,K3,0,,9999.0
P000242943-001-001,20.8,16.4,7.5,0.65,0.0026,20.0,0.0559,13.2,300.0,187.0,120.0,135.6,203.0,C,EURO,0,15.0,300.0
P000242945-001-001,16.5,14.0,4.0,0.38,0.0009,,,,805.0,307.9,120.0,95.6,203.0,C,EURO,0,,805.0
P000242960-001-001,16.0,12.0,2.5,0.25,0.0005,10.0,0.0074,2.57,640.0,152.0,120.0,85.6,207.0,C,EURO,0,64.0,640.0
P000242961-001-001,14.0,16.0,6.0,0.35,0.0013,20.0,0.0205,7.5,400.0,338.6,120.0,100.6,203.0,C,EURO,0,20.0,400.0
P000242963-001-001,26.0,16.5,7.5,0.79,0.0032,7.0,0.0343,5.53,140.0,112.6,120.0,95.6,203.0,C,EURO,0,20.0,140.0
P000242965-001-001,16.0,20.0,7.5,0.63,0.0024,20.0,0.0545,12.6,160.0,92.0,120.0,85.6,203.0,C,EURO,0,8.0,160.0
P000242967-001-001,2.0,16.0,15.0,0.37,0.0005,20.0,0.0209,8.29,800.0,323.0,120.0,85.6,203.0,C,EURO,0,40.0,800.0
P000242969-001-001,15.5,15.0,1.5,0.44,0.0003,50.0,0.0506,24.0,600.0,280.0,120.0,85.6,203.0,C,EURO,0,12.0,600.0
P000242970-001-001,23.0,20.0,7.0,0.56,0.0032,20.0,0.0669,11.2,400.0,402.0,120.0,95.6,203.0,C,EURO,0,20.0,400.0
P000242971-001-001,23.0,20.0,6.0,0.56,0.0028,20.0,0.0839,11.2,160.0,91.5,120.0,95.6,203.0,C,EURO,0,8.0,160.0
P000242972-001-001,5.6,15.0,15.0,0.42,0.0013,50.0,0.0493,21.0,1200.0,496.0,120.0,135.6,203.0,C,EURO,0,24.0,1200.0
P000242973-001-001,16.0,15.0,5.0,0.42,0.0012,50.0,0.0499,22.0,600.0,266.0,120.0,95.6,203.0,C,EURO,0,12.0,600.0
P000242974-001-001,23.0,21.0,6.0,1.0,0.0029,20.0,0.0674,12.0,200.0,102.0,120.0,95.6,203.0,C,EURO,0,10.0,200.0
P000242975-001-001,23.0,20.0,6.5,0.54,0.003,20.0,0.072,10.8,400.0,218.0,120.0,95.6,203.0,C,EURO,0,20.0,400.0
P000242976-001-001,23.0,20.0,6.5,0.54,0.003,,,,280.0,153.0,120.0,95.6,203.0,C,EURO,0,,280.0
P000242977-001-001,23.0,20.0,6.0,0.52,0.0028,20.0,0.0665,10.4,160.0,85.0,120.0,65.6,203.0,C,EURO,0,8.0,160.0
P000242978-001-001,21.5,18.0,8.5,0.65,0.0033,20.0,0.0724,13.0,160.0,106.0,120.0,95.6,203.0,C,EURO,0,8.0,160.0
P000242985-001-001,1.0,1.0,1.0,0.01,0.0,,,,10000.0,102.0,120.0,95.6,210.0,C,EURO,0,,10000.0
P000242988-001-001,20.0,16.0,7.5,0.73,0.0024,,,,360.0,287.0,120.0,110.0,203.0,C,EURO,0,,360.0
P000242989-001-001,12.0,1.0,1.0,0.3,0.0,40.0,0.0363,9.0,720.0,162.0,120.0,108.0,203.0,C,EURO,0,18.0,720.0
P000243081-001-001,26.0,4.5,3.5,0.3,0.0004,40.0,0.0394,18.0,480.0,216.0,120.0,72.0,203.0,B,EURO,0,12.0,480.0
P000243082-001-001,52.0,2.5,1.5,0.3,0.0002,50.0,0.0385,15.0,900.0,270.0,120.0,84.0,203.0,C,EURO,0,18.0,900.0
P000243083-001-001,30.0,2.5,1.5,0.2,0.0001,50.0,0.023,10.0,1500.0,302.0,120.0,105.6,203.0,A,EURO,0,30.0,1500.0
P000243167-001-001,2.0,12.0,18.0,0.35,0.0004,10.0,0.0083,3.71,800.0,298.0,120.0,77.0,203.0,C,EURO,0,80.0,800.0
P000243168-001-001,2.5,12.0,17.5,0.29,0.0005,10.0,0.0076,3.4,1000.0,282.0,120.0,85.6,203.0,C,EURO,0,100.0,1000.0
P000243169-001-001,2.0,12.0,17.5,0.3,0.0004,10.0,0.0079,3.26,800.0,262.5,120.0,73.6,203.0,C,EURO,0,80.0,800.0
P000243170-001-001,2.0,13.0,18.0,0.31,0.0005,10.0,0.0083,3.25,1000.0,327.0,120.0,93.6,203.0,C,EURO,0,100.0,1000.0
P000243171-001-001,2.0,13.0,18.0,0.29,0.0005,10.0,0.008,3.11,1000.0,313.0,120.0,93.6,203.0,C,EURO,0,100.0,1000.0
P000243172-001-001,17.5,12.0,2.0,0.27,0.0004,10.0,0.0004,3.44,1000.0,286.0,120.0,85.6,203.0,C,EURO,0,100.0,1000.0
P000243173-001-001,18.0,13.0,2.0,0.3,0.0005,10.0,0.0073,3.14,1000.0,256.0,120.0,85.6,203.0,C,EURO,0,100.0,1000.0
P000243174-001-001,18.0,14.0,3.0,0.29,0.0008,10.0,0.0083,2.94,1000.0,296.0,120.0,95.6,203.0,C,EURO,0,100.0,1000.0
P000243175-001-001,2.5,12.0,17.5,0.25,0.0005,10.0,0.0076,2.64,600.0,150.0,120.0,85.6,203.0,C,EURO,0,60.0,600.0
P000243176-001-001,2.0,12.0,21.0,0.46,0.0005,10.0,0.0076,5.1,1000.0,452.0,120.0,85.6,203.0,C,EURO,0,100.0,1000.0
P000243177-001-001,2.5,12.0,17.5,0.29,0.0005,10.0,0.0076,3.4,800.0,273.0,120.0,76.0,203.0,C,EURO,0,80.0,800.0
P000243227-001-001,11.0,3.0,3.0,0.06,0.0001,100.0,0.0115,6.0,3600.0,218.0,120.0,65.6,203.0,C,EURO,0,36.0,3600.0
P000243307-001-001,7.5,3.5,2.0,0.08,0.0001,100.0,0.0202,8.0,3500.0,282.0,120.0,95.6,203.0,B,EURO,0,35.0,3500.0
P000243308-001-001,8.0,3.0,3.0,0.08,0.0001,100.0,0.0231,8.0,2400.0,217.0,120.0,80.0,203.0,C,K3,0,24.0,2400.0
P000243309-001-001,6.0,3.0,3.0,0.07,0.0001,200.0,0.0243,14.0,4000.0,305.0,120.0,110.0,203.0,C,K3,0,20.0,4000.0
P000243310-001-001,12.0,3.0,3.0,0.11,0.0001,,,,8060.0,911.0,120.0,110.0,203.0,C,K3,0,,8060.0
P000243311-001-001,10.0,2.5,3.0,0.9,0.0001,100.0,0.0232,90.0,2000.0,1825.0,120.0,110.0,203.0,C,K3,0,20.0,2000.0
P000243340-001-001,29.5,12.0,5.0,0.44,0.0018,36.0,0.0793,17.88,432.0,191.56,120.0,117.3,210.0,C,EURO,0,12.0,432.0
P000243451-001-001,10.8,7.7,1.9,0.04,0.0002,108.0,0.0351,5.63,3456.0,157.16,120.0,116.4,203.0,B,EURO,0,32.0,3456.0
P000243452-001-001,10.8,7.6,2.1,0.058,0.0002,108.0,0.0341,7.524,3456.0,217.768,120.0,115.2,203.0,B,EURO,0,32.0,3456.0
P000243453-001-001,10.6,7.8,1.8,0.04,0.0001,108.0,0.0333,5.484,3456.0,152.488,120.0,115.6,203.0,B,EURO,0,32.0,3456.0
P000243454-001-001,10.7,7.8,2.3,0.06,0.0002,108.0,0.0325,6.5,2592.0,156.0,120.0,99.0,203.0,A,EURO,0,24.0,2592.0
P000243455-001-001,10.6,7.7,2.0,0.04,0.0002,108.0,0.033,5.595,3456.0,156.04,120.0,115.2,203.0,B,EURO,0,32.0,3456.0
P000243506-001-001,2.5,1.0,1.0,0.01,0.0,2000.0,0.0211,20.0,48000.0,505.0,120.0,110.0,203.0,C,K3,0,24.0,48000.0
P000243538-001-001,13.0,8.0,0.5,0.06,0.0001,,,,5000.0,325.0,120.0,110.0,207.0,C,K3,0,,5000.0
P000243577-001-001,7.5,7.5,2.5,0.06,0.0001,,,,9999.0,9999.0,9999.0,9999.0,207.0,C,K3,0,,9999.0
P000243594-001-001,3.5,9.5,2.5,0.15,0.0001,,,,9999.0,9999.0,9999.0,9999.0,207.0,B,K3,0,,9999.0
P000243595-001-001,3.5,9.5,2.5,0.15,0.0001,,,,9999.0,9999.0,9999.0,9999.0,207.0,B,K3,0,,9999.0
P000243597-001-001,9.5,3.5,2.5,0.15,0.0001,,,,9999.0,9999.0,9999.0,9999.0,205.0,B,K3,0,,9999.0
P000243604-001-001,28.0,5.0,2.7,0.67,0.0004,,,,9999.0,9999.0,9999.0,9999.0,207.0,C,K3,0,,9999.0
P000243615-001-001,9.5,3.5,3.0,0.15,0.0001,,,,396.0,84.4,120.0,110.0,207.0,B,K3,0,,396.0
P000243616-001-001,3.5,9.5,3.0,0.15,0.0001,,,,3000.0,475.0,120.0,110.0,207.0,B,K3,0,,3000.0
P000243619-001-001,3.5,9.5,3.0,0.16,0.0001,,,,9999.0,9999.0,9999.0,9999.0,207.0,B,K3,0,,9999.0
P000243627-001-001,3.5,25.0,3.0,0.29,0.0003,,,,1500.0,415.0,120.0,100.0,207.0,C,K3,0,,1500.0
P000243628-001-001,3.5,25.0,3.0,0.29,0.0003,,,,9999.0,9999.0,9999.0,9999.0,207.0,B,K3,0,,9999.0
P000243629-001-001,3.5,25.0,3.0,0.29,0.0003,,,,9999.0,9999.0,9999.0,9999.0,205.0,C,K3,0,,9999.0
P000243635-001-001,3.5,9.5,2.5,0.19,0.0001,,,,9999.0,9999.0,9999.0,9999.0,207.0,C,K3,0,,9999.0
P000243636-001-001,3.5,25.0,3.0,0.29,0.0003,,,,9999.0,9999.0,9999.0,9999.0,207.0,C,K1,0,,9999.0
P000243648-001-001,3.5,9.5,2.5,0.19,0.0001,,,,9999.0,9999.0,9999.0,9999.0,207.0,C,K3,0,,9999.0
P000243653-001-001,15.0,5.0,4.0,0.62,0.0003,,,,1000.0,645.0,120.0,110.0,207.0,C,K3,0,,1000.0
P000243658-001-001,21.0,6.0,3.7,0.87,0.0005,,,,500.0,460.0,120.0,110.0,205.0,C,K3,0,,500.0
P000243660-001-001,3.5,25.0,2.5,0.3,0.0002,,,,9999.0,9999.0,9999.0,9999.0,207.0,C,K3,0,,9999.0
P000243662-001-001,3.5,25.0,3.0,0.3,0.0003,,,,9999.0,9999.0,9999.0,9999.0,207.0,B,K1,0,,9999.0
P000243663-001-001,3.0,25.0,2.5,0.3,0.0002,,,,9999.0,9999.0,9999.0,9999.0,207.0,C,K3,0,,9999.0
P000243668-001-001,3.0,9.5,2.5,0.19,0.0001,,,,9999.0,9999.0,9999.0,9999.0,207.0,C,K3,0,,9999.0
P000243669-001-001,3.5,9.5,2.5,0.2,0.0001,,,,9999.0,9999.0,9999.0,9999.0,207.0,C,K3,0,,9999.0
P000243710-001-001,24.0,9.5,2.5,0.49,0.0006,25.0,0.0145,12.25,300.0,149.0,120.0,95.6,207.0,C,EURO,0,12.0,300.0
P000243711-001-001,23.5,10.0,2.5,0.51,0.0006,25.0,0.0144,12.75,800.0,408.0,120.0,84.0,207.0,B,EURO,0,32.0,800.0
P000243712-001-001,23.5,9.5,2.5,0.5,0.0006,25.0,0.014,12.5,900.0,493.0,120.0,110.0,207.0,C,K3,0,36.0,900.0
P000243713-001-001,2.5,23.0,9.5,0.5,0.0005,25.0,0.016,13.0,500.0,283.0,120.0,70.0,207.0,B,K3,0,20.0,500.0
P000243714-001-001,24.0,10.0,2.0,0.53,0.0005,25.0,0.0148,13.25,750.0,399.0,120.0,65.6,207.0,C,EURO,0,30.0,750.0
P000243715-001-001,26.5,3.0,9.0,0.48,0.0007,25.0,0.0158,12.5,1950.0,928.0,120.0,135.6,207.0,A,EURO,0,78.0,1950.0
P000243716-001-001,26.5,8.5,2.5,0.53,0.0006,25.0,0.014,13.25,750.0,399.5,120.0,95.6,207.0,B,EURO,0,30.0,750.0
P000243717-001-001,26.0,9.0,2.5,0.5,0.0006,25.0,0.0113,12.5,950.0,477.0,120.0,80.6,207.0,C,EURO,0,38.0,950.0
P000243718-001-001,26.0,8.5,2.0,0.49,0.0004,25.0,0.0105,12.25,500.0,247.0,120.0,95.6,207.0,C,EURO,0,20.0,500.0
P000243719-001-001,27.0,9.0,3.0,0.55,0.0007,,,,9999.0,9999.0,9999.0,9999.0,205.0,C,K3,0,,9999.0
P000243720-001-001,26.0,8.0,2.0,0.5,0.0004,25.0,0.0092,12.366,1050.0,519.38,120.0,87.5,207.0,A,EURO,0,42.0,1050.0
P000243721-001-001,26.5,8.5,2.5,0.53,0.0006,25.0,0.0134,13.0,900.0,470.0,120.0,65.6,207.0,B,EURO,0,36.0,900.0
P000243722-001-001,26.0,7.5,1.0,0.44,0.0002,25.0,0.0112,10.0,1125.0,472.0,120.0,65.6,207.0,B,EURO,0,45.0,1125.0
P000243723-001-001,26.0,7.5,2.0,0.44,0.0004,25.0,0.0105,11.0,2200.0,442.0,120.0,95.6,207.0,C,EURO,0,88.0,2200.0
P000243726-001-001,26.5,8.5,2.5,0.5,0.0006,25.0,0.0139,12.5,600.0,302.0,120.0,65.6,207.0,C,EURO,0,24.0,600.0
P000243727-001-001,26.0,8.5,1.0,0.5,0.0002,25.0,0.0148,8.0,900.0,290.0,120.0,65.6,207.0,C,EURO,0,36.0,900.0
P000243728-001-001,2.5,26.5,9.0,0.48,0.0006,25.0,0.0152,12.0,1350.0,640.0,120.0,85.6,207.0,C,K3,0,54.0,1350.0
P000243729-001-001,26.5,9.0,2.5,0.6,0.0006,25.0,0.0147,15.0,600.0,385.0,120.0,80.0,207.0,B,K3,0,24.0,600.0
P000243730-001-001,26.5,10.0,2.5,0.64,0.0007,25.0,0.0147,16.0,800.0,512.0,120.0,84.0,207.0,B,EURO,0,32.0,800.0
P000243731-001-001,23.5,10.0,2.5,0.7,0.0006,25.0,0.0158,17.5,1050.0,735.0,120.0,82.0,203.0,B,EURO,0,42.0,1050.0
P000243732-001-001,23.5,9.5,2.5,0.6,0.0006,25.0,0.0168,15.26,1200.0,712.0,120.0,85.6,203.0,B,EURO,0,48.0,1200.0
P000243733-001-001,24.0,10.0,2.5,0.62,0.0006,25.0,0.0168,15.5,1050.0,651.0,120.0,84.0,203.0,C,EURO,0,42.0,1050.0
P000243734-001-001,2.5,24.0,10.0,0.62,0.0006,25.0,0.0162,16.4,1200.0,777.0,120.0,85.6,203.0,B,EURO,0,48.0,1200.0
P000243735-001-001,2.5,23.5,9.5,0.64,0.0006,25.0,0.016,15.0,1050.0,630.0,120.0,80.5,203.0,C,EURO,0,42.0,1050.0
P000243736-001-001,2.5,23.5,10.0,0.61,0.0006,25.0,0.0165,15.0,900.0,540.0,120.0,72.0,203.0,C,EURO,0,36.0,900.0
P000243737-001-001,2.5,24.0,10.0,0.6,0.0006,25.0,0.0165,15.0,1800.0,1072.0,120.0,135.6,203.0,B,EURO,0,72.0,1800.0
P000243738-001-001,2.5,23.5,10.0,0.65,0.0006,25.0,0.0094,16.65,1200.0,791.0,120.0,85.6,203.0,C,EURO,0,48.0,1200.0
P000243740-001-001,26.0,8.5,2.5,0.5,0.0006,25.0,0.0137,12.5,1000.0,999.0,120.0,150.0,207.0,B,K3,0,40.0,1000.0
P000243741-001-001,27.0,2.5,8.0,0.52,0.0005,,,,2304.0,1190.0,120.0,135.6,207.0,C,EURO,0,,2304.0
P000243742-001-001,26.5,8.5,2.5,0.48,0.0006,25.0,0.0109,12.4,1000.0,496.0,120.0,85.6,207.0,B,EURO,0,40.0,1000.0
P000243743-001-001,26.5,9.0,3.0,0.53,0.0007,25.0,0.0151,13.25,400.0,214.0,120.0,65.6,207.0,C,EURO,0,16.0,400.0
P000243744-001-001,2.5,26.0,7.5,0.46,0.0005,25.0,0.0105,11.65,1000.0,458.0,120.0,85.6,207.0,C,EURO,0,40.0,1000.0
P000243745-001-001,26.5,8.5,2.5,0.5,0.0006,25.0,0.0132,10.0,900.0,385.0,120.0,110.0,207.0,C,K3,0,36.0,900.0
P000243747-001-001,2.5,24.1,10.0,0.61,0.0006,25.0,0.0006,0.61,4050.0,2462.0,120.0,165.6,203.0,C,EURO,0,162.0,4050.0
P000243748-001-001,2.5,23.5,9.0,0.57,0.0005,25.0,0.0111,14.76,3375.0,1915.0,120.0,165.6,203.0,C,EURO,0,135.0,3375.0
P000243749-001-001,2.5,23.0,8.5,0.6,0.0005,25.0,0.01,15.0,3375.0,2017.0,120.0,135.6,203.0,C,EURO,0,135.0,3375.0
P000243750-001-001,23.5,9.0,2.5,0.6,0.0005,25.0,0.011,15.0,500.0,302.0,120.0,95.6,203.0,C,EURO,0,20.0,500.0
P000243755-001-001,25.0,10.0,2.2,0.55,0.0006,25.0,0.0058,14.0,775.0,477.0,120.0,135.6,203.0,B,EURO,0,31.0,775.0
P000243756-001-001,2.5,23.5,9.5,0.55,0.0006,25.0,0.0168,14.25,825.0,477.0,120.0,85.6,203.0,B,EURO,0,33.0,825.0
P000243757-001-001,23.5,10.0,2.5,0.59,0.0006,50.0,0.0138,29.5,999999.0,9999.0,120.0,120.0,203.0,C,K3,0,19999.98,999999.0
P000243758-001-001,24.0,10.0,2.5,0.6,0.0006,25.0,0.0165,15.0,600.0,362.0,120.0,65.6,203.0,C,EURO,0,24.0,600.0
P000243759-001-001,2.5,24.0,10.0,0.6,0.0006,25.0,0.0167,15.5,1200.0,712.0,120.0,85.6,203.0,B,EURO,0,48.0,1200.0
P000243760-001-001,24.0,10.0,1.5,0.6,0.0004,25.0,0.0168,15.0,500.0,325.0,120.0,110.0,203.0,C,K3,0,20.0,500.0
P000243761-001-001,26.5,9.0,2.5,0.5,0.0006,25.0,0.0263,13.0,600.0,312.0,120.0,78.0,207.0,A,EURO,0,24.0,600.0
P000243762-001-001,26.5,8.5,2.5,0.52,0.0006,25.0,0.0146,13.0,800.0,416.0,120.0,88.0,207.0,A,EURO,0,32.0,800.0
P000243763-001-001,2.5,26.0,9.0,0.55,0.0006,25.0,0.014,14.0,2250.0,1229.0,120.0,135.6,207.0,B,EURO,0,90.0,2250.0
P000243764-001-001,26.0,7.5,2.0,0.47,0.0004,25.0,0.0103,11.75,750.0,425.0,120.0,65.6,207.0,C,EURO,0,30.0,750.0
P000243765-001-001,26.0,8.0,2.0,0.5,0.0004,25.0,0.0107,12.5,1200.0,600.0,120.0,80.0,207.0,C,EURO,0,48.0,1200.0
P000243766-001-001,26.0,8.5,2.0,0.51,0.0004,25.0,0.0155,12.75,800.0,410.0,120.0,65.6,207.0,C,EURO,0,32.0,800.0
P000243767-001-001,26.5,9.0,2.0,0.49,0.0005,25.0,0.0143,12.25,1000.0,490.0,120.0,73.5,207.0,A,EURO,0,40.0,1000.0
P000243768-001-001,26.5,8.5,2.5,0.5,0.0006,25.0,0.0147,12.63,1350.0,682.02,120.0,90.0,207.0,A,EURO,0,54.0,1350.0
P000243769-001-001,2.5,26.5,8.5,0.54,0.0006,25.0,0.0143,13.8,2550.0,1369.0,120.0,165.6,207.0,B,EURO,0,102.0,2550.0
P000243770-001-001,26.0,7.5,2.0,0.47,0.0004,25.0,0.0107,11.75,1200.0,564.0,120.0,80.0,207.0,C,EURO,0,48.0,1200.0
P000243771-001-001,26.0,9.5,2.0,0.5,0.0005,25.0,0.0116,11.99,1500.0,719.4,120.0,77.0,207.0,B,EURO,0,60.0,1500.0
P000243772-001-001,26.5,8.5,2.5,0.5,0.0006,25.0,0.0148,13.0,700.0,364.0,120.0,77.0,207.0,C,EURO,0,28.0,700.0
P000243773-001-001,26.5,9.0,2.2,0.51,0.0005,25.0,0.0149,12.5,950.0,477.0,120.0,80.6,207.0,B,EURO,0,38.0,950.0
P000243774-001-001,26.5,9.0,2.5,0.54,0.0006,25.0,0.0137,13.5,999999.0,9999.0,120.0,120.0,207.0,C,K3,0,39999.96,999999.0
P000243775-001-001,21.0,10.0,8.5,0.44,0.0018,50.0,0.0373,22.75,800.0,364.0,120.0,70.6,207.0,A,EURO,0,16.0,800.0
P000243776-001-001,2.5,23.5,9.5,0.55,0.0006,25.0,0.0168,14.25,1050.0,590.5,120.0,165.6,203.0,B,EURO,0,42.0,1050.0
P000243777-001-001,23.5,10.0,2.5,0.61,0.0006,25.0,0.0164,15.25,1050.0,640.5,120.0,80.5,203.0,B,EURO,0,42.0,1050.0
P000243779-001-001,1.58,23.0,11.0,0.57,0.0004,25.0,0.0114,15.0,900.0,540.0,120.0,55.6,203.0,C,EURO,0,36.0,900.0
P000243780-001-001,23.5,10.0,2.5,0.56,0.0006,25.0,0.012,14.46,675.0,392.0,120.0,65.6,203.0,C,EURO,0,27.0,675.0
P000243781-001-001,2.5,24.0,10.0,0.6,0.0006,25.0,0.0168,15.0,1800.0,1072.0,120.0,135.6,203.0,C,EURO,0,72.0,1800.0
P000243783-001-001,2.5,23.0,9.0,0.6,0.0005,25.0,0.011,15.0,775.0,467.0,120.0,95.6,203.0,C,EURO,0,31.0,775.0
P000243784-001-001,25.0,10.0,2.2,0.59,0.0006,25.0,0.0116,14.0,750.0,422.0,120.0,95.6,203.0,C,EURO,0,30.0,750.0
P000243785-001-001,23.5,10.0,2.5,0.6,0.0006,25.0,0.0165,16.15,725.0,470.35,120.0,85.6,203.0,B,EURO,0,29.0,725.0
P000243786-001-001,2.5,23.0,9.0,0.59,0.0005,25.0,0.0127,8.0,1500.0,477.0,120.0,135.6,203.0,C,EURO,0,60.0,1500.0
P000243787-001-001,2.5,24.0,10.0,0.6,0.0006,25.0,0.0168,15.0,1800.0,1072.0,120.0,135.6,203.0,B,EURO,0,72.0,1800.0
P000243788-001-001,2.0,23.5,10.0,0.57,0.0005,25.0,0.0168,14.78,800.0,477.0,120.0,95.6,203.0,A,EURO,0,32.0,800.0
P000243790-001-001,2.5,24.0,10.0,0.6,0.0006,25.0,0.0154,15.0,1950.0,1162.0,120.0,135.6,203.0,B,EURO,0,78.0,1950.0
P000243791-001-001,2.5,32.5,10.0,0.61,0.0008,25.0,0.0154,15.75,2250.0,1364.0,120.0,165.6,203.0,A,EURO,0,90.0,2250.0
P000243792-001-001,23.5,9.5,2.5,0.6,0.0006,25.0,0.0168,15.0,750.0,475.0,120.0,100.0,203.0,B,K3,0,30.0,750.0
P000243793-001-001,2.5,23.5,10.0,0.6,0.0006,25.0,0.0157,15.28,2250.0,1342.0,120.0,165.6,203.0,B,EURO,0,90.0,2250.0
P000243794-001-001,2.5,23.5,10.0,0.6,0.0006,25.0,0.0158,15.6,1125.0,704.0,120.0,165.6,203.0,B,EURO,0,45.0,1125.0
P000243795-001-001,24.0,3.0,10.0,0.63,0.0007,25.0,0.0165,16.0,1350.0,866.0,120.0,85.6,203.0,A,EURO,0,54.0,1350.0
P000243796-001-001,14.0,2.0,6.5,0.2,0.0002,90.0,0.0228,18.0,2160.0,457.0,120.0,100.0,207.0,C,K3,0,24.0,2160.0
P000243797-001-001,14.0,8.0,2.0,0.22,0.0002,90.0,0.024,20.0,2160.0,477.0,120.0,95.6,207.0,C,EURO,0,24.0,2160.0
P000243798-001-001,14.0,7.0,2.0,0.23,0.0002,50.0,0.0227,11.5,1500.0,345.0,120.0,92.5,207.0,A,EURO,0,30.0,1500.0
P000243799-001-001,14.0,9.0,2.0,0.28,0.0003,60.0,0.0228,18.0,1440.0,434.0,120.0,65.6,207.0,C,EURO,0,24.0,1440.0
P000243800-001-001,2.5,24.0,10.0,0.6,0.0006,25.0,0.0168,15.0,1800.0,1095.0,120.0,150.0,203.0,C,K3,0,72.0,1800.0
P000243801-001-001,2.5,23.0,10.0,0.51,0.0006,25.0,0.0162,13.35,1200.0,632.0,120.0,85.6,203.0,C,EURO,0,48.0,1200.0
P000243804-001-001,23.5,9.0,2.5,0.48,0.0005,25.0,0.0112,12.0,1350.0,648.0,120.0,69.0,203.0,C,EURO,0,54.0,1350.0
P000243806-001-001,23.0,9.0,25.0,0.5,0.0052,25.0,0.0117,13.0,950.0,477.0,120.0,95.6,203.0,C,EURO,0,38.0,950.0
P000243808-001-001,2.5,23.5,9.5,0.53,0.0006,25.0,0.0164,13.7,1500.0,787.0,120.0,85.6,203.0,C,EURO,0,60.0,1500.0
P000243809-001-001,2.5,23.0,9.5,0.5,0.0005,25.0,0.0108,12.5,675.0,337.5,120.0,85.6,203.0,C,EURO,0,27.0,675.0
P000243811-001-001,23.3,2.5,9.3,0.53,0.0005,25.0,0.0168,14.0,1800.0,946.0,120.0,135.6,203.0,C,EURO,0,72.0,1800.0
P000243812-001-001,2.5,8.0,23.0,0.59,0.0005,25.0,0.012,15.0,1125.0,675.0,120.0,60.0,203.0,C,EURO,0,45.0,1125.0
P000243813-001-001,2.5,24.0,9.5,0.47,0.0006,25.0,0.0148,12.35,1350.0,658.0,120.0,85.6,203.0,C,EURO,0,54.0,1350.0
P000243814-001-001,2.5,23.5,10.0,0.49,0.0006,25.0,0.0157,12.82,1200.0,607.0,120.0,85.6,203.0,C,EURO,0,48.0,1200.0
P000243815-001-001,9.0,7.0,4.0,0.52,0.0003,25.0,0.0116,13.0,900.0,470.0,120.0,95.6,203.0,C,EURO,0,36.0,900.0
P000243816-001-001,2.4,23.4,8.9,0.48,0.0005,25.0,0.012,12.0,1350.0,1126.0,120.0,135.6,203.0,C,EURO,0,54.0,1350.0
P000243817-001-001,15.0,8.0,2.5,0.51,0.0003,25.0,0.0186,12.75,600.0,331.0,120.0,110.0,203.0,C,K3,0,24.0,600.0
P000243818-001-001,2.5,23.5,10.0,0.53,0.0006,25.0,0.0155,13.8,1200.0,654.0,120.0,85.6,203.0,C,EURO,0,48.0,1200.0
P000243819-001-001,2.5,23.5,9.0,0.49,0.0005,25.0,0.0005,0.49,3000.0,1462.0,120.0,165.6,203.0,C,EURO,0,120.0,3000.0
P000243820-001-001,3.0,23.5,10.0,0.5,0.0007,25.0,0.0103,11.01,900.0,398.0,120.0,95.6,203.0,C,EURO,0,36.0,900.0
P000243823-001-001,2.5,23.5,10.0,0.58,0.0006,25.0,0.0169,15.0,2100.0,1210.0,120.0,165.6,203.0,C,EURO,0,84.0,2100.0
P000243824-001-001,24.0,10.0,2.0,0.5,0.0005,25.0,0.017,12.5,600.0,302.0,120.0,65.6,203.0,C,EURO,0,24.0,600.0
P000243825-001-001,23.5,2.5,10.0,0.54,0.0006,25.0,0.0168,14.0,1800.0,477.0,120.0,95.6,203.0,B,EURO,0,72.0,1800.0
P000243826-001-001,24.0,10.0,25.0,0.6,0.006,25.0,0.0347,15.0,775.0,467.0,120.0,95.6,203.0,C,EURO,0,31.0,775.0
P000243827-001-001,23.5,8.5,2.5,0.63,0.0005,25.0,0.0199,15.75,750.0,474.0,120.0,135.6,203.0,C,EURO,0,30.0,750.0
P000243895-001-001,20.5,7.5,2.0,0.42,0.0003,50.0,0.0323,21.0,800.0,336.0,120.0,80.0,207.0,B,EURO,0,16.0,800.0
P000243941-001-001,6.0,4.0,3.5,0.102,0.0001,25.0,0.0039,2.55,7200.0,711.4,120.0,105.6,203.0,C,EURO,0,288.0,7200.0
P000244280-001-001,17.5,5.0,0.5,0.04,0.0,500.0,0.0113,20.0,18000.0,720.0,120.0,65.6,207.0,A,EURO,0,36.0,18000.0
P000244283-001-001,17.5,5.0,0.1,0.04,0.0,500.0,0.0105,19.03,12000.0,477.0,120.0,75.6,207.0,A,EURO,0,24.0,12000.0
P000244284-001-001,17.5,5.0,0.2,0.04,0.0,,,,9999.0,9999.0,9999.0,9999.0,207.0,C,K3,0,,9999.0
P000244285-001-001,17.5,5.0,0.17,0.037,0.0,500.0,0.0111,18.68,12000.0,448.32,120.0,100.0,207.0,B,K3,0,24.0,12000.0
P000244287-001-001,18.0,8.0,5.0,0.29,0.0007,50.0,0.0008,1.499,24000.0,720.0,120.0,70.0,205.0,C,K3,0,480.0,24000.0
P000244288-001-001,6.0,31.0,0.1,0.037,0.0,,,,9999.0,9999.0,9999.0,9999.0,207.0,C,K3,0,,9999.0
P000244289-001-001,17.0,4.3,0.01,0.04,0.0,300.0,0.0061,9.7,14400.0,490.0,120.0,110.0,203.0,B,K3,0,48.0,14400.0
P000244290-001-001,4.5,16.0,0.2,0.04,0.0,,,,9999.0,9999.0,9999.0,9999.0,203.0,C,K3,0,,9999.0
P000244293-001-001,18.0,8.4,4.5,0.65,0.0007,,,,9999.0,9999.0,9999.0,9999.0,207.0,C,K3,0,,9999.0
P000244294-001-001,17.0,5.0,0.01,0.04,0.0,300.0,0.0065,15.0,7500.0,450.0,120.0,105.6,203.0,C,EURO,0,25.0,7500.0
P000244295-001-001,17.0,5.0,0.01,0.04,0.0,300.0,0.0061,15.0,8400.0,450.0,120.0,110.0,203.0,B,K3,0,28.0,8400.0
P000244296-001-001,17.0,5.0,0.1,0.05,0.0,300.0,0.0063,15.5,999999.0,500.0,120.0,120.0,203.0,C,K3,0,3333.33,999999.0
P000244311-001-001,7.0,2.0,0.5,0.05,0.0,600.0,0.011,12.0,21600.0,457.0,120.0,80.0,207.0,A,K3,0,36.0,21600.0
P000244312-001-001,7.0,2.0,0.5,0.2,0.0,620.0,0.0129,12.5,22320.0,475.0,120.0,80.0,207.0,B,K3,0,36.0,22320.0
P000244313-001-001,6.5,2.0,0.5,0.02,0.0,500.0,0.0118,10.0,999999.0,9999.0,120.0,120.0,207.0,B,K3,0,1999.998,999999.0
P000244314-001-001,7.0,7.0,1.5,0.2,0.0001,,,,2300.0,485.0,120.0,110.0,207.0,B,K3,0,,2300.0
P000244315-001-001,7.0,2.0,0.2,0.2,0.0,,,,2000.0,425.0,120.0,100.0,207.0,A,K3,0,,2000.0
P000244316-001-001,8.0,2.0,1.0,0.02,0.0,,,,9999.0,9999.0,9999.0,9999.0,207.0,B,K3,0,,9999.0
P000244317-001-001,7.0,7.5,2.5,0.21,0.0001,,,,3400.0,714.0,120.0,50.0,207.0,B,K3,0,,3400.0
P000244318-001-001,7.0,2.0,0.5,0.02,0.0,,,,9999.0,9999.0,9999.0,9999.0,207.0,B,K3,0,,9999.0
P000244319-001-001,7.0,2.0,0.5,0.02,0.0,600.0,0.0116,12.0,21600.0,457.0,120.0,80.0,207.0,A,K3,0,36.0,21600.0
P000244320-001-001,8.0,7.0,2.5,0.2,0.0001,,,,2300.0,485.0,120.0,110.0,207.0,B,K3,0,,2300.0
P000244322-001-001,12.0,7.5,3.3,0.48,0.0003,,,,9999.0,9999.0,9999.0,9999.0,207.0,C,EURO,0,,9999.0
P000244323-001-001,13.0,10.0,2.5,0.49,0.0003,,,,9999.0,9999.0,9999.0,9999.0,207.0,C,K3,0,,9999.0
P000244324-001-001,12.0,7.0,3.3,0.46,0.0003,,,,9999.0,9999.0,9999.0,9999.0,207.0,C,K3,0,,9999.0
P000244326-001-001,12.0,3.0,0.1,0.06,0.0,,,,7500.0,475.0,120.0,90.0,207.0,C,K3,0,,7500.0
P000244327-001-001,12.0,7.0,3.3,0.46,0.0003,,,,950.0,462.0,120.0,110.0,207.0,C,K3,0,,950.0
P000244372-001-001,23.5,9.5,2.5,0.5,0.0006,25.0,0.0111,12.5,1125.0,564.0,120.0,95.6,207.0,C,EURO,0,45.0,1125.0
P000244391-001-001,2.5,1.5,0.5,0.01,0.0,50.0,0.0119,5.0,2100.0,210.0,120.0,77.0,207.0,C,EURO,0,42.0,2100.0
P000244394-001-001,14.5,3.0,3.0,0.22,0.0001,72.0,0.0196,15.84,1440.0,318.8,120.0,95.6,203.0,C,EURO,0,20.0,1440.0
P000244396-001-001,14.0,3.0,3.0,0.23,0.0001,72.0,0.0196,16.56,1296.0,356.2,120.0,110.0,203.0,C,EURO,0,18.0,1296.0
P000244397-001-001,15.0,3.0,2.8,0.23,0.0001,60.0,0.0202,14.5,2880.0,677.0,120.0,150.0,203.0,C,K3,0,48.0,2880.0
P000244421-001-001,8.0,11.0,3.0,0.39,0.0003,50.0,0.0255,21.01,2700.0,1045.0,120.0,85.6,203.0,C,EURO,0,54.0,2700.0
P000244422-001-001,11.0,8.0,3.0,0.4,0.0003,60.0,0.0265,25.0,2520.0,1023.0,120.0,150.0,203.0,C,K3,0,42.0,2520.0
P000244423-001-001,11.0,8.0,2.8,0.4,0.0002,,,,1150.0,485.0,120.0,110.0,203.0,C,K3,0,,1150.0
P000244439-001-001,8.5,3.5,1.0,0.1,0.0,200.0,0.0321,24.5,4000.0,443.0,120.0,95.6,203.0,C,EURO,0,20.0,4000.0
P000244441-001-001,16.5,9.0,3.5,0.28,0.0005,50.0,0.0329,14.0,800.0,226.0,120.0,85.6,203.0,C,EURO,0,16.0,800.0
P000244443-001-001,28.5,28.0,0.01,0.03,0.0,,,,20.0,25.06,120.0,110.0,203.0,C,EURO,0,,20.0
P000321854-010-001,24.0,10.0,2.5,0.56,0.0006,25.0,0.012,14.46,675.0,392.0,120.0,40.0,207.0,C,EURO,0,27.0,675.0
P000321854-050-001,23.5,10.0,2.5,0.56,0.0006,25.0,0.012,14.46,675.0,392.0,120.0,40.0,207.0,C,EURO,0,27.0,675.0
P000321854-090-001,24.0,10.0,2.5,0.56,0.0006,25.0,0.012,14.46,675.0,392.0,120.0,40.0,207.0,C,EURO,0,27.0,675.0
P000321854-110-001,23.5,8.2,2.5,0.59,0.0005,25.0,0.0114,14.75,900.0,531.0,120.0,85.6,207.0,C,EURO,0,36.0,900.0
P000326529-001-001,27.0,3.5,0.5,0.11,0.0,1.0,0.0,0.11,9999.0,0.11,27.0,0.5,205.0,C,K3,0,9999.0,9999.0
P000326682-002-001,3.0,3.0,2.5,0.009,0.0,400.0,0.0207,3.78,8000.0,75.6,120.0,89.0,203.0,C,K3,0,20.0,8000.0
P000326787-001-001,5.0,4.0,4.0,0.01,0.0001,250.0,0.0213,2.46,6000.0,59.04,120.0,74.0,203.0,C,K3,0,24.0,6000.0
P000327021-001-001,42.0,3.0,3.0,0.2,0.0004,25.0,0.0058,7.2,2500.0,720.0,120.0,65.0,203.0,C,EURO,0,100.0,2500.0
P000327021-001-002,40.0,2.0,3.0,0.32,0.0002,25.0,0.0059,8.96,2000.0,716.8,120.0,77.6,203.0,C,EURO,0,80.0,2000.0
P000327021-001-003,40.0,2.0,3.0,0.32,0.0002,25.0,0.0059,8.96,2000.0,716.8,120.0,77.6,203.0,C,EURO,0,80.0,2000.0
P000327532-001-001,4.0,2.0,2.5,0.06,0.0,50.0,0.0445,3.56,600.0,42.72,120.0,90.9,203.0,C,K3,0,12.0,600.0
P000328171-012-001,4.4,1.5,0.1,0.02,0.0,,,,9999.0,9999.0,9999.0,9999.0,207.0,C,K3,0,,9999.0
P000328210-002-001,4.4,1.5,0.1,0.02,0.0,,,,9999.0,9999.0,9999.0,9999.0,207.0,C,K3,0,,9999.0
P000330288-003-001,25.0,2.5,0.3,0.1,0.0,,,,1000.0,125.0,120.0,110.0,207.0,C,K3,0,,1000.0
P000330940-001-001,9.5,3.3,2.8,0.22,0.0001,,,,1000.0,245.0,120.0,110.0,207.0,C,K3,0,,1000.0
P000330961-001-001,9.5,3.5,2.5,0.22,0.0001,,,,9999.0,999.0,120.0,100.0,207.0,C,K3,0,,9999.0
P000338449-001-001,49.0,13.5,4.0,2.0,0.0026,5.0,0.0276,10.0,100.0,202.0,120.0,95.6,207.0,C,EURO,0,20.0,100.0
P000357822-001-001,2.5,25.0,0.5,0.1,0.0,,,,1000.0,125.0,120.0,110.0,207.0,C,K3,0,,1000.0
P000358856-001-001,4.8,2.1,1.1,0.02,0.0,,,,33250.0,665.0,120.0,39.0,205.0,C,K3,0,,33250.0
P000375375-001-001,18.0,3.0,2.5,0.02,0.0001,,,,7560.0,176.2,120.0,110.0,205.0,C,K3,0,,7560.0
P000375380-001-001,14.0,20.5,1.0,0.06,0.0003,,,,1000.0,85.0,120.0,110.0,207.0,C,K3,0,,1000.0
P000381561-001-001,5.7,2.0,0.1,0.8,0.0,,,,500.0,425.0,120.0,110.0,207.0,C,K3,0,,500.0
P000381617-001-001,5.0,2.0,1.0,0.4,0.0,,,,100.0,65.0,120.0,110.0,205.0,C,K3,0,,100.0
P000381629-001-001,17.0,10.0,2.0,0.15,0.0003,,,,2600.0,415.0,120.0,110.0,205.0,C,K3,0,,2600.0
P000381675-001-001,6.0,2.0,2.0,0.066,0.0,,,,5000.0,355.0,120.0,110.0,205.0,C,K3,0,,5000.0
P000397862-001-001,50.0,3.5,3.0,0.42,0.0005,,,,1364.0,574.0,120.0,95.6,205.0,C,EURO,0,,1364.0
P000714407-001-001,25.0,1.5,1.5,0.121,0.0001,,,,1000.0,146.0,120.0,110.0,205.0,C,K3,0,,1000.0
P000714987-001-001,10.0,0.5,0.5,0.05,0.0,,,,9500.0,500.0,120.0,50.0,205.0,C,K3,0,,9500.0
P000715771-014-001,7.0,4.0,2.0,0.1,0.0001,,,,7000.0,725.0,120.0,110.0,207.0,C,K3,0,,7000.0
P000715771-015-001,21.0,13.0,5.0,0.5,0.0014,,,,500.0,275.0,120.0,110.0,207.0,C,K3,0,,500.0
P000721780-001-009,56.0,6.0,5.0,1.19,0.0017,,,,390.0,466.0,120.0,95.6,205.0,C,EURO,0,,390.0
P000724236-002-002,80.0,5.0,2.0,0.23,0.0008,,,,100.0,48.0,120.0,110.0,207.0,C,K3,0,,100.0
P000724416-004-011,207.0,17.0,7.0,2.0,0.0246,,,,44.0,88.0,210.0,77.0,205.0,C,CONS,0,,44.0
P000724448-002-005,207.0,17.0,6.5,3.71,0.0229,,,,56.0,182.76,210.0,95.6,205.0,C,CONS,0,,56.0
P000911524-120-001,300.0,5.0,3.0,4.0,0.0045,,,,194.0,450.0,300.0,95.6,102.0,C,XLONGPALLET,0,,194.0
P000987456-010-017,32.5,8.0,7.4,2.25,0.0019,,,,211.0,476.75,120.0,95.6,205.0,C,EURO,0,,211.0
P000987749-010-003,33.0,8.0,7.0,2.26,0.0018,,,,210.0,470.3,120.0,95.6,205.0,C,EURO,0,,210.0
P000987921-010-004,34.5,10.0,7.5,2.63,0.0026,,,,240.0,631.2,120.0,75.0,205.0,C,EURO,0,,240.0
P000987921-010-005,47.5,10.0,8.0,2.75,0.0038,,,,172.0,475.0,120.0,95.6,205.0,C,EURO,0,,172.0
P000987921-010-006,56.2,14.5,9.6,3.67,0.0078,,,,110.0,405.7,120.0,105.6,205.0,C,EURO,0,,110.0
P001017198-010-001,19.0,5.0,2.5,0.44,0.0002,,,,1000.0,465.0,120.0,110.0,203.0,C,K3,0,,1000.0
P001017198-011-001,19.0,2.5,2.5,0.36,0.0001,,,,1100.0,421.0,120.0,110.0,203.0,C,EURO,0,,1100.0
P001017198-012-001,19.0,2.5,2.5,0.29,0.0001,,,,2400.0,720.0,120.0,84.5,203.0,C,EURO,0,,2400.0
P001017198-013-001,19.0,4.0,3.0,0.21,0.0002,,,,2000.0,473.0,120.0,95.6,203.0,C,EURO,0,,2000.0
P001017198-014-001,19.0,5.0,4.5,0.43,0.0004,,,,960.0,437.8,120.0,110.0,203.0,C,EURO,0,,960.0
P001017198-020-001,19.0,2.5,7.0,0.16,0.0003,,,,2000.0,457.0,120.0,100.6,203.0,C,EURO,0,,2000.0
P001017198-021-001,19.0,2.5,2.5,0.25,0.0001,,,,1500.0,400.0,120.0,110.0,203.0,C,K3,0,,1500.0
P001017198-022-001,19.0,4.0,3.0,0.39,0.0002,,,,1100.0,454.0,120.0,10.0,203.0,C,EURO,0,,1100.0
P001017198-023-001,19.0,5.0,2.5,0.4,0.0002,,,,1100.0,465.0,120.0,110.0,203.0,C,K3,0,,1100.0
P001031913-001-101,10.0,10.0,10.0,0.25,0.001,5.0,0.0034,1.36,1000.0,272.0,120.0,75.0,207.0,B,EURO,0,200.0,1000.0
P001031913-001-102,13.0,13.5,2.5,0.47,0.0004,5.0,0.003,2.35,500.0,237.0,120.0,95.6,207.0,B,EURO,0,100.0,500.0
P001031913-001-103,29.0,13.5,0.01,0.68,0.0,5.0,0.0068,3.4,500.0,342.0,120.0,95.6,207.0,C,EURO,0,100.0,500.0
P001031913-001-104,29.0,13.5,2.5,0.88,0.001,5.0,0.0072,4.55,1100.0,960.0,120.0,165.6,207.0,C,EURO,0,220.0,1100.0
P001031913-005-101,13.5,13.0,2.0,0.29,0.0004,,,,1600.0,466.0,120.0,95.6,201.0,C,EURO,0,,1600.0
P001031913-015-101,13.5,13.0,2.0,0.29,0.0004,5.0,0.0037,0.57,1050.0,119.7,120.0,93.0,201.0,C,EURO,0,210.0,1050.0
P001032322-001-002,18.5,6.5,0.5,0.12,0.0001,,,,100.0,37.0,120.0,110.0,205.0,C,K3,0,,100.0
P001094301-161-125,2.2,26.5,13.0,0.58,0.0008,25.0,0.0147,11.0,1000.0,427.0,120.0,85.6,203.0,B,EURO,0,40.0,1000.0
P001094301-260-125,9.0,2.0,23.5,0.59,0.0004,25.0,0.0144,15.36,750.0,434.0,120.0,85.6,203.0,C,EURO,0,30.0,750.0
P001094301-361-125,23.5,2.0,8.3,0.66,0.0004,25.0,0.0137,17.0,2600.0,1708.0,120.0,165.6,203.0,A,EURO,0,104.0,2600.0
P001094301-460-825,23.5,10.5,2.0,0.67,0.0005,,,,1074.0,719.58,120.0,62.0,203.0,C,EURO,0,,1074.0
P001094301-461-125,2.0,23.5,9.0,0.6,0.0004,25.0,0.0139,15.0,1200.0,733.6,120.0,165.6,203.0,B,EURO,0,48.0,1200.0
P001094301-561-125,23.5,8.5,2.0,0.67,0.0004,25.0,0.0137,16.75,825.0,552.75,120.0,65.0,203.0,B,EURO,0,33.0,825.0
P001104651-001-001,13.5,8.5,5.5,0.62,0.0006,,,,1224.0,783.0,120.0,110.0,205.0,B,K3,0,,1224.0
P001112017-100-010,17.0,8.0,2.0,0.28,0.0003,10.0,0.0057,2.8,900.0,252.0,120.0,78.0,201.0,C,EURO,0,90.0,900.0
P001112017-100-050,2.0,17.5,8.0,0.27,0.0003,50.0,0.0162,14.15,2000.0,558.0,120.0,85.6,203.0,C,EURO,0,40.0,2000.0
P001112017-150-010,17.5,8.0,2.0,0.28,0.0003,,,,1500.0,445.0,120.0,110.0,201.0,C,EURO,0,,1500.0
P001112017-150-050,2.0,17.5,8.0,0.27,0.0003,50.0,0.0162,15.0,2000.0,600.0,120.0,79.0,203.0,C,EURO,0,40.0,2000.0
P001112017-200-010,17.0,8.0,2.0,0.34,0.0003,,,,1200.0,433.0,120.0,110.0,201.0,C,K3,0,,1200.0
P001112017-200-050,2.0,17.5,8.0,0.28,0.0003,50.0,0.0162,16.5,1600.0,528.0,120.0,80.0,203.0,C,EURO,0,32.0,1600.0
P001112017-250-010,17.0,8.0,2.0,0.35,0.0003,,,,1200.0,445.0,120.0,50.0,201.0,C,EURO,0,,1200.0
P001112017-250-050,2.0,17.5,8.0,0.27,0.0003,50.0,0.0162,14.15,2000.0,558.0,120.0,165.6,203.0,C,EURO,0,40.0,2000.0
P001112017-300-010,17.0,8.0,2.0,0.36,0.0003,,,,1200.0,434.0,120.0,95.6,201.0,C,EURO,0,,1200.0
P001112017-300-050,2.0,17.5,8.0,0.28,0.0003,50.0,0.0162,16.15,2000.0,638.0,120.0,165.6,203.0,C,EURO,0,40.0,2000.0
P001112017-350-010,17.0,8.0,2.0,0.36,0.0003,,,,1200.0,457.0,120.0,110.0,201.0,C,K3,0,,1200.0
P001112017-350-050,11.0,8.0,2.0,0.4,0.0002,50.0,0.0156,19.5,1200.0,462.0,120.0,75.6,203.0,C,EURO,0,24.0,1200.0
P001112073-001-050,12.5,2.0,0.01,0.02,0.0,50.0,0.0041,2.8,10000.0,562.0,120.0,95.6,203.0,C,EURO,0,200.0,10000.0
P001112073-002-050,7.0,2.0,2.0,0.02,0.0,50.0,0.003,1.0,12000.0,240.0,120.0,88.0,203.0,C,EURO,0,240.0,12000.0
P001112679-001-001,18.0,11.0,2.0,0.32,0.0004,,,,1400.0,473.0,120.0,110.0,205.0,C,K3,0,,1400.0
P001119046-001-001,33.0,8.0,7.0,0.2,0.0018,,,,390.0,103.0,120.0,110.0,205.0,C,K3,0,,390.0
P001119046-003-001,33.0,8.0,7.0,0.34,0.0018,,,,390.0,157.6,120.0,110.0,205.0,C,K3,0,,390.0
P001141761-020-001,24.0,9.5,2.5,0.68,0.0006,24.0,0.0175,16.32,864.0,587.52,120.0,86.0,207.0,C,EURO,0,36.0,864.0
P001150170-001-001,29.0,20.0,8.0,0.79,0.0046,,,,160.0,126.4,120.0,80.0,201.0,C,EURO,1,,160.0
P001176405-010-512,13.5,2.4,0.8,0.04,0.0,,,,100.0,65.0,120.0,110.0,207.0,C,K3,0,,100.0
P001190317-104-025,26.0,9.0,2.0,0.5,0.0005,25.0,0.012,12.5,1200.0,600.0,120.0,84.0,207.0,C,EURO,0,48.0,1200.0
P001200276-001-001,33.0,8.0,7.0,0.49,0.0018,,,,390.0,193.1,120.0,95.6,205.0,C,EURO,0,,390.0
P001284456-351-001,26.5,11.0,2.5,0.55,0.0007,25.0,0.0303,13.75,750.0,413.0,120.0,93.5,207.0,C,EURO,0,30.0,750.0
P001284456-352-001,26.5,10.9,2.5,0.56,0.0007,,,,848.0,499.88,120.0,110.0,207.0,C,K3,0,,848.0
P001284456-381-001,27.5,11.0,2.7,0.55,0.0008,,,,840.0,462.0,120.0,81.0,207.0,C,EURO,0,,840.0
P001284456-382-001,26.0,11.0,2.7,0.55,0.0008,,,,840.0,462.0,120.0,81.0,207.0,C,EURO,0,,840.0
P001284456-441-001,26.5,11.0,2.5,0.65,0.0007,25.0,0.0301,17.5,750.0,525.0,120.0,90.5,207.0,C,EURO,0,30.0,750.0
P001284456-442-001,26.5,11.0,2.5,0.66,0.0007,,,,719.0,499.54,120.0,110.0,207.0,C,K3,0,,719.0
P001284456-461-001,26.5,11.0,2.5,0.71,0.0007,,,,896.0,636.16,120.0,80.0,207.0,C,K3,0,,896.0
P001284456-491-001,26.5,11.0,2.5,0.7,0.0007,,,,750.0,528.0,120.0,98.0,207.0,C,EURO,0,,750.0
P001284456-492-001,26.5,11.0,2.5,0.67,0.0007,,,,708.0,499.36,120.0,110.0,207.0,C,EURO,0,,708.0
P001284456-662-001,26.5,10.8,2.8,0.75,0.0008,,,,960.0,719.0,120.0,98.0,207.0,C,K3,0,,960.0
P001284456-691-001,26.5,11.0,2.5,0.69,0.0007,,,,688.0,499.72,120.0,110.0,207.0,C,K3,0,,688.0
P001284456-692-001,26.5,10.8,2.8,0.7,0.0008,,,,1028.0,719.6,120.0,103.6,207.0,C,K3,0,,1028.0
P001303149-112-001,174.0,11.0,3.0,2.0,0.0057,,,,208.0,441.0,220.0,80.0,201.0,C,XLONGPALLET,0,,208.0
P001303277-112-001,175.0,11.0,11.0,1.0,0.0212,,,,49.0,49.0,175.0,28.0,201.0,C,XLONGPALLET,0,,49.0
P001342554-012-001,19.0,2.5,2.5,0.4,0.0001,10.0,0.0049,6.15,770.0,475.55,120.0,85.6,203.0,C,EURO,0,77.0,770.0
P001415893-010-001,26.0,7.5,2.0,0.44,0.0004,,,,1000.0,465.0,120.0,110.0,207.0,C,K3,0,,1000.0
P001415893-020-001,26.0,7.5,2.0,0.43,0.0004,,,,1100.0,498.0,120.0,110.0,207.0,C,K3,0,,1100.0
P001417022-010-001,23.0,9.0,2.0,0.29,0.0004,,,,1500.0,437.0,120.0,95.6,207.0,C,EURO,0,,1500.0
P001417022-020-001,23.0,9.0,2.0,0.29,0.0004,25.0,0.0126,7.75,1500.0,465.0,120.0,84.0,207.0,C,EURO,0,60.0,1500.0
P001421481-001-001,17.0,17.0,10.0,0.36,0.0029,50.0,0.0193,18.0,1600.0,576.0,120.0,79.2,203.0,C,EURO,0,32.0,1600.0
P001424375-001-001,20.0,2.5,2.5,0.3,0.0001,30.0,0.0051,9.0,2400.0,720.0,120.0,54.0,207.0,C,EURO,0,80.0,2400.0
P001435260-001-001,6.0,2.0,1.5,0.02,0.0,,,,12800.0,281.0,120.0,110.0,205.0,C,K3,0,,12800.0
P001453418-005-001,10.0,7.1,2.2,0.25,0.0002,,,,1900.0,500.0,120.0,110.0,207.0,C,K3,0,,1900.0
P001453418-015-001,22.0,15.0,10.0,0.37,0.0033,32.0,0.0122,4.54,1536.0,217.92,120.0,92.0,207.0,C,EURO,0,48.0,1536.0
P001458753-002-001,23.0,3.0,0.5,0.16,0.0,,,,4500.0,720.0,120.0,17.5,205.0,C,K3,0,,4500.0
P001464384-302-031,18.0,15.0,6.0,1.0,0.0016,,,,720.0,720.0,120.0,48.0,203.0,C,EURO,0,,720.0
P001464384-302-131,18.5,15.5,6.0,0.46,0.0017,20.0,0.0388,9.2,360.0,165.6,120.0,93.0,203.0,C,EURO,0,18.0,360.0
P001464384-304-031,18.5,15.5,6.0,0.44,0.0017,20.0,0.0382,8.8,360.0,158.4,10.0,93.0,203.0,C,EURO,0,18.0,360.0
P001464384-304-131,18.5,15.5,6.0,0.46,0.0017,20.0,0.0388,9.2,360.0,165.6,120.0,93.0,203.0,C,EURO,0,18.0,360.0
P001464384-306-031,18.5,15.5,6.0,0.46,0.0017,20.0,0.0382,9.2,360.0,165.6,120.0,94.0,203.0,C,EURO,0,18.0,360.0
P001464384-306-131,18.5,15.5,6.0,0.46,0.0017,20.0,0.0388,9.2,360.0,165.6,120.0,93.0,203.0,C,EURO,0,18.0,360.0
P001464384-322-033,20.5,16.5,8.0,0.72,0.0027,10.0,0.0339,7.6,200.0,152.0,120.0,80.5,203.0,C,EURO,0,20.0,200.0
P001464384-322-034,26.4,16.0,7.5,0.8,0.0032,,,,200.0,160.0,120.0,75.0,203.0,C,EURO,0,,200.0
P001464384-322-133,20.5,16.5,8.0,0.72,0.0027,10.0,0.034,7.69,200.0,153.8,120.0,81.0,203.0,C,EURO,0,20.0,200.0
P001464384-322-134,27.0,16.0,7.8,0.84,0.0034,10.0,0.0384,8.4,160.0,134.4,120.0,81.9,203.0,C,EURO,0,16.0,160.0
P001464384-324-033,20.5,16.5,8.0,0.72,0.0027,10.0,0.0339,7.6,200.0,152.0,120.0,80.5,203.0,C,EURO,0,20.0,200.0
P001464384-324-034,26.4,16.0,7.5,0.8,0.0032,,,,200.0,160.0,120.0,75.0,203.0,C,EURO,0,,200.0
P001464384-324-133,20.5,16.5,8.0,0.72,0.0027,10.0,0.0339,7.6,200.0,152.0,120.0,81.0,203.0,C,EURO,0,20.0,200.0
P001464384-324-134,27.0,16.0,7.8,0.84,0.0034,10.0,0.0384,8.4,160.0,134.4,120.0,81.9,203.0,C,EURO,0,16.0,160.0
P001464384-326-033,20.5,16.5,8.0,0.72,0.0027,10.0,0.0339,7.6,200.0,152.0,120.0,80.5,203.0,C,EURO,0,20.0,200.0
P001464384-326-034,26.4,16.0,7.5,0.8,0.0032,,,,200.0,160.0,120.0,75.0,203.0,C,EURO,0,,200.0
P001464384-326-133,20.5,16.5,8.0,0.72,0.0027,10.0,0.0339,7.6,200.0,152.0,120.0,80.5,203.0,C,EURO,0,20.0,200.0
P001464384-326-134,27.0,16.0,7.8,0.84,0.0034,10.0,0.0384,8.4,160.0,134.4,120.0,81.9,203.0,C,EURO,0,16.0,160.0
P001464384-352-033,20.5,16.5,8.0,0.72,0.0027,10.0,0.0339,7.6,200.0,152.0,120.0,80.5,203.0,C,EURO,0,20.0,200.0
P001464384-352-034,26.0,16.0,8.0,1.0,0.0033,,,,180.0,205.0,120.0,80.0,203.0,C,EURO,0,,180.0
P001464384-354-033,20.5,16.5,8.0,0.72,0.0027,10.0,0.0339,7.6,200.0,152.0,120.0,80.5,203.0,C,EURO,0,20.0,200.0
P001464384-354-034,26.0,16.0,8.0,1.0,0.0033,,,,180.0,205.0,120.0,80.0,203.0,C,EURO,0,,180.0
P001464384-356-033,20.5,16.8,8.0,0.72,0.0028,10.0,0.0339,7.6,200.0,152.0,120.0,81.0,203.0,C,EURO,0,20.0,200.0
P001464384-356-034,26.0,16.0,8.0,1.0,0.0033,,,,180.0,205.0,120.0,80.0,203.0,C,EURO,0,,180.0
P001464384-362-033,20.5,16.5,8.0,0.72,0.0027,10.0,0.0339,7.6,200.0,152.0,120.0,80.5,203.0,C,EURO,0,20.0,200.0
P001464384-362-044,26.0,16.0,8.0,1.0,0.0033,,,,180.0,205.0,120.0,80.0,203.0,C,EURO,0,,180.0
P001464384-364-033,20.5,16.5,8.0,0.72,0.0027,10.0,0.0339,7.6,200.0,152.0,120.0,80.5,203.0,C,EURO,0,20.0,200.0
P001464384-364-044,26.0,16.0,8.0,1.0,0.0033,,,,180.0,205.0,120.0,80.0,203.0,C,EURO,0,,180.0
P001464384-366-033,20.5,16.5,8.0,0.72,0.0027,10.0,0.0339,7.6,200.0,152.0,120.0,81.0,203.0,C,EURO,0,20.0,200.0
P001464384-366-044,26.0,16.0,8.0,1.0,0.0033,,,,180.0,205.0,120.0,80.0,203.0,C,EURO,0,,180.0
P001464384-422-033,20.5,16.5,8.0,0.72,0.0027,10.0,0.0346,7.6,200.0,152.0,120.0,82.0,203.0,C,EURO,0,20.0,200.0
P001464384-422-044,26.4,16.0,7.5,0.8,0.0032,,,,200.0,160.0,120.0,75.0,203.0,C,EURO,0,,200.0
P001464384-422-133,20.5,16.5,8.0,0.7,0.0027,10.0,0.0339,7.6,200.0,152.0,120.0,81.0,203.0,C,EURO,0,20.0,200.0
P001464384-422-144,27.0,16.0,7.8,0.84,0.0034,10.0,0.0384,8.4,160.0,134.4,120.0,82.0,203.0,C,EURO,0,16.0,160.0
P001464384-424-033,20.5,16.5,8.0,0.7,0.0027,10.0,0.0339,7.6,200.0,152.0,120.0,81.0,203.0,C,EURO,0,20.0,200.0
P001464384-424-044,26.4,16.0,7.5,0.8,0.0032,,,,200.0,160.0,120.0,75.0,203.0,C,EURO,0,,200.0
P001464384-424-133,20.5,16.5,8.0,0.72,0.0027,10.0,0.0339,7.6,200.0,152.0,120.0,80.5,203.0,C,EURO,0,20.0,200.0
P001464384-424-144,20.5,16.5,8.0,0.72,0.0027,10.0,0.0384,8.6,160.0,137.6,120.0,82.0,203.0,C,EURO,0,16.0,160.0
P001464384-426-033,20.5,16.8,8.0,0.72,0.0028,10.0,0.0339,7.6,200.0,152.0,120.0,81.0,203.0,C,EURO,0,20.0,200.0
P001464384-426-044,26.4,16.0,7.5,0.8,0.0032,,,,200.0,160.0,120.0,75.0,203.0,C,EURO,0,,200.0
P001464384-426-133,20.0,16.0,8.0,0.7,0.0026,10.0,0.0339,7.6,200.0,152.0,120.0,81.0,203.0,C,EURO,0,20.0,200.0
P001464384-426-144,27.0,16.0,7.0,0.8,0.003,10.0,0.0384,8.4,160.0,135.0,120.0,82.0,203.0,C,EURO,0,16.0,160.0
P001469516-000-020,22.7,4.5,0.08,0.09,0.0,200.0,0.0354,19.05,2400.0,228.6,120.0,66.0,210.0,C,K3,0,12.0,2400.0
P001469516-000-030,22.7,4.5,0.08,0.09,0.0,200.0,0.0358,19.05,2400.0,228.6,120.0,66.0,210.0,C,K3,0,12.0,2400.0
P001469516-000-120,22.7,4.5,0.08,0.09,0.0,200.0,0.0358,19.05,2400.0,228.6,120.0,66.0,210.0,C,K3,0,12.0,2400.0
P001469516-000-130,12.0,0.6,0.5,0.02,0.0,,,,10000.0,225.0,120.0,80.0,210.0,C,EURO,0,,10000.0
P001469516-003-031,22.5,8.0,3.6,0.31,0.0006,20.0,0.0372,7.83,360.0,140.94,120.0,84.6,210.0,C,K3,0,18.0,360.0
P001469516-003-032,22.5,8.0,3.6,0.31,0.0006,20.0,0.037,7.83,360.0,140.94,120.0,84.6,210.0,C,K3,0,18.0,360.0
P001469516-003-131,22.5,8.0,3.6,0.31,0.0006,20.0,0.0372,7.83,360.0,140.94,120.0,84.6,210.0,C,K3,0,18.0,360.0
P001469516-003-132,22.5,5.0,4.7,0.31,0.0005,40.0,0.0371,13.74,720.0,247.32,120.0,84.0,210.0,C,K3,0,18.0,720.0
P001469516-005-021,17.2,5.5,4.5,0.25,0.0004,,,,720.0,202.856,120.0,64.5,210.0,C,K3,0,,720.0
P001469516-005-022,17.2,5.5,4.5,0.25,0.0004,40.0,0.0289,11.27,720.0,202.86,120.0,64.5,210.0,C,K3,0,18.0,720.0
P001469516-005-031,22.5,5.0,8.0,0.31,0.0009,40.0,0.0365,12.41,720.0,225.0,120.0,72.0,210.0,C,K3,0,18.0,720.0
P001469516-005-032,22.5,5.0,4.7,0.31,0.0005,40.0,0.0375,13.74,720.0,247.32,120.0,84.0,210.0,C,K3,0,18.0,720.0
P001469516-005-121,17.2,5.5,4.5,0.23,0.0004,40.0,0.0298,11.27,720.0,202.86,120.0,64.5,210.0,C,K3,0,18.0,720.0
P001469516-005-122,17.2,5.5,4.5,0.25,0.0004,40.0,0.0301,11.27,720.0,202.86,120.0,64.5,210.0,C,K3,0,18.0,720.0
P001469516-005-131,22.5,5.0,4.7,0.31,0.0005,40.0,0.0371,13.74,720.0,247.32,120.0,84.0,210.0,C,K3,0,18.0,720.0
P001469516-005-132,22.9,5.3,4.5,0.3,0.0005,,,,720.0,246.24,120.0,83.1,210.0,C,K3,0,,720.0
P001469516-008-021,17.2,5.5,4.5,0.25,0.0004,40.0,0.0289,11.27,720.0,202.86,120.0,64.5,210.0,C,K3,0,18.0,720.0
P001469516-008-022,17.2,5.5,4.5,0.25,0.0004,40.0,0.0289,11.27,720.0,202.86,120.0,64.5,210.0,C,K3,0,18.0,720.0
P001469516-008-121,17.2,5.5,4.5,0.25,0.0004,40.0,0.0301,11.27,720.0,202.86,120.0,64.5,210.0,C,K3,0,18.0,720.0
P001469516-008-122,17.2,8.0,5.0,0.25,0.0007,20.0,0.0343,6.43,360.0,115.74,120.0,73.5,210.0,C,K3,0,18.0,360.0
P001469516-020-020,22.0,4.5,0.08,0.09,0.0,200.0,0.0352,19.05,2400.0,228.6,120.0,66.0,210.0,C,K3,0,12.0,2400.0
P001469516-020-030,12.0,0.6,0.5,0.06,0.0,,,,10000.0,625.0,120.0,80.0,210.0,C,EURO,0,,10000.0
P001469516-020-120,22.7,4.5,0.08,0.09,0.0,200.0,0.0358,19.05,2400.0,228.6,120.0,66.0,210.0,C,K3,0,12.0,2400.0
P001469516-020-130,22.5,0.6,0.16,0.15,0.0,,,,4000.0,625.0,120.0,80.0,210.0,C,EURO,0,,4000.0
P001469516-021-031,22.5,5.0,4.7,0.31,0.0005,40.0,0.0381,13.74,720.0,247.32,120.0,84.0,210.0,C,K3,0,18.0,720.0
P001469516-021-032,22.5,5.0,4.7,0.31,0.0005,40.0,0.0381,13.74,720.0,250.0,120.0,84.0,210.0,C,K3,0,18.0,720.0
P001469516-021-131,23.0,5.3,4.5,0.3,0.0005,40.0,0.0377,13.698,720.0,246.24,120.0,83.1,210.0,C,K3,0,18.0,720.0
P001469516-021-132,22.8,5.3,4.5,0.3,0.0005,40.0,0.0381,13.68,720.0,246.24,120.0,83.1,210.0,C,K3,0,18.0,720.0
P001469516-023-021,17.2,5.0,8.0,0.25,0.0007,20.0,0.0329,6.43,360.0,115.74,120.0,73.5,210.0,C,K3,0,18.0,360.0
P001469516-023-031,22.5,8.0,3.6,0.31,0.0006,20.0,0.037,7.83,360.0,140.94,120.0,84.6,210.0,C,K3,0,18.0,360.0
P001469516-023-032,22.5,8.0,3.6,0.31,0.0006,20.0,0.0372,7.83,360.0,140.94,120.0,84.6,210.0,C,K3,0,18.0,360.0
P001469516-023-131,22.5,8.0,3.6,0.31,0.0006,,,,360.0,140.94,120.0,84.6,210.0,C,K3,0,,360.0
P001469516-023-132,17.2,8.0,5.0,0.25,0.0007,20.0,0.0343,6.43,360.0,115.74,120.0,73.5,210.0,C,K3,0,18.0,360.0
P001469516-025-021,17.2,8.0,5.0,0.25,0.0007,20.0,0.0329,6.43,360.0,115.74,120.0,73.5,210.0,C,K3,0,18.0,360.0
P001469516-025-022,17.2,5.5,4.5,0.225,0.0004,,,,720.0,202.86,120.0,64.5,210.0,C,K3,0,,720.0
P001469516-025-121,17.2,5.5,4.5,0.25,0.0004,40.0,0.0301,11.27,720.0,202.86,120.0,64.5,210.0,C,K3,0,18.0,720.0
P001469516-025-122,17.2,5.5,4.5,0.25,0.0004,,,,720.0,202.86,120.0,64.5,210.0,C,K3,0,,720.0
P001469516-028-022,17.2,5.5,4.5,0.25,0.0004,,,,720.0,202.86,120.0,64.5,210.0,C,K3,0,,720.0
P001469516-028-121,17.2,8.0,5.0,0.23,0.0007,20.0,0.0329,6.43,360.0,114.75,120.0,73.5,210.0,C,K3,0,18.0,360.0
P001469516-028-122,17.5,8.0,5.0,0.23,0.0007,20.0,0.034,6.43,360.0,115.74,120.0,73.5,210.0,C,K3,0,18.0,360.0
P001469516-030-001,18.0,10.0,6.0,0.16,0.0011,20.0,0.0091,3.2,1280.0,204.8,120.0,72.0,210.0,C,EURO,0,64.0,1280.0
P001469516-030-030,2.25,0.8,0.5,0.1,0.0,,,,6000.0,625.0,120.0,80.0,210.0,C,EURO,0,,6000.0
P001469516-030-101,10.0,0.5,0.5,0.02,0.0,,,,36000.0,745.0,120.0,90.0,210.0,C,EURO,0,,36000.0
P001469516-030-130,22.5,0.6,0.5,0.15,0.0,,,,4000.0,625.0,120.0,80.0,210.0,C,EURO,0,,4000.0
P001469516-031-001,18.0,10.0,6.0,0.16,0.0011,20.0,0.0091,3.2,1280.0,204.8,120.0,72.0,210.0,C,EURO,0,64.0,1280.0
P001469516-031-031,22.5,5.0,4.7,0.31,0.0005,40.0,0.0392,13.74,720.0,247.32,120.0,84.0,210.0,C,K3,0,18.0,720.0
P001469516-031-032,22.5,5.0,4.7,0.31,0.0005,40.0,0.0371,13.74,720.0,247.32,120.0,84.0,210.0,C,K3,0,18.0,720.0
P001469516-031-101,0.34,0.22,0.12,0.02,0.0,,,,36000.0,720.0,120.0,90.0,210.0,C,EURO,0,,36000.0
P001469516-031-131,22.5,5.0,4.7,0.32,0.0005,40.0,0.0371,13.74,720.0,247.32,120.0,84.0,210.0,C,K3,0,18.0,720.0
P001469516-031-132,22.9,5.3,4.5,0.3,0.0005,,,,720.0,246.246,120.0,83.1,210.0,C,K3,0,,720.0
P001469516-033-031,22.5,8.0,3.6,0.31,0.0006,20.0,0.0372,7.83,360.0,140.94,120.0,84.6,210.0,C,K3,0,18.0,360.0
P001469516-033-032,22.5,8.0,3.6,0.31,0.0006,20.0,0.0372,7.83,360.0,140.94,120.0,84.6,210.0,C,K3,0,18.0,360.0
P001469516-033-131,22.5,8.0,3.6,0.31,0.0006,20.0,0.0372,0.31,360.0,140.94,120.0,84.6,210.0,C,K3,0,18.0,360.0
P001469516-033-132,22.5,8.0,3.6,0.31,0.0006,20.0,0.0372,7.83,360.0,140.94,120.0,84.6,210.0,C,K3,0,18.0,360.0
P001469516-035-011,16.5,6.3,6.0,0.29,0.0006,40.0,0.0371,13.14,720.0,236.52,120.0,84.0,210.0,C,K3,0,18.0,720.0
P001469516-035-111,16.5,6.3,6.0,0.29,0.0006,40.0,0.0371,13.14,720.0,236.52,120.0,84.0,210.0,C,K3,0,18.0,720.0
P001469516-036-011,16.5,6.3,6.0,0.29,0.0006,40.0,0.0371,13.14,720.0,236.52,120.0,84.0,210.0,C,K3,0,18.0,720.0
P001469516-036-111,16.5,6.3,6.0,0.29,0.0006,40.0,0.0371,13.14,720.0,236.2,120.0,84.0,210.0,C,K3,0,18.0,720.0
P001469516-050-020,18.0,4.5,2.0,0.2,0.0002,50.0,0.0304,11.59,1200.0,278.16,120.0,88.0,210.0,C,K3,0,24.0,1200.0
P001469516-050-030,26.0,16.0,8.0,3.0,0.0033,,,,200.0,625.0,120.0,80.0,210.0,C,EURO,0,,200.0
P001469516-050-120,16.0,17.0,6.4,0.17,0.0017,,,,1200.0,278.16,120.0,88.0,210.0,C,K3,0,,1200.0
P001469516-050-130,26.0,16.0,8.0,3.0,0.0033,,,,200.0,625.0,120.0,80.0,210.0,C,EURO,0,,200.0
P001469516-060-020,18.0,4.5,2.0,0.2,0.0002,50.0,0.0304,11.59,1200.0,278.16,120.0,88.0,210.0,C,K3,0,24.0,1200.0
P001469516-060-030,26.0,16.0,8.0,3.0,0.0033,,,,200.0,625.0,120.0,80.0,210.0,C,EURO,0,,200.0
P001469516-060-120,18.0,4.5,2.0,0.2,0.0002,50.0,0.0304,11.59,1200.0,278.16,120.0,88.0,210.0,C,K3,0,24.0,1200.0
P001469516-060-130,26.0,16.0,8.0,3.0,0.0033,,,,200.0,625.0,120.0,80.0,210.0,C,EURO,0,,200.0
P001469516-080-030,2.25,0.32,0.16,0.15,0.0,,,,4000.0,625.0,120.0,80.0,210.0,C,EURO,0,,4000.0
P001469516-080-130,22.0,0.45,0.16,0.15,0.0,,,,4000.0,625.0,120.0,80.0,210.0,C,EURO,0,,4000.0
P001469516-081-031,22.5,5.0,4.7,0.31,0.0005,40.0,0.0371,13.74,720.0,247.32,120.0,84.0,210.0,C,K3,0,18.0,720.0
P001469516-081-032,22.5,5.0,4.7,0.31,0.0005,40.0,0.0371,13.74,720.0,247.32,120.0,84.0,210.0,C,K3,0,18.0,720.0
P001469516-081-131,22.5,5.0,4.7,0.31,0.0005,40.0,0.0375,13.74,720.0,247.32,120.0,84.0,210.0,C,K3,0,18.0,720.0
P001469516-081-132,22.5,5.0,4.7,0.31,0.0005,40.0,0.0392,13.74,720.0,247.32,120.0,84.0,210.0,C,K3,0,18.0,720.0
P001469516-083-031,22.5,8.0,3.6,0.31,0.0006,,,,360.0,140.94,120.0,84.6,210.0,C,K3,0,,360.0
P001469516-083-032,22.8,5.0,3.6,0.31,0.0004,,,,360.0,140.94,120.0,84.6,210.0,C,K3,0,,360.0
P001469516-083-131,22.5,8.0,3.6,0.31,0.0006,,,,360.0,140.94,120.0,84.6,210.0,C,K3,0,,360.0
P001469516-083-132,22.5,8.0,3.6,0.31,0.0006,,,,360.0,140.94,120.0,84.6,210.0,C,K3,0,,360.0
P001469516-090-020,22.7,4.5,0.08,0.09,0.0,200.0,0.0358,19.05,2400.0,228.6,120.0,66.0,210.0,C,K3,0,12.0,2400.0
P001469516-090-030,22.5,0.6,0.5,0.15,0.0,,,,4000.0,625.0,120.0,80.0,210.0,C,EURO,0,,4000.0
P001469516-090-120,22.7,4.5,0.08,0.09,0.0,200.0,0.0358,19.05,2400.0,228.6,120.0,66.0,210.0,C,K3,0,12.0,2400.0
P001469516-090-130,12.0,0.6,0.5,0.06,0.0,,,,10000.0,625.0,120.0,80.0,210.0,C,EURO,0,,10000.0
P001469516-091-031,22.9,5.3,4.5,0.3,0.0005,,,,720.0,246.24,120.0,83.1,210.0,C,K3,0,,720.0
P001469516-091-032,22.5,5.0,4.7,0.31,0.0005,40.0,0.0371,13.74,720.0,247.32,120.0,84.0,210.0,C,K3,0,18.0,720.0
P001469516-091-131,22.9,5.3,4.5,0.3,0.0005,40.0,0.0377,13.68,720.0,246.24,120.0,83.1,210.0,C,K3,0,18.0,720.0
P001469516-091-132,22.9,5.3,4.5,0.3,0.0005,40.0,0.0377,13.68,720.0,246.24,120.0,83.1,210.0,C,K3,0,18.0,720.0
P001469516-093-031,22.5,8.0,3.6,0.31,0.0006,20.0,0.0372,7.83,360.0,140.94,120.0,84.6,210.0,C,K3,0,18.0,360.0
P001469516-093-032,22.5,8.0,3.6,0.31,0.0006,20.0,0.0372,7.83,360.0,140.94,120.0,84.6,210.0,C,K3,0,18.0,360.0
P001469516-093-131,22.5,8.0,3.6,0.31,0.0006,20.0,0.0372,7.83,360.0,140.94,120.0,84.6,210.0,C,K3,0,18.0,360.0
P001469516-093-132,22.5,8.0,3.6,0.31,0.0006,20.0,0.0372,7.83,360.0,140.94,120.0,84.6,210.0,C,K3,0,18.0,360.0
P001469516-095-021,17.2,5.5,4.5,0.25,0.0004,40.0,0.0301,11.27,720.0,202.86,120.0,64.5,210.0,C,K3,0,18.0,720.0
P001469516-095-022,17.2,5.5,4.5,0.25,0.0004,,,,720.0,202.86,120.0,64.5,210.0,C,K3,0,,720.0
P001469516-095-121,17.2,5.5,4.5,0.25,0.0004,40.0,0.0289,11.27,720.0,202.86,120.0,64.5,210.0,C,K3,0,18.0,720.0
P001469516-095-122,17.2,5.5,4.5,0.25,0.0004,40.0,0.0289,11.27,720.0,202.86,120.0,64.5,210.0,C,K3,0,18.0,720.0
P001469516-098-021,17.2,8.0,5.0,0.25,0.0007,20.0,0.0332,6.43,360.0,115.74,120.0,73.5,210.0,C,K3,0,18.0,360.0
P001469516-098-022,17.2,8.0,5.0,0.23,0.0007,20.0,0.0329,6.43,360.0,115.74,120.0,73.5,210.0,C,K3,0,18.0,360.0
P001469516-098-121,17.2,5.0,8.0,0.25,0.0007,20.0,0.034,6.43,360.0,115.74,120.0,73.5,210.0,C,K3,0,18.0,360.0
P001469516-098-122,17.2,5.0,8.0,0.23,0.0007,20.0,0.0329,6.43,360.0,115.74,120.0,73.5,210.0,C,K3,0,18.0,360.0
P001469516-300-000,18.0,10.0,6.0,0.16,0.0011,20.0,0.0091,3.2,1280.0,204.8,120.0,72.0,210.0,C,EURO,0,64.0,1280.0
P001469516-300-100,18.0,10.0,6.0,0.16,0.0011,20.0,0.0091,3.2,1280.0,204.8,120.0,72.0,210.0,C,EURO,0,64.0,1280.0
P001469516-302-001,18.0,10.0,6.0,0.16,0.0011,20.0,0.0091,3.2,1280.0,204.8,120.0,72.0,210.0,C,EURO,0,64.0,1280.0
P001469516-302-002,18.0,10.0,6.0,0.16,0.0011,20.0,0.0091,3.2,1280.0,204.8,120.0,72.0,210.0,C,EURO,0,64.0,1280.0
P001469516-302-021,16.0,18.0,6.4,0.17,0.0018,20.0,0.031,5.0,320.0,80.0,120.0,88.0,210.0,C,K3,0,16.0,320.0
P001469516-302-022,16.0,18.0,6.4,0.17,0.0018,20.0,0.031,5.0,320.0,80.0,120.0,88.0,210.0,C,K3,0,16.0,320.0
P001469516-302-031,26.0,16.0,8.0,3.0,0.0033,,,,200.0,625.0,120.0,80.0,210.0,C,EURO,0,,200.0
P001469516-302-032,26.0,16.0,8.0,3.0,0.0033,,,,200.0,625.0,120.0,80.0,210.0,C,EURO,0,,200.0
P001469516-302-101,20.0,10.0,6.0,2.0,0.0012,,,,288.0,601.0,120.0,80.0,210.0,C,EURO,0,,288.0
P001469516-302-102,17.0,11.0,3.0,0.5,0.0006,,,,1176.0,613.0,120.0,80.0,210.0,C,EURO,0,,1176.0
P001469516-302-121,18.0,16.0,6.4,0.17,0.0018,20.0,0.031,5.0,320.0,80.0,120.0,88.0,210.0,C,K3,0,16.0,320.0
P001469516-302-122,18.0,16.0,6.4,0.17,0.0018,20.0,0.031,5.0,320.0,80.0,120.0,88.0,210.0,C,K3,0,16.0,320.0
P001469516-302-131,26.0,16.0,8.0,3.0,0.0033,,,,200.0,625.0,120.0,80.0,210.0,C,EURO,0,,200.0
P001469516-302-132,0.52,0.32,0.16,0.06,0.0,,,,10000.0,625.0,120.0,80.0,210.0,C,EURO,0,,10000.0
P001469516-304-001,18.0,10.0,6.0,0.16,0.0011,20.0,0.0091,3.2,1280.0,204.8,120.0,72.0,210.0,C,EURO,0,64.0,1280.0
P001469516-304-002,18.0,10.0,6.0,0.16,0.0011,,,,288.0,46.08,120.0,78.0,210.0,C,EURO,0,,288.0
P001469516-304-021,16.0,18.0,6.4,0.17,0.0018,20.0,0.031,5.0,320.0,80.0,120.0,88.0,210.0,C,K3,0,16.0,320.0
P001469516-304-022,16.0,18.0,6.4,0.17,0.0018,20.0,0.031,5.0,320.0,80.0,120.0,88.0,210.0,C,K3,0,16.0,320.0
P001469516-304-031,0.54,0.32,0.16,0.02,0.0,,,,10000.0,225.0,120.0,80.0,210.0,C,EURO,0,,10000.0
P001469516-304-032,0.52,0.32,0.16,0.02,0.0,,,,10000.0,225.0,120.0,80.0,210.0,C,EURO,0,,10000.0
P001469516-304-101,18.0,10.0,6.0,0.16,0.0011,,,,288.0,46.03,120.0,78.0,210.0,C,EURO,0,,288.0
P001469516-304-102,0.34,0.22,0.06,0.01,0.0,,,,58800.0,613.0,120.0,80.0,210.0,C,EURO,0,,58800.0
P001469516-304-121,18.0,16.0,6.4,0.17,0.0018,20.0,0.031,5.0,320.0,80.0,120.0,88.0,210.0,C,K3,0,16.0,320.0
P001469516-304-122,16.0,18.0,6.4,0.17,0.0018,20.0,0.031,5.0,320.0,80.0,120.0,88.0,210.0,C,K3,0,16.0,320.0
P001469516-304-131,0.54,0.32,0.16,0.02,0.0,,,,10000.0,225.0,120.0,80.0,210.0,C,EURO,0,,10000.0
P001469516-304-132,27.0,16.0,8.0,1.0,0.0035,,,,200.0,225.0,120.0,80.0,210.0,C,EURO,0,,200.0
P001469516-306-001,16.0,10.0,6.0,0.16,0.001,20.0,0.0091,3.2,1280.0,204.8,120.0,72.0,210.0,C,EURO,0,64.0,1280.0
P001469516-306-002,18.0,10.0,6.0,0.16,0.0011,20.0,0.0091,3.2,1280.0,204.8,120.0,72.0,210.0,C,EURO,0,64.0,1280.0
P001469516-306-021,18.0,16.0,6.4,0.17,0.0018,20.0,0.031,5.0,320.0,80.0,120.0,88.0,210.0,C,K3,0,16.0,320.0
P001469516-306-022,16.0,18.0,6.4,0.17,0.0018,20.0,0.031,5.0,320.0,80.0,120.0,88.0,210.0,C,K3,0,16.0,320.0
P001469516-306-031,27.0,16.0,8.0,1.0,0.0035,,,,200.0,225.0,120.0,80.0,210.0,C,EURO,0,,200.0
P001469516-306-032,27.0,16.0,8.0,1.0,0.0035,,,,200.0,225.0,120.0,80.0,210.0,C,EURO,0,,200.0
P001469516-306-101,17.0,10.0,4.0,1.0,0.0007,,,,560.0,585.0,120.0,80.0,210.0,C,EURO,0,,560.0
P001469516-306-102,18.0,10.0,6.0,0.16,0.0011,20.0,0.0091,3.2,1280.0,204.8,120.0,72.0,210.0,C,EURO,0,64.0,1280.0
P001469516-306-121,18.0,16.0,6.4,0.17,0.0018,20.0,0.031,5.0,320.0,80.0,120.0,88.0,210.0,C,K3,0,16.0,320.0
P001469516-306-122,16.0,18.0,6.4,0.17,0.0018,20.0,0.031,5.0,320.0,80.0,120.0,88.0,210.0,C,K3,0,16.0,320.0
P001469516-306-131,27.0,16.0,8.0,1.0,0.0035,,,,200.0,225.0,120.0,80.0,210.0,C,EURO,0,,200.0
P001469516-306-132,27.0,16.0,8.0,1.0,0.0035,,,,200.0,225.0,120.0,80.0,210.0,C,EURO,0,,200.0
P001469516-307-011,15.5,9.2,2.0,0.18,0.0003,40.0,0.0306,8.42,720.0,151.56,120.0,65.4,210.0,C,K3,0,18.0,720.0
P001469516-307-012,15.5,92.0,2.0,0.18,0.0029,40.0,0.0306,8.42,720.0,151.56,120.0,65.4,210.0,C,K3,0,18.0,720.0
P001469516-307-111,15.5,9.2,2.0,0.18,0.0003,40.0,0.0306,8.42,720.0,151.56,120.0,65.4,210.0,C,K3,0,18.0,720.0
P001469516-307-112,15.5,9.2,2.0,0.18,0.0003,40.0,0.0306,8.42,720.0,151.56,120.0,65.4,210.0,C,K3,0,18.0,720.0
P001469516-309-001,18.0,10.0,6.0,0.16,0.0011,20.0,0.0091,3.2,1280.0,240.8,120.0,72.0,210.0,C,EURO,0,64.0,1280.0
P001469516-309-002,18.0,10.0,6.0,0.16,0.0011,20.0,0.0091,3.2,1280.0,204.8,120.0,72.0,210.0,C,EURO,0,64.0,1280.0
P001469516-309-021,16.0,18.0,6.4,0.17,0.0018,20.0,0.031,5.0,320.0,80.0,120.0,88.0,210.0,C,K3,0,16.0,320.0
P001469516-309-022,16.0,18.0,6.4,0.17,0.0018,20.0,0.031,5.0,320.0,80.0,120.0,88.0,210.0,C,K3,0,16.0,320.0
P001469516-309-031,27.0,16.0,8.0,1.0,0.0035,,,,200.0,225.0,120.0,80.0,210.0,C,EURO,0,,200.0
P001469516-309-032,27.0,16.0,8.0,1.0,0.0035,,,,200.0,225.0,120.0,80.0,210.0,C,EURO,0,,200.0
P001469516-309-101,18.0,10.0,6.0,0.16,0.0011,20.0,0.0091,3.2,1280.0,204.8,120.0,72.0,210.0,C,EURO,0,64.0,1280.0
P001469516-309-102,18.0,10.0,6.0,0.16,0.0011,20.0,0.0091,3.2,1280.0,204.8,120.0,72.0,210.0,C,EURO,0,64.0,1280.0
P001469516-309-121,16.0,18.0,6.4,0.17,0.0018,20.0,0.031,5.0,320.0,5.0,120.0,88.0,210.0,C,K3,0,16.0,320.0
P001469516-309-122,16.0,18.0,6.4,0.17,0.0018,20.0,0.031,5.0,320.0,80.0,120.0,88.0,210.0,C,K3,0,16.0,320.0
P001469516-309-131,27.0,16.0,8.0,1.0,0.0035,,,,200.0,225.0,120.0,80.0,210.0,C,EURO,0,,200.0
P001469516-309-132,27.0,16.0,8.0,1.0,0.0035,,,,200.0,225.0,120.0,80.0,210.0,C,EURO,0,,200.0
P001469516-402-001,18.0,10.0,6.0,0.16,0.0011,,,,624.0,99.8,120.0,78.0,210.0,C,EURO,0,,624.0
P001469516-402-002,18.0,10.0,6.0,0.16,0.0011,20.0,0.0091,3.2,1280.0,204.8,120.0,72.0,210.0,C,EURO,0,64.0,1280.0
P001469516-402-021,16.0,18.0,6.4,0.17,0.0018,20.0,0.031,5.0,320.0,80.0,120.0,88.0,210.0,C,K3,0,16.0,320.0
P001469516-402-022,16.0,18.0,6.4,0.17,0.0018,20.0,0.031,5.0,320.0,80.0,120.0,88.0,210.0,C,K3,0,16.0,320.0
P001469516-402-031,27.0,16.0,8.0,1.0,0.0035,,,,200.0,225.0,120.0,80.0,210.0,C,EURO,0,,200.0
P001469516-402-032,27.0,16.0,8.0,1.0,0.0035,,,,200.0,225.0,120.0,80.0,210.0,C,EURO,0,,200.0
P001469516-402-101,1.5,0.8,0.5,0.05,0.0,,,,11200.0,585.0,120.0,80.0,210.0,C,EURO,0,,11200.0
P001469516-402-102,17.0,11.0,3.0,0.5,0.0006,,,,1176.0,613.0,120.0,80.0,210.0,C,EURO,0,,1176.0
P001469516-402-121,18.0,16.0,6.4,0.17,0.0018,20.0,0.031,5.0,320.0,80.0,120.0,88.0,210.0,C,K3,0,16.0,320.0
P001469516-402-122,16.0,18.0,6.4,0.17,0.0018,20.0,0.031,5.0,320.0,80.0,120.0,88.0,210.0,C,K3,0,16.0,320.0
P001469516-402-131,27.0,16.0,8.0,1.0,0.0035,,,,200.0,225.0,120.0,80.0,210.0,C,EURO,0,,200.0
P001469516-402-132,27.0,16.0,8.0,1.0,0.0035,,,,200.0,225.0,120.0,80.0,210.0,C,EURO,0,,200.0
P001469516-404-001,18.0,10.0,6.0,0.16,0.0011,20.0,0.0091,3.2,1280.0,204.8,120.0,72.0,210.0,C,EURO,0,64.0,1280.0
P001469516-404-002,15.0,6.0,10.0,0.16,0.0009,20.0,0.0091,3.2,1280.0,204.8,120.0,72.0,210.0,C,EURO,0,64.0,1280.0
P001469516-404-021,16.0,18.0,6.4,0.17,0.0018,20.0,0.031,5.0,320.0,80.0,120.0,88.0,210.0,C,K3,0,16.0,320.0
P001469516-404-022,16.0,18.0,6.4,0.17,0.0018,20.0,0.031,5.0,320.0,80.0,120.0,88.0,210.0,C,K3,0,16.0,320.0
P001469516-404-031,27.0,16.0,8.0,1.0,0.0035,,,,200.0,225.0,120.0,80.0,210.0,C,EURO,0,,200.0
P001469516-404-032,27.0,16.0,8.0,1.0,0.0035,,,,200.0,225.0,120.0,80.0,210.0,C,EURO,0,,200.0
P001469516-404-101,17.0,11.0,3.0,0.5,0.0006,,,,1176.0,613.0,120.0,80.0,210.0,C,EURO,0,,1176.0
P001469516-404-102,15.0,0.8,0.5,0.1,0.0,,,,6000.0,625.0,120.0,80.0,210.0,C,EURO,0,,6000.0
P001469516-404-121,18.0,16.0,6.4,0.17,0.0018,20.0,0.031,5.0,320.0,80.0,120.0,88.0,210.0,C,K3,0,16.0,320.0
P001469516-404-122,16.0,18.0,6.4,0.17,0.0018,20.0,0.031,5.0,320.0,80.0,120.0,88.0,210.0,C,K3,0,16.0,320.0
P001469516-404-131,27.0,16.0,8.0,1.0,0.0035,,,,200.0,225.0,120.0,80.0,210.0,C,EURO,0,,200.0
P001469516-404-132,27.0,16.0,8.0,1.0,0.0035,,,,200.0,225.0,120.0,80.0,210.0,C,EURO,0,,200.0
P001469516-406-001,16.0,10.0,6.0,0.16,0.001,20.0,0.0091,3.2,1280.0,204.8,120.0,72.0,210.0,C,EURO,0,64.0,1280.0
P001469516-406-002,18.0,10.0,6.0,0.16,0.0011,,,,288.0,46.08,120.0,78.0,210.0,C,EURO,0,,288.0
P001469516-406-021,16.0,18.0,6.4,0.22,0.0018,20.0,0.031,5.0,320.0,80.0,120.0,88.0,210.0,C,K3,0,16.0,320.0
P001469516-406-022,16.0,18.0,6.4,0.117,0.0018,20.0,0.031,5.0,320.0,80.0,120.0,88.0,210.0,C,K3,0,16.0,320.0
P001469516-406-031,27.0,16.0,8.0,1.0,0.0035,,,,200.0,225.0,120.0,80.0,210.0,C,EURO,0,,200.0
P001469516-406-032,27.0,16.0,8.0,1.0,0.0035,,,,200.0,225.0,120.0,80.0,210.0,C,EURO,0,,200.0
P001469516-406-101,1.6,0.8,0.5,0.1,0.0,,,,6000.0,625.0,120.0,80.0,210.0,C,EURO,0,,6000.0
P001469516-406-102,18.0,10.0,6.0,0.16,0.0011,,,,624.0,99.84,120.0,78.0,210.0,C,EURO,0,,624.0
P001469516-406-121,18.0,16.0,6.4,0.17,0.0018,20.0,0.031,5.0,320.0,80.0,120.0,88.0,210.0,C,K3,0,16.0,320.0
P001469516-406-122,16.0,18.0,6.0,0.17,0.0017,20.0,0.031,5.0,320.0,80.0,120.0,88.0,210.0,C,K3,0,16.0,320.0
P001469516-406-131,27.0,16.0,8.0,1.0,0.0035,,,,200.0,225.0,120.0,80.0,210.0,C,EURO,0,,200.0
P001469516-406-132,27.0,16.0,8.0,1.0,0.0035,,,,200.0,225.0,120.0,80.0,210.0,C,EURO,0,,200.0
P001469516-409-001,16.0,8.0,10.0,0.16,0.0013,20.0,0.0026,3.2,1280.0,204.8,120.0,72.0,210.0,C,EURO,0,64.0,1280.0
P001469516-409-002,18.0,10.0,6.0,0.16,0.0011,20.0,0.0091,3.2,1280.0,204.8,120.0,72.0,210.0,C,EURO,0,64.0,1280.0
P001469516-409-021,18.0,16.0,6.4,0.17,0.0018,20.0,0.031,5.0,320.0,80.0,120.0,88.0,210.0,C,K3,0,16.0,320.0
P001469516-409-022,16.0,18.0,6.4,0.17,0.0018,20.0,0.031,5.0,320.0,80.0,120.0,88.0,210.0,C,K3,0,16.0,320.0
P001469516-409-031,26.0,16.0,7.0,1.0,0.0029,,,,220.0,245.0,120.0,80.0,210.0,C,EURO,0,,220.0
P001469516-409-032,26.0,16.0,7.0,1.0,0.0029,,,,220.0,245.0,120.0,80.0,210.0,C,EURO,0,,220.0
P001469516-409-101,17.0,11.0,3.0,0.5,0.0006,,,,1176.0,613.0,120.0,80.0,210.0,C,EURO,0,,1176.0
P001469516-409-102,17.0,11.0,3.0,0.5,0.0006,,,,1176.0,613.0,120.0,80.0,210.0,C,EURO,0,,1176.0
P001469516-409-121,18.0,16.0,6.4,0.17,0.0018,20.0,0.031,5.0,320.0,80.0,120.0,88.0,210.0,C,K3,0,16.0,320.0
P001469516-409-122,18.0,16.0,6.4,0.17,0.0018,20.0,0.031,5.0,320.0,80.0,120.0,88.0,210.0,C,K3,0,16.0,320.0
P001469516-409-131,26.0,16.0,7.0,1.0,0.0029,,,,200.0,225.0,120.0,80.0,210.0,C,EURO,0,,200.0
P001469516-409-132,26.0,16.0,7.0,1.0,0.0029,,,,220.0,220.0,120.0,77.0,210.0,C,EURO,0,,220.0
P001469516-800-010,14.0,2.0,0.5,0.06,0.0,,,,12000.0,745.0,120.0,40.0,210.0,C,EURO,0,,12000.0
P001469516-800-011,10.0,0.6,0.5,0.06,0.0,,,,9000.0,564.0,120.0,80.0,210.0,C,EURO,0,,9000.0
P001469516-800-012,10.0,2.0,0.5,0.06,0.0,,,,9000.0,565.0,120.0,80.0,210.0,C,EURO,0,,9000.0
P001469516-800-013,10.0,2.0,0.6,0.06,0.0,,,,12000.0,745.0,120.0,60.0,210.0,C,EURO,0,,12000.0
P001469516-800-020,7.5,7.5,6.0,2.0,0.0003,,,,360.0,720.0,120.0,14.0,210.0,C,K3,0,,360.0
P001469516-800-021,7.5,7.5,6.0,2.0,0.0003,,,,360.0,720.0,120.0,14.0,210.0,C,EURO,0,,360.0
P001469516-800-030,6.0,2.0,0.5,0.06,0.0,,,,12000.0,745.0,120.0,48.0,210.0,C,EURO,0,,12000.0
P001486296-001-005,8.5,4.2,2.7,0.24,0.0001,40.0,0.0073,10.23,4000.0,409.2,120.0,73.5,203.0,C,EURO,0,100.0,4000.0
P001486851-001-001,27.5,3.5,1.0,0.65,0.0001,,,,848.0,500.0,120.0,90.0,205.0,C,K3,0,,848.0
P001501268-239-001,14.0,13.0,2.5,0.17,0.0005,5.0,0.0034,0.94,1000.0,188.0,120.0,75.0,201.0,C,EURO,0,200.0,1000.0
P001501268-260-001,13.0,14.0,2.0,0.22,0.0004,5.0,0.0027,1.2,1125.0,270.0,120.0,75.0,201.0,C,EURO,0,225.0,1125.0
P001501268-260-002,14.0,14.0,3.0,0.72,0.0006,5.0,0.0034,3.6,1000.0,720.0,120.0,75.0,201.0,C,EURO,0,200.0,1000.0
P001501268-260-003,29.0,13.0,3.0,0.64,0.0011,5.0,0.007,3.2,375.0,240.0,120.0,75.0,201.0,C,EURO,0,75.0,375.0
P001501268-260-004,29.0,13.0,3.0,0.84,0.0011,5.0,0.0057,4.36,600.0,523.2,120.0,75.0,201.0,C,EURO,0,120.0,600.0
P001505704-001-002,8.5,4.2,2.7,0.24,0.0001,40.0,0.0073,10.23,4000.0,409.2,120.0,73.5,203.0,C,EURO,0,100.0,4000.0
P001505704-001-003,8.5,4.2,2.7,0.24,0.0001,40.0,0.0073,10.23,4000.0,409.2,120.0,73.5,203.0,C,EURO,0,100.0,4000.0
P001505704-001-004,8.5,4.2,2.7,0.24,0.0001,40.0,0.0073,10.23,4000.0,409.2,120.0,73.5,203.0,C,EURO,0,100.0,4000.0
P001505704-001-005,8.5,4.2,2.7,0.24,0.0001,40.0,0.0073,10.23,4000.0,409.2,120.0,73.5,203.0,C,EURO,0,100.0,4000.0
P001505704-001-006,8.5,2.7,4.5,0.24,0.0001,40.0,0.0073,10.23,4000.0,409.2,120.0,73.5,203.0,C,EURO,0,100.0,4000.0
P001505704-004-004,8.5,4.2,2.7,0.24,0.0001,40.0,0.0073,10.23,4000.0,410.0,120.0,74.0,203.0,C,EURO,0,100.0,4000.0
P001505704-006-002,8.5,4.2,2.7,0.24,0.0001,40.0,0.0073,10.23,4000.0,409.2,120.0,75.0,203.0,C,EURO,0,100.0,4000.0
P001505704-006-004,8.5,4.2,2.7,0.24,0.0001,40.0,0.0073,10.23,4000.0,410.0,120.0,75.0,203.0,C,EURO,0,100.0,4000.0
P001505704-007-004,8.2,4.5,2.78,0.23,0.0001,40.0,0.0073,10.23,4000.0,409.2,120.0,73.5,203.0,C,EURO,0,100.0,4000.0
P001505704-008-004,8.5,4.0,2.7,0.24,0.0001,40.0,0.0073,10.23,4000.0,409.2,120.0,73.5,203.0,C,EURO,0,100.0,4000.0
P001505704-009-002,8.2,4.2,2.7,0.24,0.0001,40.0,0.0072,10.23,4000.0,410.0,120.0,73.5,203.0,C,EURO,0,100.0,4000.0
P001505704-010-002,8.5,4.2,2.1,0.23,0.0001,40.0,0.0073,10.23,4000.0,409.2,120.0,73.5,203.0,C,EURO,0,100.0,4000.0
P001505704-013-002,8.5,4.2,2.7,0.24,0.0001,40.0,0.0073,10.23,4000.0,409.2,120.0,74.0,203.0,C,EURO,0,100.0,4000.0
P001529440-103-001,17.0,8.0,2.0,0.33,0.0003,17.0,0.0083,5.61,1224.0,403.92,120.0,75.0,201.0,C,EURO,0,72.0,1224.0
P001529440-152-001,17.0,8.0,2.0,0.33,0.0003,17.0,0.0083,5.61,1224.0,403.92,120.0,75.0,201.0,C,EURO,0,72.0,1224.0
P001529440-203-001,17.0,8.0,4.0,0.42,0.0005,17.0,0.0083,7.14,1224.0,515.0,120.0,75.0,201.0,C,EURO,0,72.0,1224.0
P001529440-251-001,17.0,8.0,4.0,0.42,0.0005,17.0,0.0083,7.14,1224.0,515.0,120.0,75.0,201.0,C,EURO,0,72.0,1224.0
P001529440-303-001,18.0,8.0,4.0,0.42,0.0006,17.0,0.0083,7.14,1224.0,515.0,120.0,75.0,201.0,C,EURO,0,72.0,1224.0
P001529440-351-001,17.0,8.0,4.0,0.42,0.0005,17.0,0.0083,7.14,1224.0,515.0,120.0,75.0,201.0,C,EURO,0,72.0,1224.0
P001552590-001-010,26.0,7.0,7.0,3.0,0.0013,,,,240.0,720.0,120.0,42.0,207.0,C,EURO,0,,240.0
P001552590-001-020,26.0,7.0,7.0,3.0,0.0013,,,,240.0,720.0,120.0,42.0,207.0,C,EURO,0,,240.0
